tree
version=v4
num_class=1
num_tree_per_iteration=1
label_index=0
max_feature_idx=91
objective=regression
feature_names=n_prev mean_all mean_3 mean_5 mean_10 mean_20 ewm_5 sd_10 max_10 p50plus_10 plow_10 batting_10 bowling_10 fielding_10 season_n season_mean seasons_played days_rest bat_pos_last bat_pos_5 batted_rate_10 bowled_rate_10 sr_10 avg_10 bpi_10 bdry_pct_10 six_rate_10 sr_car avg_car bpi_car bdry_pct_car six_rate_car econ_10 wpm_10 bsr_10 dot_pct_10 overs_pm_10 econ_car wpm_car bsr_car dot_pct_car overs_pm_car bat_pp_share_10 bat_mid_share_10 bat_death_share_10 bowl_pp_share_10 bowl_death_share_10 field_dis_10 sr_v_spin sr_v_pace econ_v_L econ_v_R opp_spin_share opp_left_share opp_attack opp_batting exp_sr_matchup exp_econ_matchup team_bat_depth_excl rank_in_team team_scored_10 team_conceded_10 opp_scored_10 opp_conceded_10 home_share team_rest venue_n venue_mean_shrunk venue_lift opp_n opp_mean_shrunk opp_lift venue_par_20 venue_matches venue_par_rel league_par_60 bats_first won_toss temp humidity dew_point dew_spread wind rain night role_code left_hand bowl_grp_code impact_era year match_number playoff
feature_infos=[0:280] [-2:228] [-2:228] [-2:228] [-2:228] [-2:228] [-2:228] [0:100.06997551713501] [-2:306] [0:1] [0:1] [-2:194] [0:186] [0:36] [0:18] [-4:228] [0:19] [1:400] [1:11] [1:11] [0:1] [0:1] [0:600] [0:249] [0:73] [0:100] [0:100] [0:600] [0:163] [0:73] [0:100] [0:100] [0:36] [0:6] [2:186] [0:100] [0.16666666666666666:4] [1.5:36] [0:6] [2:156] [0:83.333333333333343] [0.16666666666666666:4] [0:1] [0:1] [0:1] [0:1] [0:1] [0:4] [0:600] [0:600] [1.5:36] [1.5:36] [0:0.75855130784708247] [0:0.95604395604395609] [0:396.30000000000001] [0:368.5] [0:600] [1.5:36] [0:368.5] [1:13] [201:750.70000000000005] [201:719.10000000000002] [201:750.70000000000005] [201:719.10000000000002] [0:1] [1:125] [0:94] [-2:228] [-23.431731984829327:40.761627906976749] [0:43] [-2:228] [-25.20814479638009:35.487179487179489] [110:240] [0:131] [-60:62.666666666666657] [150.01666666666668:231] [0:1] [0:1] [12:42.899999999999999] [7:98] [-5.4000000000000004:28.699999999999999] [0.39999999999999858:42.299999999999997] [0.40000000000000002:29.899999999999999] [0:11] [0:1] [0:3] [0:1] [0:2] [0:1] [2008:2026] [0:72] [0:1]
tree_sizes=3287 3377 3394 3379 3358 3398 3395 3377 3377 3381 3403 3381 3360 3383 3386 3401 3383 3378 3363 3394 3384 3384 3397 3386 3369 3386 3381 3406 3383 3393 3369 3381 3382 3408 3394 3394 3378 3398 3390 3404 3371 3398 3387 3374 3394 3406 3401 3407 3412 3397 3402 3403 3402 3401 3403 3405 3386 3403 3385 3390 3392 3410 3390 3385 3364

Tree=0
num_leaves=31
num_cat=0
split_feature=5 11 89 1 11 89 62 23 6 1 19 64 67 74 45 46 50 10 72 36 6 15 64 32 62 40 75 74 18 1
split_gain=333424 146880 75615.1 45370.4 41632.9 36892.9 33168.9 28053.6 24018.6 22896.1 22277.5 23569 15816.3 14696 13646.6 13104.6 12573.3 11445 11321.2 9636.37 8555.56 8550.61 8319.93 11104.4 12632 7999.84 10852.6 9198.56 7955.87 7163.11
threshold=44.975000000000009 57.45000000000001 2024.5000000000002 29.622685185185187 3.0500000000000003 2024.5000000000002 627.90000000000009 22.845238095238098 30.528099474171743 39.439512195121956 3.2250000000000005 0.023904761904761908 59.895639465521363 -2.3944444444444311 0.054422048539695601 0.23923050498110618 7.8380803211047994 0.13392857142857145 190.27500000000003 3.3027777777777785 36.110540994130886 41.968750000000007 0.19803921568627456 7.3735915159549297 475.75000000000006 36.095465620352506 181.25000000000003 -4.7416666666666734 2.5000000000000004 45.246211251435135
decision_type=10 10 2 8 10 2 10 8 10 10 8 2 2 10 10 10 2 8 10 10 10 10 2 10 10 10 10 8 8 10
left_child=2 4 8 -4 15 22 12 9 19 21 13 -12 -3 -7 -13 -2 -17 -9 20 -1 -19 -5 -6 24 -24 27 -27 -18 29 -10
right_child=1 6 3 7 5 10 -8 17 28 -11 11 14 -14 -15 -16 16 25 18 -20 -21 -22 -23 23 -25 -26 26 -28 -29 -30 -31
leaf_value=44.172949654204118 44.386368649008901 45.521605062907717 44.262538617003671 44.608776503781279 44.675487850341973 45.450031159469468 45.892233516930141 44.816180278710497 44.504712587874813 45.223297730250344 45.296592374675697 44.624048708343942 44.948504671061528 44.993543738299834 44.985918895446481 44.354830144367547 44.404065598535922 44.790585113425138 44.277035931425047 44.409420970910297 44.413701223962093 44.951466044236959 44.875916168046672 44.599318270898401 45.49191434196905 44.561158788116835 45.149082902090612 44.90016863052351 44.38217950090214 44.977076450780658
leaf_weight=790.72434090264142 214.86886437609792 87.916724234819412 237.27555936574936 159.79996556043625 603.48278143256903 144.67084336280823 119.25511187314987 128.25824439525604 181.65791679732502 138.6078485250473 105.859827876091 203.54485368728638 88.244236836209893 117.76533561944962 173.08344233036041 78.672533908858895 75.036422468721867 120.46454387903214 139.59053355455399 196.07256110012531 96.908640265464783 110.08344233036041 133.60399693623185 85.377138579264283 38.267309579998255 41.943864736706018 84.653180360794067 59.325782667845488 1301.9915633108467 33.32725115865469
leaf_count=4599 511 142 261 186 3195 162 124 146 1158 158 117 225 188 132 190 425 120 138 153 1056 113 127 754 514 90 212 95 109 6573 177
internal_value=44.6093 44.8793 44.4268 44.6304 44.7932 44.8706 45.5056 44.7284 44.3349 44.9112 45.0251 44.9031 45.2381 45.2474 44.7909 44.5692 44.6852 44.5741 44.4868 44.2197 44.6224 44.7493 44.7366 44.8791 45.0174 44.7853 44.9554 44.6237 44.4101 44.5793
internal_weight=6090.33 2455.57 3634.76 1130.99 2160.16 1605.66 295.416 893.713 2503.77 408.491 744.924 482.488 176.161 262.436 376.628 554.501 339.632 485.222 356.964 986.797 217.373 269.883 860.731 257.248 171.871 260.959 126.597 134.362 1516.98 214.985
internal_count=22150 7305 14845 1282 6851 5379 454 1021 13563 471 826 532 330 294 415 1472 961 550 404 5655 251 313 4553 1358 844 536 307 229 7908 1335
is_linear=0
shrinkage=1


Tree=1
num_leaves=31
num_cat=0
split_feature=6 11 6 89 15 60 28 39 60 19 64 22 53 59 8 21 19 62 82 25 82 89 66 67 63 90 82 41 45 32
split_gain=339722 102089 72435.4 37489 33829.6 35863.5 36264 33629.1 29458.1 25974.6 22200.4 20453.8 17347.4 16830.8 15428.3 14968.7 14707.4 14330.5 14239.7 12111.6 12118.9 12043.7 9784.53 9082.25 12149.2 7613.93 7588.83 7506.98 7251.7 9716.9
threshold=49.931274268774729 51.050000000000004 32.87013537219736 2024.5000000000002 95.708333333333357 522.75000000000011 36.008196721311485 20.692744755244757 494.60000000000008 4.4500000000000011 0.32672684458398749 172.23827874116895 0.34342426421470901 8.5000000000000018 86.500000000000014 0.29285714285714287 6.2250000000000005 642.85000000000014 9.1500000000000004 19.426515930113055 10.850000000000003 2024.5000000000002 22.500000000000004 35.109903381642518 478.55000000000007 31.500000000000004 11.750000000000002 3.2781582952815835 0.077171215880893318 9.4081420118343217
decision_type=10 10 10 2 8 10 10 8 10 8 2 10 10 8 10 8 8 10 2 10 2 2 2 2 8 2 2 10 8 10
left_child=2 7 15 16 5 26 -7 17 22 -5 12 13 -10 19 -15 23 -4 28 -14 20 -11 -17 -9 -1 -25 -23 -3 -18 -2 -30
right_child=1 4 3 9 -6 6 -8 8 10 11 -12 -13 18 14 -16 21 27 -19 -20 -21 -22 25 -24 24 -26 -27 -28 -29 29 -31
leaf_value=-0.45102803315352979 -0.20124056270642321 -0.017432068717042837 -0.045319524576400989 0.4598655709402889 0.23925200344340422 0.75759892897948644 1.4808593639424972 0.11864689231183709 0.37909304202318472 0.18389171774786969 0.11782463755399866 -0.38752475705461387 1.12362851990228 0.22450128412185197 -0.24606299024721234 -0.27726404622375023 -0.42346997594657998 0.37070891211059864 0.57462647977436676 -0.05686237992114062 0.61110418790921228 0.146493053601364 0.71828959130174763 -0.38683485728521833 0.16870692166399986 -0.21027712448486149 0.57931337608294808 -0.17883850722793068 -0.023592314616323395 0.31679977645164953
leaf_weight=597.06219256483018 127.0651843547821 36.476579625159502 922.41118638031185 159.45036143064499 96.464725852012634 167.1779345870018 103.48581755161285 346.98076839372516 122.74735561013222 166.56216865777969 89.236710011959076 88.272426843643188 86.770144820213318 96.209432005882263 175.90864026546478 692.15549580194056 136.94494620151818 109.69920825958252 90.885125398635864 94.384234070777893 93.415731489658356 114.52753871679306 25.428226497024298 98.797219697386026 54.209754377603531 99.828330457210541 39.314317539334297 646.56656905077398 319.33695807307959 97.78894860483706
leaf_count=2605 482 156 4902 184 153 181 111 1683 151 194 100 99 99 109 192 3881 746 113 106 108 106 130 101 502 87 112 165 3100 1334 153
internal_value=0.00416577 0.342176 -0.144182 -0.0447492 0.739234 0.877356 1.03856 0.217538 0.352841 0.114911 0.53493 0.0374222 0.658032 0.0978204 -0.0794785 -0.298929 -0.126587 0.0595582 0.847558 0.23381 0.339152 -0.216488 0.161405 -0.398144 -0.190191 -0.0198644 0.295625 -0.222081 -0.00372912 0.0567743
internal_weight=6095.56 1858.86 4236.71 2580.13 442.919 346.455 270.664 1415.94 762.048 874.203 389.639 714.753 300.403 626.48 272.118 1656.58 1705.92 653.89 177.655 354.362 259.978 906.511 372.409 750.069 153.007 214.356 75.7909 783.512 544.191 417.126
internal_count=22145 5088 17057 9740 766 613 292 4322 2240 992 456 808 356 709 301 7317 8748 2082 205 408 300 4123 1784 3194 589 242 321 3846 1969 1487
is_linear=0
shrinkage=0.03


Tree=2
num_leaves=31
num_cat=0
split_feature=5 11 89 61 1 89 44 67 25 58 59 40 39 38 46 58 24 79 41 46 28 46 10 46 54 24 64 7 1 67
split_gain=329063 149030 53231.5 50038.4 35893.9 31985.6 31380.5 28777.8 27417.2 29965.8 23932.7 18498.1 21176.9 17586.2 17084.5 22217.9 16255 16152.3 15956.2 15868.4 16551.5 13671.5 13007.7 9050.13 8667.37 8512.26 7681.85 7503.55 12950.4 6887.86
threshold=44.975000000000009 51.050000000000004 2024.5000000000002 653.95000000000016 40.364510489510501 2024.5000000000002 0.048357117160330983 41.815338002838011 23.538899430740042 197.23392857142861 8.5000000000000018 38.125572381969157 23.719024122807021 1.2730823863636365 0.33404864091559378 254.03749999999999 22.211111111111112 53.500000000000007 0.97222222222222243 0.24336075205640426 32.00310559006212 0.066852886405959044 0.15476190476190479 0.16066802368615843 201.95000000000002 7.0500000000000007 0.039011769480519487 29.53345558496359 32.201449275362329 49.00462962962964
decision_type=10 10 2 10 10 2 8 2 10 2 8 8 10 10 8 2 10 2 10 8 8 10 10 10 2 8 2 10 10 2
left_child=2 5 10 8 14 13 -7 -6 9 17 29 12 23 26 22 18 -10 -3 24 -13 -21 -12 -4 -8 -16 -25 -2 28 -24 -1
right_child=1 3 4 -5 7 6 11 -9 16 -11 21 19 -14 -15 15 -17 -18 -19 -20 20 -22 -23 27 25 -26 -27 -28 -29 -30 -31
leaf_value=-0.19553922665610127 -0.0098322063172077666 0.82412597414872113 0.33653774183965368 1.4717198000152396 -0.077780535109094412 0.69220465623969119 -0.1679587983988802 0.61174713668056035 0.60518165465686935 1.2824637812268735 -0.44383893640040706 0.05718946343227431 0.46167529592615614 -0.22119536166431969 0.35096006645258349 -0.4310202445099508 0.036169851855981178 -0.0118685851607106 -0.36315327995929142 0.75324527683851927 0.23037817789095269 -0.22344688969179016 -0.16825592076537482 -0.063413438403794806 -0.066359722679944527 0.29898154010913192 0.17508878183790275 -0.20746995867444581 0.33069855187478203 0.037804351137791431
leaf_weight=1313.4466540887952 333.60820084437728 50.25501774251461 103.35273665189743 75.874010324478149 91.796833038330078 143.78265058994293 168.55903613567352 132.25824439525604 106.31523454189301 87.440976023674011 684.40222191438079 90.303924262523651 113.33542168140411 183.32884625717998 85.670843362808228 226.25824439525604 78.276119094341993 34.959625158458948 84.289741814136505 126.89132529497147 97.066127359867096 407.65190271474421 93.622030973434448 114.68502581119537 92.146437168121338 117.11493974924088 511.79530599713326 146.11493974924088 91.765335619449615 124.32355925999582
leaf_count=7456 1720 151 118 80 105 164 183 150 118 94 3635 100 122 1131 103 244 167 133 101 137 108 1894 106 125 107 133 2544 162 106 657
internal_value=-4.61515e-05 0.270501 -0.179126 0.774406 -0.00960868 0.161068 0.284405 0.330153 0.622612 0.893931 -0.255967 0.212837 0.101585 0.0444019 -0.0923329 -0.213929 0.365387 0.484997 -0.0256033 0.393792 0.528659 -0.361849 0.0444032 -0.00124759 0.13554 0.120181 0.102191 -0.0474141 0.0791719 -0.17535
internal_weight=6110.69 2433.59 3677.1 433.121 1147.28 2000.47 971.738 224.055 357.247 172.656 2529.82 827.956 513.694 1028.73 923.22 488.365 184.591 85.2146 262.107 314.261 223.957 1092.05 434.855 400.359 177.817 231.8 845.404 331.502 185.387 1437.77
internal_count=22154 7210 14944 743 1302 6467 1072 255 663 378 13642 908 563 5395 1047 555 285 284 311 345 245 5529 492 441 210 258 4264 374 212 8113
is_linear=0
shrinkage=0.03


Tree=3
num_leaves=31
num_cat=0
split_feature=5 18 89 89 1 8 71 59 17 31 67 69 43 60 71 43 28 2 63 67 3 28 66 54 46 55 59 32 59 5
split_gain=281173 102306 121116 68706.4 43366.4 32221.7 25822.5 23813.6 23517.9 29838.5 21174.5 28519.4 13490.8 20396.2 11485.5 12527.3 12352.8 11640.9 9720.55 9586.82 9041.21 9305.29 8884.03 8707.68 8665.21 7969.32 10375.9 7563.73 7512.35 7299.12
threshold=44.975000000000009 4.5000000000000009 2024.5000000000002 2024.5000000000002 29.622685185185187 127.50000000000001 -7.1835470085470083 9.2500000000000018 3.5000000000000004 6.7805732425972893 42.568011203101392 4.5000000000000009 0.1155435473617292 611.05000000000007 0.14162660256410578 0.44683749782596099 12.506097560975611 29.166666666666668 669.25000000000011 49.00462962962964 32.63333333333334 40.911442006269603 8.5000000000000018 128.05000000000004 0.066852886405959044 222.89285714285717 4.5000000000000009 8.5558842866535176 5.2500000000000009 58.307894736842108
decision_type=10 8 2 2 8 10 2 8 10 10 2 2 10 8 2 10 10 10 10 2 10 10 2 2 10 2 10 8 10 10
left_child=3 2 22 7 -5 -4 -7 19 -8 -10 14 -12 18 20 16 -16 17 -6 25 -1 -14 27 -2 -24 -9 -3 -27 -22 -21 -25
right_child=1 12 5 4 10 6 8 24 9 -11 11 -13 13 -15 15 -17 -18 -19 -20 28 21 -23 23 29 -26 26 -28 -29 -30 -31
leaf_value=-0.21448182021124609 0.062666458481203696 -0.15737317682065569 0.33996919373333262 -0.32840641784510705 -0.105680839749506 1.3036752618301715 0.45156315982138451 -0.46626210694689979 1.2706450845756869 0.59010032259471024 0.018261386766903573 0.74575025302135767 -0.35073039624020508 0.43407491951713673 0.038935949159266924 0.47499650088714312 -0.18865810619428988 0.35929734922670653 -0.51477223231803748 0.25637866377519192 -0.032210793345685822 -0.43883223329786225 0.78102228016429931 0.065489260558724893 -0.2502786543295451 0.28932121443927089 -0.069404511512513756 0.23473021722774623 -0.1931388420621151 0.5830827059589514
leaf_weight=1635.1535408832133 445.1965902466327 226.50465726293623 151.90864026546478 241.41886401176453 94.034629940986633 90.303924262523651 160.90864026546478 512.0588325932622 115.82833045721054 121.62203097343445 92.272426843643188 101.35273665189743 46.09653895907104 161.42203958332539 153.0377624630928 96.003132522106171 242.89759033918381 98.209432005882263 37.968502581119537 71.858599519357085 161.823885159567 27.248271776363254 29.736138995736837 87.280511766672134 254.4039714820683 122.26200350560248 175.72750021517277 231.44099309295416 60.91878248937428 33.27086796797812
leaf_count=9154 2334 1186 168 267 106 100 177 2702 128 134 103 116 170 169 178 109 279 111 39 370 937 102 146 357 1093 153 192 609 318 141
internal_value=-0.00265728 0.247617 0.438675 -0.168899 0.0268551 0.724679 0.843334 -0.255324 0.735976 0.926007 0.124823 0.400939 0.0490466 0.144516 0.0462108 0.208261 -0.0467988 0.132487 -0.0576194 -0.194583 0.04363 0.0875892 0.130316 0.328975 -0.394993 -0.0236092 0.0782523 0.125084 0.0502362 0.211961
internal_weight=6080.17 2426.55 1236.06 3653.62 1119.23 640.572 488.663 2534.39 398.359 237.45 877.808 193.625 1190.49 628.032 684.183 249.041 435.142 192.244 562.463 1767.93 466.61 420.513 595.484 150.288 766.463 524.494 297.99 393.265 132.777 120.551
internal_count=22148 7242 3685 14906 1269 707 539 13637 439 262 1002 219 3557 1987 783 287 496 217 1570 9842 1818 1648 2978 644 3795 1531 345 1546 688 498
is_linear=0
shrinkage=0.03


Tree=4
num_leaves=31
num_cat=0
split_feature=5 11 6 61 29 89 62 22 41 73 67 7 72 69 18 75 80 89 0 32 40 1 21 89 58 26 81 55 19 7
split_gain=302323 120760 53811.5 49510.3 34380.3 35412.8 31211.2 25475.5 24268 18980.7 18677.3 18052.5 16618.1 15574.6 17821.7 22612.7 13293.4 12201.9 10698.4 10516.9 10801.6 10270.7 12831.6 10540.6 18199.2 9659.04 9449.38 9385.5 8049.2 6264.73
threshold=45.256578947368432 51.050000000000004 34.435635822991671 653.95000000000016 4.3112535612535625 2024.5000000000002 635.75000000000011 163.17894736842109 1.4309523809523812 59.500000000000007 49.00462962962964 33.561063739526809 183.25000000000003 2.5000000000000004 3.5000000000000004 192.2416666666667 7.4500000000000011 2024.5000000000002 12.500000000000002 9.3849682427664103 33.093292216352772 29.050676254066087 0.64583333333333337 2024.5000000000002 251.1166666666667 8.6559274059274074 8.8500000000000014 222.89285714285717 5.291666666666667 35.893314123358444
decision_type=10 10 10 10 10 2 10 10 8 2 2 8 10 2 10 10 2 2 2 8 8 8 10 2 2 10 2 2 10 10
left_child=2 4 21 7 27 18 10 12 -7 -9 17 -10 26 -13 -15 -16 -12 -4 -6 -19 -21 22 -1 -23 -25 -18 -3 -2 -22 -29
right_child=1 3 6 -5 5 8 -8 9 11 -11 16 13 -14 14 15 -17 25 19 -20 20 28 23 -24 24 -26 -27 -28 29 -30 -31
leaf_value=-0.45931054525270049 -0.25966822652401328 0.080409425787663899 -0.18116082868891753 1.4192362611054803 -0.18740176284532592 -0.0017712226745205117 0.35525505787852624 -0.053674044516489751 0.78461234260499391 0.5705418316544244 0.89419863067403549 0.093563680009318417 1.0544331415484782 0.81066069683152042 0.014312988249647616 0.64834530354449249 -0.024951798467340955 0.20641009274065109 0.13486501538699264 -0.33495110649886845 0.25002357349165449 -0.28145948086784678 -0.1983300281003583 0.1807998433444454 -0.27891679114593998 0.63557527242448497 0.73849586851655413 -0.12282012244742269 -0.13301182620658167 0.17122975187466349
leaf_weight=495.29586914367974 162.86403801105917 33.067797174677253 1046.8938032984734 72.874010324478149 104.87584359385073 119.76533561944962 151.57321858406067 76.460331017151475 125.97163510322571 101.268484801054 21.907876340672374 126.08344233036041 105.92235929518938 103.03462994098663 103.70234078168869 98 100.04439985007048 153.14956969022751 750.28532718122005 109.35273665189743 86.940137684345245 861.10968014597893 261.18941495195031 136.91177278757095 176.08344233036041 23.858766423538327 48.339740809053183 124.36302772164345 111.63934594392776 134.94065720774233
leaf_count=2276 830 118 5402 77 870 134 159 139 140 122 85 143 128 115 120 98 468 181 3612 124 102 4447 1300 166 193 84 158 147 130 148
internal_value=-0.00456629 0.258727 -0.173155 0.708433 0.157621 0.223656 -0.0553668 0.563051 0.385682 0.303201 -0.0931931 0.468876 0.806665 0.374952 0.490688 0.324046 0.229973 -0.124573 0.0951699 0.00402526 -0.0969728 -0.283217 -0.369583 -0.227304 -0.0778901 0.106309 0.4754 -0.0819304 0.0350975 0.0302723
internal_weight=6127.77 2391.82 3735.95 437.933 1953.89 1531.72 1805.36 365.059 676.557 177.729 1653.79 556.792 187.33 430.82 304.737 201.702 145.811 1507.98 855.161 461.082 307.932 1930.59 756.485 1174.1 312.995 123.903 81.4075 422.168 198.579 259.304
internal_count=22216 7099 15117 742 6357 5232 6735 665 750 261 6576 616 404 476 333 218 637 5939 4482 537 356 8382 3576 4806 359 552 276 1125 232 295
is_linear=0
shrinkage=0.03


Tree=5
num_leaves=31
num_cat=0
split_feature=6 63 18 6 45 64 60 19 46 19 4 15 8 39 12 40 62 36 67 6 36 28 64 75 72 18 58 6 50 30
split_gain=259538 67212 58013.1 51579.1 33201.2 30106.5 23946.4 22895.8 19412.6 18025.8 16924.1 24827.5 15965.4 14616.8 14480.2 15551.3 14103.5 12971.8 12429.3 12414.3 12279.6 11248.4 10766.1 9157.86 8781.41 8339.71 8259.87 7342.07 7102.66 11402.3
threshold=48.304140226492869 535.80000000000007 4.5000000000000009 32.87013537219736 0.03069073783359498 0.035623640319071802 512.6500000000002 4.4500000000000011 0.53950103950103967 3.9000000000000004 67.050000000000011 81.091666666666683 84.500000000000014 18.733854166666671 55.775000000000006 37.504325259515575 572.00000000000011 1.5104166666666667 38.455050505050515 53.692059367270296 2.3075396825396832 32.175191815856785 0.25123762376237629 180.77500000000003 179.88750000000002 4.5000000000000009 251.1166666666667 37.639354419396817 10.367516760747101 18.751803231390657
decision_type=10 10 8 10 10 2 10 8 8 8 10 8 10 10 10 10 10 10 2 10 10 8 2 10 10 8 2 10 2 8
left_child=3 8 5 17 -4 -3 9 -8 13 20 -7 -12 -9 -2 15 19 21 18 25 -6 -5 -10 26 -23 -20 -1 -14 -11 -19 -30
right_child=1 2 4 6 14 10 7 12 16 27 11 -13 22 -15 -16 -17 -18 28 24 -21 -22 23 -24 -25 -26 -27 -28 -29 29 -31
leaf_value=-0.22602081155925396 -0.19194858514171032 0.29354998235314977 -0.24732198107479625 0.0086907260577602733 0.54014904267854369 0.53012897909968471 0.44083028612522007 0.28252380365219826 -0.044958796954051826 -0.27888773449913185 1.2813070915080753 0.66607319734585368 0.25167551175830555 0.11912866347060719 0.026768922674771607 0.75187213359335714 0.88760747027544518 -0.21186378807262282 -0.23230332156882263 0.098542174126424006 0.75934857805496903 0.14786964480258336 -0.27468598444428477 0.48251646775814372 0.30406919854280789 -0.45124373181748606 -0.092451979348960198 -0.12135112816072754 0.44832955073152431 -0.22010252022226334
leaf_weight=204.25464309751987 261.80731031298637 161.97163510322571 113.30392426252365 455.9467613901943 101.77951806783676 156.80789512395859 137.11600890755653 144.03088876605034 127.53816825151443 417.22315588966012 106.81101548671722 141.27242684364319 98.783717483282089 280.65828676521778 108.39841651916504 93.822077572345734 26.985817551612854 655.22646119631827 92.342738348990679 130.71652323007584 19.495676683261991 174.65353807061911 160.83399015665054 127.91327929496765 37.966248571872711 570.21347758919001 168.32123923301697 741.51965418457985 39.458460023626685 52.185440404340625
leaf_count=1188 1416 176 123 2393 109 171 162 167 524 2049 113 152 122 1458 115 101 34 3106 376 140 134 957 182 199 60 2363 184 3597 122 124
internal_value=0.000371858 0.269068 0.429122 -0.141876 0.20846 0.641707 -0.0513347 0.0941659 0.0902959 -0.114488 0.779917 0.93504 0.0104372 -0.0310818 0.327549 0.427077 0.234098 -0.270222 -0.346646 0.293349 0.0410009 0.191131 -0.0815839 0.290469 -0.0749027 -0.392213 0.0352811 -0.178266 -0.177301 0.0694322
internal_weight=6109.36 2114.44 1114.88 3994.92 548.02 566.863 2343.27 709.086 999.556 1634.19 404.891 248.083 571.97 542.466 434.717 326.318 457.091 1651.65 904.777 232.496 475.442 430.105 427.939 302.567 130.309 774.468 267.105 1158.74 746.87 91.6439
internal_count=22117 5788 1200 16329 588 612 8990 817 4588 8173 436 265 655 2874 465 350 1714 7339 3987 249 2527 1680 488 1156 436 3551 306 5646 3352 246
is_linear=0
shrinkage=0.03


Tree=6
num_leaves=31
num_cat=0
split_feature=6 6 44 59 71 75 19 3 89 77 14 70 22 11 64 82 45 72 55 43 49 85 15 59 19 36 90 34 24 26
split_gain=242170 83600.6 53741.9 34751.6 30215.4 24269.7 22926.6 23587.5 22631 20965.3 19461.3 16295.7 14513 14144.9 13996.1 16382.9 13430.3 13341.9 13281 12024.4 11462.7 14068.7 12144.9 11417.3 10895.6 14339.2 10779.3 10753.7 11869.1 10430.9
threshold=58.500285945581645 40.044862194971095 0.14309523809523814 3.5000000000000004 -7.4072325447591956 181.67500000000004 3.2250000000000005 54.45000000000001 2024.5000000000002 1.0000000180025095e-35 7.5000000000000009 40.313274793388437 108.54982006297797 6.3166666666666673 0.025052301255230131 7.5500000000000007 1.0000000180025095e-35 191.07500000000002 242.40000000000003 0.58629716555334899 137.29288687464967 1.0000000180025095e-35 75.041666666666671 8.5000000000000018 3.7750000000000004 3.0083333333333342 27.500000000000004 18.038461538461544 15.050000000000002 5.3285112287373453
decision_type=10 10 8 10 2 10 8 10 2 2 2 2 10 10 2 2 10 10 2 10 2 2 8 10 8 10 2 10 10 10
left_child=1 8 3 4 -2 13 7 26 24 10 18 17 -4 -3 15 -8 19 23 -6 -16 22 -22 -14 -10 -1 -26 -7 28 -23 -11
right_child=2 5 12 -5 9 6 14 -9 11 29 -12 -13 20 -15 16 -17 -18 -19 -20 -21 21 27 -24 -25 25 -27 -28 -29 -30 -31
leaf_value=-0.085546491686212145 1.0816553333733763 -0.21953359735568137 -0.046332374078363214 1.2588810385594926 0.76302107761822613 0.35962792406210647 0.61037563227120362 0.014513531659265054 0.24569313124886566 0.6052006450445726 1.0258914613419647 0.22336526851414498 0.93992889457871265 0.019141491322832663 -0.29421754964883384 0.067279277018754455 0.114541617345526 -0.30754821958516149 0.13204751968854994 0.094556116093670803 0.53439067525803718 0.19846422008235762 0.22100869485695668 -0.11093450358396287 -0.35348991668059904 -0.1772075487589812 0.86496975010440558 0.41955098863885076 -0.38037323045113863 0.074814219391669753
leaf_weight=316.51843166351318 75.34262190759182 326.94222247973084 153.97242040559649 68.532033890485764 52.077138628810644 76.521593570709229 85.45734977722168 91.344510614871979 104.46454387903214 42.437005776911974 73.425179149955511 147.78265058994293 44.694996172562242 701.09198833815753 179.98891091346741 119.18836319446564 489.40323543548584 231.75115317106247 70.319795548915863 117.82179325819016 77.945468626916409 61.781136846169829 40.850192252546549 344.48812389373779 966.98727716505527 733.96613361500204 79.493217647075653 49.985118145123124 63.892079597339034 145.60880706086755
leaf_count=1996 161 1964 395 77 192 106 100 121 122 143 162 168 183 4267 218 155 598 253 77 148 159 183 130 394 5296 3705 102 146 168 300
internal_value=-0.000820008 -0.0850648 0.420808 0.630996 0.534759 0.0508332 0.140183 0.397985 -0.193309 0.424887 0.641537 -0.0611993 0.195042 -0.0569031 0.0755539 0.295934 0.0179606 -0.123216 0.40452 -0.140607 0.304439 0.201706 0.603145 -0.027591 -0.247503 -0.277572 0.62098 0.0518937 -0.0964955 0.197077
internal_weight=6134.08 5113.21 1020.86 527.743 459.211 2267.25 1239.22 247.359 2845.96 383.868 195.822 828.486 493.121 1028.03 991.86 204.646 787.214 680.704 122.397 297.811 339.149 253.604 85.5452 448.953 2017.47 1700.95 156.015 175.658 125.673 188.046
internal_count=22189 19713 2476 1112 1035 7779 1548 329 11934 874 431 937 1364 6231 1219 255 964 769 269 366 969 656 313 516 10997 9001 208 497 351 443
is_linear=0
shrinkage=0.03


Tree=7
num_leaves=31
num_cat=0
split_feature=1 11 75 61 15 42 71 30 82 72 19 82 55 23 72 31 62 21 18 71 79 78 45 54 72 61 19 42 46 90
split_gain=229269 109615 52355.7 35265.2 27950.5 26189.7 26116.4 28679.8 18546.7 16415.2 17327.1 14917.3 14727.1 17354.4 19240.5 14477.8 15994.7 13338.2 16057.6 12837.4 12784.3 16384.8 22576.2 21210.6 12874.6 12660.4 11523.8 10841.5 20616.6 10531.6
threshold=40.239047619047632 49.850000000000001 181.25000000000003 653.95000000000016 37.033333333333339 0.68274400330851959 -7.4072325447591956 24.460887563713289 5.0500000000000007 174.97500000000002 5.1000000000000005 5.0500000000000007 293.33571428571435 56.763888888888893 183.25000000000003 9.277184307505717 528.70000000000016 0.95000000000000007 4.5000000000000009 -1.3207575188707261 16.500000000000004 30.050000000000004 0.052747507535358222 213.35000000000002 190.37500000000003 569.30000000000007 2.2916666666666674 0.24197230814552956 0.16066802368615843 24.500000000000004
decision_type=10 10 10 10 10 10 2 10 2 8 8 2 2 10 10 8 10 10 8 2 2 2 8 2 10 10 8 10 10 2
left_child=4 2 26 6 17 8 -3 12 19 -6 25 -12 13 14 -8 16 -13 18 -1 -4 -10 24 -23 27 -22 -11 -2 28 -24 -20
right_child=1 3 5 -5 9 -7 7 -9 20 10 11 15 -14 -15 -16 -17 -18 -19 29 -21 21 22 23 -25 -26 -27 -28 -29 -30 -31
leaf_value=-0.13764295321878528 0.14706478797024714 1.0516655095629481 0.70395321406100908 1.2056823404256989 -0.16145535346912596 0.69307876299616367 0.49876556094746355 -0.11009012739824013 -0.17911455796410081 0.1279146143014144 -0.44676820542208256 -0.11298386166950843 0.17534450027265447 0.29350745104801573 1.2623599042126163 -0.28186394244194923 0.37951016649607444 -0.14419120279409406 -0.25665822314275943 0.24930041220769125 0.13402110965409259 -0.072464865599896428 -0.23462733348112946 0.63080577788182157 -0.25140832999432283 0.71934998902086877 -0.081434154588422319 0.51697349442952278 0.35596450971118287 -0.47637973858363619
leaf_weight=353.43541826121509 252.29844691604376 63.620460204780102 98.542468786239624 74.667710840702057 609.61339516751468 104.6105290055275 60.379811076447368 78.870725240558386 95.998877346515656 85.921210628002882 64.991487100720406 103.65459991805255 73.318106710910797 69.494694827124476 61.848790476098657 87.072527438402176 136.7134028673172 749.65568158589303 353.7253060489893 131.56628179550171 297.36865705251694 128.11127775907516 91.235676944255829 180.77639770507812 104.61940091848373 52.017314970493317 919.98304566182196 78.601208448410034 124.866634786129 454.00933483615518
leaf_count=1849 1562 115 113 79 2582 129 175 147 127 234 89 275 76 188 74 117 154 3123 1532 152 401 159 117 196 115 58 6223 112 157 1817
internal_value=0.0114453 0.193522 0.116592 0.608591 -0.173019 0.237949 0.496509 0.391059 0.201703 -0.0553893 0.0665985 -0.0352488 0.540043 0.677877 0.89226 0.0475425 0.167542 -0.243131 -0.306828 0.446206 0.15027 0.181862 0.28056 0.37563 0.0333362 0.35452 -0.0321732 0.217497 0.106692 -0.380595
internal_weight=6141.59 3090.78 2608.58 482.2 3050.81 1436.3 407.533 343.912 1331.69 1139.98 530.371 392.432 265.041 191.723 122.229 327.441 240.368 1910.83 1161.17 230.109 1101.58 1005.58 603.591 475.48 401.988 137.939 1172.28 294.704 216.102 807.735
internal_count=22247 10417 9563 854 11830 1778 775 660 1649 3509 927 635 513 437 249 546 429 8321 5198 265 1384 1257 741 582 516 292 7785 386 274 3349
is_linear=0
shrinkage=0.03


Tree=8
num_leaves=31
num_cat=0
split_feature=5 5 62 8 71 1 6 39 75 42 61 23 75 6 75 27 72 30 62 55 61 61 30 29 18 30 46 82 69 55
split_gain=223837 73688.4 40082.1 39273.4 34079.8 33385.7 30246.1 28995.9 32197.9 18286.9 17271.2 16470.4 18553.3 15522.8 15208.2 14545.5 14928.5 26015.1 13885.9 19170.9 14666.3 12725.7 10978.8 10320.2 9937.02 9565.1 9112.57 8821.93 8076.48 7885.57
threshold=44.975000000000009 67.307894736842115 517.85000000000014 115.50000000000001 -7.4072325447591956 29.622685185185187 73.060710091587154 23.557057057057062 181.04166666666671 0.2086423046145639 603.95000000000016 57.550000000000004 191.45000000000002 28.529843950571621 184.32500000000002 144.44949494949498 176.3416666666667 14.567227844622609 465.60000000000008 290.5428571428572 582.10000000000002 674.60000000000002 1.0000000180025095e-35 3.8397435897435903 4.5000000000000009 13.159680068556741 0.40528890959925451 3.5500000000000003 21.500000000000004 315.89047619047625
decision_type=10 10 8 10 2 8 10 8 10 10 10 8 10 10 10 10 10 10 10 2 10 10 8 8 8 8 8 2 2 2
left_child=2 7 13 -3 -5 -4 10 21 -9 15 -6 12 -8 -1 -10 16 25 23 -16 20 -20 22 -2 -18 27 -7 -17 -15 29 -24
right_child=1 3 5 4 6 9 11 8 14 -11 -12 -13 -14 24 18 26 17 -19 19 -21 -22 -23 28 -25 -26 -27 -28 -29 -30 -31
leaf_value=-0.31278420576778304 -0.27481085199057625 -0.21180605321971865 -0.30490980701108361 1.3367857291378276 0.51321851688579945 0.19090581934485604 0.14454110387283539 0.046886326689968234 0.76896395636867909 0.48509277929389566 1.3258574546629236 -0.047848160944817919 0.7961044789448245 0.51716310133246246 -0.00017691746389519799 0.053567868126458938 -0.17221429316914902 0.67001528963962409 0.36200049503766135 0.12578824857412588 0.8053351936883304 0.54367732684691927 0.008332008867005726 0.24566780380010844 -0.20585657517291253 -0.27485466270049602 -0.33780135328851507 -0.079007291128435173 0.51650936277806858 0.35088408811102828
leaf_weight=846.95235975272954 102.66399732977152 49.647065177559853 228.01490588486195 59.695630406960845 42.635500987991691 65.067039124667645 68.737538637593389 370.06874151900411 86.96950751543045 99.198690764605999 57.555903613567352 63.543097047135234 92.629960536956787 22.264414817094803 89.415653169155121 100.51900380849838 86.685025811195374 96.73533596098423 157.8498860001564 141.28660929203033 120.12912219762802 42.17480206489563 812.6682739816606 134.44814180582762 1217.5721742026508 98.601014569401741 112.99678961187601 566.1817571669817 31.361945733428001 64.34960412979126
leaf_count=4691 311 174 269 115 182 84 158 2174 129 125 59 148 93 101 137 111 97 110 217 145 129 43 2948 157 5756 190 129 3114 57 66
internal_value=0.00279067 0.224643 -0.145327 0.578654 0.680925 0.0142702 0.556765 0.148217 0.26686 0.106169 0.988536 0.360899 0.521158 -0.206806 0.403219 0.0514695 0.142778 0.262361 0.339301 0.411528 0.555788 0.0392803 0.0177234 0.0818186 -0.156961 -0.0896544 -0.154162 -0.0556115 0.0510511 0.0338372
internal_weight=6128.62 2453.38 3675.24 434.445 384.798 1022.27 325.102 2018.94 965.72 794.251 100.191 224.911 161.367 2652.97 595.651 695.052 481.537 317.869 508.681 419.266 277.979 1053.22 1011.04 221.133 1806.02 163.668 213.516 588.446 908.38 877.018
internal_count=22219 7285 14934 929 755 1272 640 6356 2931 1003 241 399 251 13662 757 878 638 364 628 491 346 3425 3382 254 8971 274 240 3215 3071 3014
is_linear=0
shrinkage=0.03


Tree=9
num_leaves=31
num_cat=0
split_feature=6 6 44 62 89 68 42 64 25 74 50 69 54 19 82 60 32 45 29 15 35 15 89 46 50 58 56 26 1 72
split_gain=213907 84996.5 59333 53643.6 39124.8 30826.2 21522.3 21316 15382.7 18529.3 15814.7 15343.8 19182.1 14767.2 14696.4 12797.5 12538.1 12316.5 17094.6 11600.7 13301.7 10192.8 11373.2 9714.65 11401.3 9135.76 9035.56 8686.8 8619.31 10087.4
threshold=58.500285945581645 34.298257649955637 0.1133811928711549 506.76666666666671 2024.5000000000002 -0.76150793650793414 0.5685879190385833 0.029268989149057685 25.049019607843139 -7.4416666666666762 9.7055923352937281 4.5000000000000009 241.72777777777779 5.9000000000000012 8.3500000000000032 584.6500000000002 8.9640396210163669 0.052747507535358222 3.8397435897435903 70.031250000000014 36.464460784313729 33.519230769230781 2024.5000000000002 0.038567785805354873 10.367516760747101 251.1166666666667 144.24727218879192 5.6214887640449449 45.246211251435135 189.85000000000005
decision_type=10 10 8 10 2 2 10 2 10 10 2 2 2 8 2 10 10 10 10 8 8 8 2 10 2 2 2 10 10 10
left_child=1 21 3 -2 13 -5 7 15 9 27 17 16 19 28 -7 -6 -4 -11 -19 20 -13 23 -23 -1 -25 -24 -21 -9 -3 -30
right_child=2 4 11 5 6 14 -8 8 -10 10 -12 12 -14 -15 -16 -17 -18 18 -20 26 -22 22 25 24 -26 -27 -28 -29 29 -31
leaf_value=-0.37341296862879808 0.11301229328298754 -0.059977552005130996 -0.11272742579909602 1.3501320325999533 0.58570931976442364 0.38971141566993595 0.58039760649539818 0.023012534548799896 -0.32085088296794168 0.090000599910054616 -0.13000847499886667 0.35434949848252029 0.86392922721372878 -0.16058415479078977 0.89066495510845956 0.16908446667358815 0.3193516995266959 0.12675992427555682 0.67353616938793459 0.23327148664179662 -0.28838953163510761 -0.23692517040758407 0.18216158663658974 -0.25013950781123256 0.18203125864709044 -0.1718019867650194 0.73998924900697161 -0.32803205634118116 0.078239078149059144 0.73516299368011129
leaf_weight=645.74132173508406 115.13317861035466 688.47546577081084 178.6702518388629 87.375699162483215 110.95745265483856 94.629122197628021 93.940137684345245 151.43304646015167 96.066127359867096 169.81414800882339 107.859827876091 53.067457450553775 51.897633388638496 886.81993164308369 125.88879585266113 165.90864026546478 90.097993930801749 92.272426843643188 116.97163510322571 89.549937013536692 61.452022664248943 510.96359724365175 131.2440619468689 451.15367276407778 61.8095962125808 129.27242684364319 49.318018304184079 108.03462994098663 377.82767340540886 21.308602441102266
leaf_count=3076 557 3362 746 96 132 104 109 170 107 189 119 126 56 4405 142 182 158 103 131 192 147 2656 156 2152 178 140 111 120 2171 55
internal_value=-0.00423029 -0.0825656 0.397534 0.666766 0.0125805 0.872799 0.14659 0.109697 0.0345003 0.080605 0.189585 0.198319 0.343489 -0.0697991 0.678424 0.337559 0.0327634 0.280627 0.434169 0.233918 0.00994003 -0.239624 -0.154811 -0.295911 -0.197812 0.00653391 0.417233 -0.12385 0.00430506 0.11506
internal_weight=6114.95 5117.87 997.08 423.027 3187.69 307.894 1213.26 1119.32 842.452 746.386 486.918 574.053 305.285 1974.43 220.518 276.866 268.768 379.058 209.244 253.387 114.519 1930.18 771.48 1158.7 512.963 260.516 138.868 259.468 1087.61 399.136
internal_count=22148 19713 2435 899 11355 342 1362 1253 939 832 542 1536 632 9993 246 314 904 423 234 576 273 8358 2952 5406 2330 296 303 290 5588 2226
is_linear=0
shrinkage=0.03


Tree=10
num_leaves=31
num_cat=0
split_feature=6 89 19 6 66 28 34 61 17 90 89 40 21 28 64 4 19 1 41 54 42 63 41 19 53 43 34 43 15 5
split_gain=208316 58286.9 52872.7 29309.7 27285.4 40247.9 22338.6 20820 15514.8 14903.4 16134.7 14028.4 12126.8 11734.9 10737.9 9670.38 8788.2 8482.21 9230.02 8427 8144.18 12509.6 8450.49 7338.36 7305.39 7499.31 9398.52 6818.44 9988.83 6421.77
threshold=47.047627613816651 2024.5000000000002 4.2250000000000005 32.001645821151364 1.5000000000000002 36.846989966555192 19.809090909090912 653.95000000000016 3.5000000000000004 23.500000000000004 2024.5000000000002 38.294468552057459 0.61250000000000016 14.731531531531532 0.24845679012345681 37.81666666666667 2.6333333333333337 30.010000000000002 2.0627815315315323 227.23333333333338 0.0066445916114790298 610.20000000000016 3.0282567049808438 1.7083333333333337 0.41143790849673206 0.067231638418079109 22.050000000000004 0.64108698319224644 57.738636363636367 42.914285714285718
decision_type=10 2 8 10 2 10 10 10 10 2 2 10 8 10 2 10 8 10 8 2 10 10 10 10 10 10 10 8 8 10
left_child=3 13 4 12 -3 8 11 9 -6 10 29 27 17 -2 -15 -12 23 -1 -19 -14 22 -22 -11 -16 -24 -26 -27 28 -4 -5
right_child=1 2 6 7 5 -7 -8 -9 -10 20 15 -13 19 14 16 -17 -18 18 -20 -21 21 -23 24 -25 25 26 -28 -29 -30 -31
leaf_value=-0.39732555441343809 -0.13511292905633213 0.24161822204019234 0.13355565312085926 -0.13701239343538524 0.2513323547558361 1.1247142906342742 0.50048724781333076 0.26332333709637823 0.68070682613634381 -0.41249699926568872 0.014927555365916757 0.32852898255669299 -0.18077649523653821 0.038055047528873495 0.21729398445533044 0.38335209141813364 0.12045478750358707 0.10211284805573143 -0.28724187119918154 0.17206534128325179 -0.12665001647048515 0.2796024676331556 -0.25105883565917192 0.76455385965089551 -0.15289058946399489 -0.086362563516554525 0.6145643751406894 0.16976261929738695 -0.25002626407749107 0.075055579311679485
leaf_weight=475.85886113904417 228.88066839240491 175.28974181413651 99.192117035388947 453.80235562473536 134.44722890853882 131.65352839231491 148.62203097343445 159.71652323007584 177.84564542770386 163.60759097896516 124.57635110616684 151.03462994098663 707.81344263069332 525.47611559741199 42.103556642308831 131.30705678462982 118.23462443426251 72.285464461892843 220.01712794229388 65.865080658346415 512.25470846891403 77.716523230075836 341.13170105218887 47.968777738511562 135.13073548488319 37.669510079547763 30.384061088785529 123.28974181413651 156.05194491147995 178.38622158393264
leaf_count=2310 1266 192 106 2410 146 143 161 169 196 522 145 163 3378 2595 208 154 637 268 856 92 2468 87 1384 221 455 134 101 140 174 964
internal_value=1.19099e-05 0.228989 0.360145 -0.133133 0.560393 0.685433 0.176748 -0.0663018 0.497246 -0.0904951 0.00421238 0.0851194 -0.234698 0.0520337 0.110513 0.204742 0.29224 -0.31914 -0.190936 -0.150555 -0.155251 -0.0727521 -0.223805 0.513937 -0.166436 -0.0238274 0.23095 -0.0126106 -0.10102 -0.0771486
internal_weight=6147.61 2260.09 1297.43 3887.52 619.236 443.946 678.19 2345.68 312.293 2185.97 888.072 529.568 1541.84 962.664 733.783 255.883 208.307 768.161 292.303 773.679 1297.89 589.971 707.924 90.0723 544.316 203.184 68.0536 378.534 255.244 632.189
internal_count=22245 6348 1421 15897 677 485 744 8993 342 8824 3673 583 6904 4927 3661 299 1066 3434 1124 3470 5151 2555 2596 429 2074 690 235 420 280 3374
is_linear=0
shrinkage=0.03


Tree=11
num_leaves=31
num_cat=0
split_feature=6 11 6 55 62 89 42 64 45 29 52 0 75 7 80 36 8 63 19 2 72 7 54 72 31 1 22 18 63 63
split_gain=185218 67163.8 39034.5 27663.7 26930.4 23835.2 40810.4 23074 21890 17017.5 16881 17275.8 16172.9 20974.5 16875.4 15989.6 12864.7 12567.4 12104.3 15038.9 11741.8 10346.6 8416.13 13672.7 14518.8 8337.67 7744.92 6518.17 7242.39 5953.99
threshold=47.047627613816651 51.050000000000004 31.310115344459739 221.12500000000003 627.90000000000009 2024.5000000000002 0.24566416040100253 0.035623640319071802 1.0000000180025095e-35 7.0090909090909106 0.32520303313232307 78.500000000000014 191.45000000000002 39.837545041030417 16.250000000000004 2.0119047619047623 82.500000000000014 615.50000000000011 5.366666666666668 68.833333333333357 192.87500000000003 44.42172886023598 231.2166666666667 173.57500000000002 8.8377965703547119 41.444722222222232 93.310961968680104 4.5000000000000009 657.45000000000016 641.20000000000016
decision_type=10 10 10 2 10 2 10 2 8 10 10 2 10 10 2 10 10 8 8 8 10 8 2 10 8 10 10 10 8 10
left_child=2 3 15 9 7 25 16 -3 -5 -2 -9 -12 18 -14 -15 27 -7 -17 19 -10 -11 26 23 -18 -25 -4 -20 29 -29 -1
right_child=1 4 5 8 -6 6 -8 10 12 20 11 -13 13 14 -16 17 22 -19 21 -21 -22 -23 -24 24 -26 -27 -28 28 -30 -31
leaf_value=-0.19361022714974591 -0.19113182923477851 -0.07538257164290349 -0.16881589233629482 -0.14067116417363115 0.88178349654033261 0.22052495715865658 0.58951116832470807 0.95721357584157596 0.86539598225607495 0.07575988938049992 0.086679089947711174 0.72080652853923488 -0.061389876188394782 0.65332673498860505 0.11043484198333293 -0.16081556939596445 -0.30268486239679993 0.37521599659968052 0.65547167263312811 0.29249154865619376 0.77531031825510732 0.023580587760696541 -0.28924168691353908 0.26985822771795798 -0.16283706469856624 -0.02692343868135463 0.24102067830247062 -0.41813260128513913 0.099168668772135635 -0.67081494607923009
leaf_weight=342.61076101660728 249.82894449681044 73.854879779741168 1016.6386588960886 111.4608251247555 147.04881238937378 168.54485368728638 120.54485368728638 61.138206839561462 100.30963782407343 619.44662737473845 87.736336663365364 68.58086958155036 187.88413119316101 100.16086477041245 106.0396842956543 511.03920040465891 104.81414800882339 41.701620049774647 76.577651495113969 72.024427527561784 21.394935516640544 82.059419378638268 129.1779345870018 172.33855420351028 115.97163510322571 588.78551744110882 89.060768963769078 501.15827043354511 25.237178355455399 24.521726548671722
leaf_count=1915 1200 183 5136 137 152 190 142 132 136 3261 171 120 195 103 109 2411 124 50 96 95 53 103 143 194 130 3287 115 2030 31 34
internal_value=0.00241572 0.218433 -0.123682 0.137829 0.551325 -0.0498729 0.0825823 0.382069 0.252589 0.0184223 0.537068 0.367702 0.306537 0.167854 0.376022 -0.246903 -0.00659515 -0.11977 0.435946 0.629028 0.100286 0.299621 -0.0801673 -0.0109073 0.095847 -0.116826 0.435413 -0.325327 -0.39319 -0.22722
internal_weight=6117.69 2254.61 3863.08 1816.25 438.359 2416.82 811.392 291.31 925.577 890.671 217.455 156.317 814.117 394.085 206.201 1446.27 690.847 552.741 420.032 172.334 640.842 247.698 522.302 393.124 288.31 1605.42 165.638 893.528 526.395 367.132
internal_count=22178 6361 15817 5603 758 9346 923 606 1089 4514 423 291 952 407 212 6471 781 2461 545 231 3314 314 591 448 324 8423 211 4010 2061 1949
is_linear=0
shrinkage=0.03


Tree=12
num_leaves=31
num_cat=0
split_feature=6 11 52 6 55 25 72 40 34 89 24 89 18 52 60 8 21 12 50 46 68 5 59 60 1 69 60 66 60 53
split_gain=167929 61161.8 47033.7 31849.6 28089.2 27449.2 27126.6 19271.4 20787.2 20578.5 18851.5 18379.3 22505.3 23444.3 15653.5 20094 13418.8 12814.1 12332.4 12134.2 11937.7 10641.5 9040.02 8844.34 8813.8 8808.03 7906.64 7157.49 7116.74 6891.47
threshold=48.721760451295282 51.050000000000004 0.34456145709845792 30.528099474171743 221.12500000000003 23.538899430740042 179.31666666666669 38.125572381969157 19.809090909090912 2025.5000000000002 16.527777777777782 2024.5000000000002 4.5000000000000009 0.37986125779963859 662.85000000000014 82.500000000000014 0.89444444444444449 36.050000000000004 10.367516760747101 0.19952606635071093 5.3290705182007522e-15 52.458333333333343 7.7500000000000009 494.60000000000008 41.331223628691994 5.5000000000000009 591.00000000000011 22.500000000000004 413.50000000000006 0.5124617301385711
decision_type=10 10 8 10 2 10 10 8 10 2 8 2 8 10 10 10 8 10 2 10 2 10 10 10 10 2 10 2 10 8
left_child=3 4 6 16 17 26 -3 8 9 21 25 24 13 -13 15 -14 -1 23 29 -17 -11 -6 -21 27 -5 -9 -4 -2 -19 -18
right_child=1 2 5 11 7 -7 -8 10 -10 20 -12 12 14 -15 -16 19 18 28 -20 22 -22 -23 -24 -25 -26 -27 -28 -29 -30 -31
leaf_value=-0.31715521064848129 0.0095523520638046734 0.36713531430243401 0.28065280490784444 -0.15974509495757652 0.55744573046647938 -0.12000546764933893 1.1076891698458533 0.43330771716274707 0.47513666232844104 0.058107823037675449 0.17283553569001905 0.67971439620340446 0.3416190070055708 -0.0045179493947803727 -0.34887344930961917 -0.1734653017759718 -0.21123129627375206 0.28008046316268359 0.26432875405072986 0.34374425271481446 -0.38343461100661425 0.06313042070153714 -0.071306634995181362 0.43815882853313159 -0.023735613428691071 0.84853865445007925 0.77518016108194943 0.46445043117943519 -0.25338075808545873 0.10470458433960093
leaf_weight=724.76108150184155 447.73264879360795 67.427611544728279 56.545068332925439 1101.9376718383282 71.002616554498672 103.20626804791391 138.27161743864417 104.5507949013263 123.1956889051944 111 145.67119491100311 94.796833038330078 151.51335626840591 85.083442330360413 107.22361445426941 294.00939756631851 501.67125520296395 24.684908667579293 63.913605771958828 92.70234078168869 108 86.663502218201756 94.653528392314911 55.495227582752705 702.23376218788326 87.846606343984604 63.017314970493317 32.459681931883097 189.58493535779417 70.289318758994341
leaf_count=3279 2456 188 165 5599 97 153 168 125 145 111 187 108 174 102 113 333 2181 223 175 109 108 122 106 96 3838 97 69 134 917 410
internal_value=0.000112417 0.224064 0.541744 -0.110464 0.138056 0.238058 0.867888 0.257317 0.138552 0.0274991 0.431994 -0.0512246 0.0578574 0.357837 -0.0154363 0.0415166 -0.228942 0.00463939 -0.128058 -0.0534553 -0.160392 0.287848 0.134792 0.0830664 -0.106849 0.626305 0.545569 0.0412035 -0.190908 -0.17229
internal_weight=6101.14 2016.36 428.468 4084.79 1587.89 222.769 205.699 837.93 499.862 376.666 338.069 2724.15 919.983 179.88 740.102 632.879 1360.64 749.957 635.874 481.365 219 157.666 187.356 535.688 1804.17 192.397 119.562 480.192 214.27 571.961
internal_count=22088 5561 743 16527 4818 387 356 992 583 438 409 10482 1045 210 835 722 6045 3826 2766 548 219 219 215 2686 9437 222 234 2590 1140 2591
is_linear=0
shrinkage=0.03


Tree=13
num_leaves=31
num_cat=0
split_feature=5 18 89 55 6 68 55 78 68 1 61 26 42 52 89 15 0 16 45 34 58 34 62 27 64 55 19 54 60 45
split_gain=159822 51378.2 70960.6 32392.3 25375.6 24132.3 32135.1 31735.1 25250.4 23968.3 19607.7 17871.1 16718.4 14759.5 14431.1 11455 13408 7720.61 7618.56 7074.54 7040.04 11281.8 13219.1 6823.45 6799.31 9698.17 8201.96 6792.31 6580.46 6544.11
threshold=43.759615384615394 4.5000000000000009 2024.5000000000002 287.32777777777784 32.271413068717941 -2.748949579831931 290.5428571428572 31.350000000000005 0.86872898983625835 31.253205128205131 683.85000000000014 6.9829957489372347 0.23515857956085665 0.35472431937771681 2024.5000000000002 28.369318181818183 9.5000000000000018 14.500000000000002 1.0000000180025095e-35 29.937500000000004 234.81666666666672 19.809090909090912 600.20000000000016 164.62639520463003 0.080880291561536324 210.79444444444448 2.5500000000000003 204.25138888888893 444.05000000000007 0.1822134387351779
decision_type=10 8 2 2 10 2 2 2 2 10 10 8 8 10 2 8 2 2 8 10 2 10 10 10 2 2 8 2 10 8
left_child=3 2 24 9 -5 7 8 -4 -7 -1 15 -6 19 -10 29 -3 -17 18 -18 -11 23 22 -22 -20 -2 26 -26 -21 -25 -14
right_child=1 10 5 4 11 6 -8 -9 13 12 -12 -13 14 -15 -16 16 17 -19 20 27 21 -23 -24 28 25 -27 -28 -29 -30 -31
leaf_value=-0.28597431420986336 0.019185416020911405 -0.32713206333789302 1.212820758515186 -0.15104524339715636 0.58446777414832052 0.18338642185466492 0.10398096048160638 0.41406269758084197 1.0696677646467379 -0.1886726711619216 0.73389986176728461 0.06181852374301236 0.17140992891967416 0.55697151267976597 0.32714075936707138 -0.17471962658471321 -0.13643940213311195 0.48732182555610426 -0.0047709110181157538 -0.065356102952680586 0.37639584993144459 0.4971922400885247 -0.073507389927155248 0.65915118293197816 0.29945903538920421 0.61737215473064289 -0.11332504964909179 0.44563333125218008 0.043564158059809815 -0.09945645029999485
leaf_weight=978.22983779944479 428.35167663916945 76.026811249554157 92.335421681404114 177.33542168140411 116.95432013273239 89.971635103225708 183.57321858406067 89.034629940986633 92.985817551612854 1239.0330095570534 35.381101548671722 118.09762477874756 99.829156266525388 119.84564542770386 115.21256452798843 197.74852871522307 128.90272220782936 42.25932788848877 427.62104534730315 197.0910777784884 97.566949099302292 92.277236044406891 144.95432013273239 28.239004924893379 99.930704612284899 44.032066568732262 75.171877922490239 25.549822889268398 33.902307683601975 393.44824686087668
leaf_count=5068 2126 221 101 186 125 104 191 101 100 4985 36 128 449 138 141 848 318 51 1907 883 116 100 153 136 544 100 468 43 82 2135
internal_value=0.0039107 0.180632 0.312883 -0.129896 0.119419 0.529641 0.417986 0.825131 0.607381 -0.163652 0.047195 0.323246 -0.10574 0.784923 0.0263672 0.0274938 0.0503392 0.0951659 0.0772925 -0.160716 0.11083 0.216642 0.108292 0.0382028 0.0888704 0.224381 0.122613 -0.00498556 0.329316 -0.0444028
internal_weight=6080.89 2620.11 1315.23 3460.78 412.387 667.746 486.376 181.37 302.803 3048.39 1304.88 235.052 2070.16 212.831 608.49 1269.5 1193.47 995.723 953.464 1461.67 824.561 334.799 242.521 489.762 647.486 219.135 175.103 222.641 62.1413 493.277
internal_count=22084 7941 3973 14143 439 735 533 202 342 13704 3968 253 8636 238 2725 3932 3711 2863 2812 5911 2494 369 269 2125 3238 1112 1012 926 218 2584
is_linear=0
shrinkage=0.03


Tree=14
num_leaves=31
num_cat=0
split_feature=6 11 6 78 89 19 68 39 45 65 21 85 89 75 65 0 90 19 36 19 45 72 18 6 10 15 39 64 23 62
split_gain=147492 59658 38624.2 22809.1 20341.3 23029.6 17358.9 16395 15161.7 14532.2 12827.5 12525 12382.5 12177 11381 15198.4 12778.8 11015.3 11767.2 10278.4 10264.7 16560.2 12582 10131 9990.5 10113.5 9515.15 8741.45 8532.94 7925.36
threshold=48.721760451295282 48.63333333333334 32.001645821151364 36.650000000000013 2024.5000000000002 4.4500000000000011 -3.9535210253456223 28.90454545454546 1.0000000180025095e-35 3.5000000000000004 0.2678571428571429 1.0000000180025095e-35 2024.5000000000002 188.70833333333334 6.5000000000000009 66.500000000000014 30.500000000000004 6.2250000000000005 3.0351851851851852 7.7750000000000012 0.052747507535358222 193.52500000000001 8.5000000000000018 36.924448870101067 0.64583333333333337 17.585714285714293 18.733854166666671 0.087434304825609196 1.1000000000000003 452.05000000000007
decision_type=10 10 10 2 2 8 2 10 8 8 8 2 2 10 10 2 2 8 10 8 10 10 10 10 10 8 8 2 10 10
left_child=2 8 10 6 17 -6 -3 9 -2 -8 -1 -11 26 19 15 16 -15 -4 -19 -14 23 22 -22 -7 25 -12 -10 -28 -24 -29
right_child=1 3 4 -5 5 20 7 -9 12 11 24 -13 13 14 -16 -17 -18 18 -20 -21 21 -23 28 -25 -26 -27 27 29 -30 -31
leaf_value=-0.32628408372366491 -0.1447168207035803 0.76704017106551925 -0.029475635992164437 0.99065919760985621 0.40920381309848403 0.1300314435635074 0.55668201355296043 0.78886107531342731 -0.13041146336890577 0.39559953790240093 -0.42931280455638732 -0.091522717174013349 0.6782680390864787 0.44799149234505925 0.42423485337647449 -0.12524318769473569 0.016864689062423058 -0.47897652875251301 -0.13810936946917649 0.20783238645898192 0.2542938339654075 0.44661229365367272 0.044768815554572905 -0.24309016263702676 0.27897672918563654 -0.13130033711934591 0.026779249136053496 0.091019728294056773 -0.35227437218992275 0.52668539755647437
leaf_weight=707.01190348528326 189.06969680078328 91.245680483058095 882.29552722908556 68.454142825677991 153.27555936574936 94.447228908538818 77.899784276261926 51.402765052393079 191.93890926241875 71.802735786885023 120.43568766117096 135.92853952758014 85.925955235958099 126.03462994098663 112.81101548671722 177.51022374629974 120.79370051622391 104.41145798005164 688.73157590813935 82.957452654838562 107.22674697637558 95.510223746299744 99.384234070777893 208.86296039819717 44.835270594805479 670.65666857361794 296.17078275978565 76.470928162336349 94.177934587001801 73.868017820641398
leaf_count=2999 651 158 4777 101 177 106 173 110 1144 120 602 265 108 138 119 187 121 490 3426 104 126 105 113 233 226 3024 1358 521 108 199
internal_value=-0.00984097 0.198969 -0.113995 0.484377 -0.0417774 0.0774285 0.401336 0.300352 0.106267 0.209994 -0.23223 0.0779407 0.141643 0.228134 0.157744 0.0860662 0.237925 -0.102469 -0.183529 0.449768 0.00426044 0.10468 -0.00501433 -0.126859 -0.152386 -0.177154 0.0457892 0.121654 -0.149231 0.307147
internal_weight=6101.55 2030.28 4071.26 496.734 2528.32 852.885 428.28 337.034 1533.55 285.631 1542.94 207.731 1344.48 706.033 537.15 424.339 246.828 1675.44 793.143 168.883 699.609 396.299 300.789 303.31 835.928 791.092 638.449 446.51 193.562 150.339
internal_count=22089 5577 16512 927 9661 968 826 668 4650 558 6851 385 3999 777 565 446 259 8693 3916 212 791 452 347 339 3852 3626 3222 2078 221 720
is_linear=0
shrinkage=0.03


Tree=15
num_leaves=31
num_cat=0
split_feature=5 19 89 6 60 19 46 68 52 55 26 43 90 63 31 82 7 50 58 63 61 64 3 31 34 2 35 65 42 27
split_gain=152468 59100.6 34765.4 22849.8 18941.7 35829 20004.9 17114.2 28294.3 15470.2 20555.3 13345.6 11695.3 19259.5 9084.83 13609.9 9456.13 8802.85 15339 8716.88 14297.8 8277.29 8259.42 7786.49 7618.79 9796.91 8585.63 7527.63 7418.87 7653.49
threshold=44.806250000000006 2.5500000000000003 2024.5000000000002 33.768443695521015 611.05000000000007 4.2250000000000005 0.25052301255230131 -2.0749149659863941 0.32520303313232307 287.32777777777784 6.8833245320659513 0.10038759689922482 26.500000000000004 535.80000000000007 6.3356923773728484 3.8500000000000001 53.121202367042919 10.200992241722927 278.48333333333341 653.35000000000014 653.95000000000016 0.19803921568627456 70.500000000000014 6.7112602535421333 21.26136363636364 38.833333333333336 26.583085976149565 4.5000000000000009 0.17836116371148222 162.50948406676784
decision_type=10 8 2 10 10 8 10 2 10 2 8 10 2 10 8 2 8 2 2 10 10 2 10 8 10 10 8 10 10 10
left_child=3 2 21 17 14 -6 11 -4 -9 12 -11 -7 13 -5 16 -16 22 -1 -19 20 -14 -2 24 -17 26 -26 -3 -24 29 -25
right_child=1 4 7 9 5 6 -8 8 -10 10 -12 -13 19 -15 15 23 -18 18 -20 -21 -22 -23 27 28 25 -27 -28 -29 -30 -31
leaf_value=-0.23370166385684135 0.09286839528106354 -0.67256997778259753 0.97082298254492017 -0.059397654308955383 0.61732488612469971 -0.35563289256655761 0.34824538786169018 0.86323827928839914 0.23752101852376867 0.49340572827344209 -0.084710920708170573 0.11167654807507854 -0.16148094183021144 0.41341208615513919 0.53228757573530072 0.40760402976094762 -0.47710911976280174 -0.13760489235297946 0.54450727320699155 -0.50910556906913018 0.54777915309875258 0.41083936588267411 -0.022281019077987557 -0.0074965400455218453 0.46057663252880976 -0.10405005406693828 -0.10407495856980371 0.6213372970857115 -0.16851230127235947 0.26808595309341721
leaf_weight=1586.6501223705709 245.09416510723531 24.80144296772778 88.891325294971466 618.96152544952929 151.77951806783676 103.73045825958252 139.16061961650848 107.92282271385193 164.22674697637558 99.842512905597687 122.16061961650848 115.08030980825424 774.73728273063898 87.622030973434448 56.650085162371397 49.188667215406895 46.29951680265367 195.45244088582695 33.952630162239075 60.636213421821594 25.492908775806427 104.88839469105005 34.566783010959625 279.84200059995055 47.348285179585218 63.950750274583697 337.41797102428973 29.928398977965117 142.53409953042865 133.15278746932745
leaf_count=7214 1144 74 99 2925 159 109 147 117 183 105 130 119 3433 100 112 210 231 685 37 66 29 498 168 986 195 293 1604 99 361 424
internal_value=-0.00933418 0.172384 0.402932 -0.133657 0.0788254 0.232682 0.068329 0.609157 0.487905 -0.0575259 0.176335 -0.110468 -0.0907397 -0.000264056 0.0157287 0.0918152 -0.0704011 -0.2086 -0.0347252 -0.164914 -0.138231 0.189062 -0.034581 0.049741 -0.078109 0.138113 -0.144745 0.281311 0.0173789 0.0817864
internal_weight=6071.96 2466.46 711.023 3605.51 1755.43 509.751 357.971 361.041 272.15 1789.45 222.003 218.811 1567.45 706.584 1245.68 661.368 584.313 1816.06 229.405 860.866 800.23 349.983 538.014 604.718 473.518 111.299 362.219 64.4952 555.529 412.995
internal_count=22056 7332 2041 14724 5291 534 375 399 300 6788 235 228 6553 3025 4757 2093 2664 7936 722 3528 3462 1642 2433 1981 2166 488 1678 267 1771 1410
is_linear=0
shrinkage=0.03


Tree=16
num_leaves=31
num_cat=0
split_feature=5 11 55 27 19 64 63 75 18 27 6 67 43 61 82 79 45 11 43 52 61 68 61 75 89 61 78 64 31 82
split_gain=139438 64726 24447.5 22103.5 21696.1 23626.5 32638.5 20018.7 17605.5 16496.9 19137.2 13105.2 12225.9 11736.9 11513.2 11511.9 10291.3 14646.8 13844.6 13152.8 12980 10481.3 15072.2 9343.76 8373.61 11300.1 9655.44 9048.47 8153.15 10283.4
threshold=44.806250000000006 57.45000000000001 287.32777777777784 146.71772772695184 2.5500000000000003 0.038241057588254225 591.65000000000009 193.63333333333335 2.5000000000000004 152.12675111809426 80.347793480770761 29.247151133180548 0.48424362793776904 543.45000000000016 6.4500000000000011 75.500000000000014 0.055684754521963829 39.105555555555561 0.42878275570583269 0.26060923967720001 667.20000000000016 7.8474567099567123 478.55000000000007 191.45000000000002 2024.5000000000002 509.85000000000008 34.250000000000007 0.28724251735518386 8.3376781369482114 8.0500000000000025
decision_type=10 10 2 8 8 2 10 10 8 10 10 2 10 8 2 2 8 10 10 10 10 2 10 10 2 10 2 2 10 2
left_child=2 4 8 12 5 23 14 9 13 10 -3 -10 -4 -1 -7 -16 17 18 -6 -20 21 -18 -23 -2 -13 -26 27 -27 29 -21
right_child=1 7 3 -5 16 6 -8 -9 11 -11 -12 24 -14 -15 15 -17 20 -19 19 28 -22 22 -24 -25 25 26 -28 -29 -30 -31
leaf_value=0.014216558304455699 0.099808238222796761 0.23783296707755824 0.090737225947124245 -0.1885484902034183 -0.21069086914676377 0.73469792513390597 1.0597122376008399 0.94598313492019015 -0.28464861410718367 0.038424270210830197 0.97967059887313868 -0.17260832459611664 0.50486708201009678 0.79797453178341948 0.33775101714451633 -0.14867123813304953 0.038078810630289728 -0.65766406780825271 0.67684663345661855 0.7032469227259075 0.44740580962891602 -0.092187498334000945 0.50454316368163576 -0.50213438711151248 0.27781259492017041 0.1197159752422562 -0.36072346201302852 -0.20513944361026665 -0.32408711938158374 -0.054018759326200518
leaf_weight=288.5273453630507 148.77169717662036 62.950711969286203 167.30392426252365 165.51022374629974 161.33980052918196 42.268002610653639 60.874010324478149 93.645585536956787 765.34758286550641 69.66989528387785 62.952110182493925 1628.6327151358128 103.63621342182159 17.288773663341999 148.00749656185508 61.334300078451633 1114.9050780180842 35.372126318514347 36.462791685014963 24.109095636755228 87.318106710910797 58.571347238495946 106.53623066842556 26.465033054351807 86.513356268405914 182.19838207960129 95.177934587001801 132.33855420351028 38.041476991027594 44.81907063536346
leaf_count=1762 627 132 177 175 450 136 65 95 3710 121 91 8274 109 27 627 202 3635 91 138 63 90 305 135 33 109 215 109 154 93 230
internal_value=-0.00810705 0.165051 -0.12655 0.0839034 0.109329 0.285593 0.441546 0.586146 -0.155307 0.40991 0.613553 -0.178206 0.250418 0.0609813 0.288386 0.195207 0.0588441 -0.0886359 -0.0206591 0.193077 0.09557 0.0712384 0.293574 0.0065668 -0.139751 -0.0317813 -0.0976708 -0.0171809 0.0234322 0.21712
internal_weight=6116.89 2484.41 3632.48 436.45 2195.2 487.721 312.484 289.218 3196.02 195.573 125.903 2890.21 270.94 305.816 251.61 209.342 1707.48 340.144 304.772 143.432 1367.33 1280.01 165.108 175.237 2124.86 496.228 409.715 314.537 106.97 68.9282
internal_count=22180 7359 14821 461 6920 1690 1030 439 14360 344 223 12571 286 1789 965 829 5230 1065 974 524 4165 4075 440 660 8861 587 478 369 386 293
is_linear=0
shrinkage=0.03


Tree=17
num_leaves=31
num_cat=0
split_feature=5 11 15 55 89 29 29 78 89 42 61 25 54 37 6 59 54 4 74 67 28 5 66 61 41 35 47 68 66 81
split_gain=133768 66728.2 33684.9 25859.3 23921.4 23694.5 20921.4 16244.4 13864 13004 16438.6 16015.8 22128 17968.5 12856.3 12362.4 11735.8 10414.6 8933.05 8512.45 14747.9 11270.2 8362.47 7331.29 7279.06 7312.97 6224.17 6491.02 5600.68 6383.92
threshold=44.975000000000009 57.45000000000001 95.708333333333357 255.93035714285716 2024.5000000000002 17.689422180801497 4.430501930501932 36.650000000000013 2024.5000000000002 0.31532777567260334 600.95000000000016 17.223551302498674 194.9041666666667 9.2970843183609144 47.047627613816651 8.5000000000000018 213.35000000000002 42.707142857142863 1.5583333333333373 35.902569887739382 12.506097560975611 36.025000000000006 1.5000000000000002 521.95000000000016 3.4376554726368167 29.446148602590323 0.31666666666666671 -0.00040322580645479883 16.500000000000004 19.250000000000004
decision_type=10 10 8 2 2 10 8 2 2 10 10 8 2 8 8 8 2 10 8 2 8 8 2 10 10 10 10 2 2 2
left_child=4 6 3 -3 15 7 18 14 28 11 -11 12 -10 -13 17 -1 -15 19 26 20 -6 -21 -22 -20 -17 -26 27 -2 -8 -30
right_child=1 2 -4 -5 5 -7 8 -9 9 10 -12 13 -14 16 -16 24 -18 -19 23 21 22 -23 -24 -25 25 -27 -28 -29 29 -31
leaf_value=-0.10434141633044663 -0.037734529278444291 0.30003656568240883 0.06362930580045166 1.0155156465664501 0.2092163073742494 0.4857335614739462 0.055357838367631335 -0.33021916235421567 0.73051478634815836 0.17633415068484748 0.65647522798265434 -0.17118790012360169 0.12460331205156644 0.031691144253237484 0.27586111733377688 -0.27983741715791199 0.47836038134885212 -0.28497941381100161 -0.12296803287180953 0.43265512902481912 -0.020153783424877263 -0.0060990026524115016 -0.34208376960775627 0.3877364843066558 0.21936605913120172 -0.17950011507510408 0.097194547543408449 -0.39745878711107446 0.14834547996872757 0.74484410077332175
leaf_weight=1450.9995226468891 70.764934834092855 67.129383500665426 77.430631440132856 147.36691910028458 121.38423407077789 84.146437168121338 841.90051838383079 143.28974181413651 90.510223746299744 125.83146297931671 132.12912219762802 175.75115317106247 134.47872632741928 114.92282271385193 139.90864026546478 842.7148606646806 97.398416519165039 125.22674697637558 47.703305071219802 84.733838200569153 143.40154904127121 136.63934594392776 146.40154904127121 51.985817551612854 52.20390410721302 186.0526416040957 52.795330846682191 124.81514523737133 58.788177754729986 21.646505113691092
leaf_count=8162 168 177 113 155 135 99 4476 160 100 151 141 197 145 124 156 4473 104 144 289 100 163 155 166 59 165 875 147 308 306 85
internal_value=0.00413202 0.176452 0.601176 0.794029 -0.110543 0.00455987 0.118299 -0.0347639 0.159598 0.245381 0.423851 0.169717 0.370508 0.0526534 0.0127115 -0.161672 0.237874 -0.0361728 -0.0943383 0.013455 -0.0672731 0.163031 -0.183402 0.14456 -0.238461 -0.0915538 -0.190419 -0.268157 0.0784098 0.31605
internal_weight=6090.45 2433.35 291.927 214.496 3657.1 1125.13 2141.42 1040.99 1793.36 871.022 257.961 613.061 224.989 388.072 897.696 2531.97 212.321 757.787 348.065 632.561 411.187 221.373 289.803 99.6891 1080.97 238.257 248.375 195.58 922.335 80.4347
internal_count=22198 7245 445 332 14953 1278 6800 1179 5829 962 292 670 245 425 1019 13675 228 863 971 719 464 255 329 348 5513 1040 623 476 4867 391
is_linear=0
shrinkage=0.03


Tree=18
num_leaves=31
num_cat=0
split_feature=11 1 75 89 18 7 66 55 62 43 55 5 46 40 62 30 51 37 18 56 42 7 43 15 1 60 36 31 2 7
split_gain=143789 71031.6 35484.9 29632.2 22135.4 27031.3 20826 20793.4 26413.5 16560.9 15577.4 19203.3 13476.9 21102.6 11358 15982.3 10712.8 10200.3 9801.07 10498.4 9701.96 8885.96 8836.45 8468.35 7064.4 6596 5911.46 7096.66 5894.7 9877.71
threshold=48.63333333333334 40.239047619047632 195.80000000000004 2024.5000000000002 5.5000000000000009 33.561063739526809 1.5000000000000002 295.42500000000007 583.10000000000014 0.5637940882478939 287.32777777777784 54.06071428571429 0.24336075205640426 38.570218942784571 651.85000000000002 18.751803231390657 8.3171824949753432 6.7504177497215005 3.5000000000000004 149.20743168973914 0.39647406026716375 45.55046518204994 0.35946206439565082 25.651515151515156 54.1451127819549 489.95000000000005 2.1273148148148153 5.2649347880166326 11.833333333333334 28.363090412832971
decision_type=10 10 10 2 8 10 2 2 10 10 2 10 8 10 10 8 2 10 8 2 10 10 8 8 10 10 10 8 8 10
left_child=1 10 6 20 5 -5 21 8 24 17 11 18 16 22 15 -12 -6 -7 19 -1 -3 -2 -14 26 25 -8 -20 -28 29 -25
right_child=2 3 -4 4 12 9 7 -9 -10 -11 14 -13 13 -15 -16 -17 -18 -19 23 -21 -22 -23 -24 28 -26 -27 27 -29 -30 -31
leaf_value=-0.073273682674211749 -0.23405499900157115 -0.051736119039788246 1.2120010223432007 0.78783317477991621 0.12850662606719804 0.1666401039775863 0.29349978930142773 0.12311511078728556 1.0127519467438033 -0.10991089207935348 0.36742596435377323 0.67509939976756772 -0.15878055267748278 0.56592029629437401 -0.16580493345284802 -0.12242719988939865 -0.19946220535013959 0.57866445711197478 -0.37954222334773569 0.51382722316423701 0.11999871282875484 0.27401049294112934 0.24784191695917895 -0.17671492345981152 0.090924423149872327 0.84605770577178707 -0.28755810397442977 0.063767728921483774 -0.17087231163039243 0.52022537597221385
leaf_weight=349.76924134977162 49.427635440602899 1115.1131387315691 54.015625 104.11493974924088 180.9259552359581 110.59053355455399 44.376663891598582 84.286609292030334 110.09762477874756 90.859827876091003 144.54172116518021 23.535438410937786 94.366919100284576 110.92282271385193 147.95432013273239 101.25511187314987 175.73383820056915 107.00313252210617 315.50709656998515 28.738237723708153 401.95476998947561 79.504768857732415 96.097624778747559 45.223994176834822 49.040581239387393 36.120072234421968 170.4318728223443 73.665986323729157 1606.6358552407473 29.356133799999952
leaf_count=2024 158 6298 55 120 203 124 187 88 120 102 153 40 102 120 156 106 191 120 1481 65 2019 130 106 168 151 52 852 333 6260 99
internal_value=0.00728848 -0.0363588 0.490723 0.0791171 0.199884 0.371909 0.40221 0.530245 0.672338 0.229426 -0.134757 -0.160976 0.0916305 0.238971 0.0411896 0.165954 -0.0331964 0.370976 -0.168743 -0.0274615 -0.00618504 0.0789357 0.0466011 -0.192585 0.377468 0.54878 -0.293724 -0.181704 -0.158765 0.100867
internal_weight=6131.17 5624.3 506.87 2587.68 1070.62 412.568 452.854 323.922 239.635 308.453 3036.62 2642.86 658.047 301.387 393.751 245.797 356.66 217.594 2619.33 378.507 1517.07 128.932 190.465 2240.82 129.537 80.4967 559.605 244.098 1681.22 74.5801
internal_count=22183 21242 941 9505 1188 466 886 598 510 346 11737 11322 722 328 415 259 394 244 11282 2089 8317 288 208 9193 390 239 2666 1185 6527 267
is_linear=0
shrinkage=0.03


Tree=19
num_leaves=31
num_cat=0
split_feature=89 19 5 45 24 15 4 73 71 52 23 75 42 44 54 59 63 37 2 19 34 10 37 61 0 29 82 61 35 75
split_gain=99864.1 77882.1 32359.6 26488 23558.5 21685.3 26389.8 36723.6 16963.4 16255.7 24759.5 14491.6 14127.8 14954.5 12684.7 10810.3 13510.4 12641.5 9712.95 9052.48 11127.6 7722.64 7528.73 7236.22 6927.13 6558.37 6555.37 6482.15 6112.99 5920.55
threshold=2024.5000000000002 4.4500000000000011 42.052777777777784 0.052747507535358222 6.6833333333333345 95.708333333333357 63.211111111111116 56.500000000000007 -0.10037313432835758 0.32439500201195975 25.354166666666668 191.63333333333335 0.45936947879858664 0.080064102564102582 164.45714285714288 8.5000000000000018 627.05000000000007 7.7143855213254389 35.166666666666679 4.4500000000000011 13.207142857142857 0.23611111111111113 8.8326130349588912 451.55000000000007 9.5000000000000018 10.715838509316772 7.1500000000000012 472.25000000000006 24.117039096190172 169.19166666666669
decision_type=2 8 10 10 10 10 10 2 2 10 10 10 10 10 2 10 10 10 10 8 10 10 10 10 2 10 2 8 8 10
left_child=2 5 19 14 18 6 9 -8 -9 -2 -11 -6 24 27 -3 16 17 -16 22 28 -21 26 -5 -15 -4 -17 -20 -14 29 -1
right_child=1 3 12 4 11 -7 7 8 -10 10 -12 -13 13 23 15 25 -18 -19 21 20 -22 -23 -24 -25 -26 -27 -28 -29 -30 -31
leaf_value=-0.22001842242340561 0.52694510673810135 0.21438652140937689 -0.25730667245922839 0.056148469139995327 0.19588095528737187 -0.040595579790905556 0.24251145539863087 1.198748426254822 0.62176646423391002 0.45324743914532561 -0.16613898872375585 0.66761645645564194 0.13844075007276924 0.27356975679642304 0.36509170581555883 -0.38899976071226888 -0.31420136243209984 -0.11855850724537867 0.20842502221287695 -0.31701596821641764 -0.15738835518121866 0.33910194083267187 -0.27951597605732742 0.83756868223318437 -0.023476389768530413 -0.13245180156707237 -0.05375490891813605 -0.19838155175487007 -0.10819124981332143 0.41944048379143023
leaf_weight=18.436837036162615 136.90864026546478 92.590533554553986 130.11061719618738 115.76533561944962 155.3558691740036 95.097624778747559 126.12912219762802 91.954320132732391 99.541721165180206 105.32123923301697 127.19524955749512 94.381101548671722 207.65336774475873 51.862033659592271 95.70234078168869 190.52753871679306 94.255111873149872 97.114939749240875 140.84564542770386 613.54679581336677 1103.4057739060372 107.41573148965836 123.52753871679306 34.5912847481668 877.04182818904519 171.54485368728638 216.57635110616684 67.289482109248638 465.82200601138175 39.590905517339706
leaf_count=227 153 106 1029 130 183 105 135 100 108 121 147 95 1194 297 112 206 99 113 159 3227 5607 120 139 93 4497 193 237 152 2875 89
internal_value=-0.0104413 0.136185 -0.111108 0.0218886 0.126391 0.383623 0.442314 0.642675 0.903615 0.268777 0.115159 0.376112 0.00384175 0.164489 -0.112489 -0.159371 -0.0217182 0.12214 0.0374131 -0.181282 -0.214582 0.117278 -0.11757 0.506231 -0.0539094 -0.26815 0.0498529 0.0555867 -0.0719388 0.215983
internal_weight=6087.1 2477.75 3609.35 1695.6 953.868 782.148 687.05 317.625 191.496 369.425 232.516 249.737 1368.55 361.396 741.735 649.145 287.072 192.817 704.131 2240.8 1716.95 464.838 239.293 86.4533 1007.15 362.072 357.422 274.943 523.85 58.0277
internal_count=22048 2761 19287 1892 1063 869 764 343 208 421 268 278 7262 1736 829 723 324 225 785 12025 8834 516 269 390 5526 399 396 1346 3191 316
is_linear=0
shrinkage=0.03


Tree=20
num_leaves=31
num_cat=0
split_feature=6 44 6 54 65 26 44 72 18 69 54 90 67 52 52 81 51 34 50 58 53 1 54 46 64 1 46 36 39 90
split_gain=130925 45769.8 38882.1 33257.4 23420.3 17909 16144.3 18043.6 14709 13915 15921.7 12334.5 13759.6 12717.1 12199.8 13879.6 20941.8 11471.6 11890.6 11262 10954.9 10631.2 10009.7 11646.1 11866.8 9747.72 9627.06 16506.4 11627.5 9481.93
threshold=58.500285945581645 0.1133811928711549 30.528099474171743 194.12857142857146 4.5000000000000009 13.052351375332742 0.34649567318936619 175.26785714285717 3.5000000000000004 4.5000000000000009 231.2166666666667 23.500000000000004 54.336309523809533 0.34456145709845792 0.32790203756554065 9.5500000000000007 8.2807336525892143 37.225000000000009 8.2259096223949388 219.64305555555561 0.37992172241835409 48.502475247524764 190.20833333333334 0.37528280542986431 0.25753070458952815 44.317255996691493 0.24336075205640426 3.5590277777777781 24.25403225806452 34.500000000000007
decision_type=10 8 10 2 10 8 8 10 10 2 2 2 2 10 10 2 2 10 2 2 10 10 2 8 2 8 10 10 8 2
left_child=2 3 -1 11 -5 9 7 8 19 -3 20 -2 -13 -14 15 -9 29 22 -19 25 -11 -16 -8 26 -25 -4 28 -28 -24 -17
right_child=1 5 6 4 -6 -7 17 14 -10 10 -12 12 13 -15 21 16 -18 18 -20 -21 -22 -23 23 24 -26 -27 27 -29 -30 -31
leaf_value=-0.19546017616542319 -0.028423902447738431 0.025367378787159618 -0.062205211791670552 1.0582224484062115 0.43174746543171466 -0.18768153326505424 -0.11970458402986034 0.05181542794225031 -0.15546065344716486 0.43623665524857735 0.77993809172028417 0.81048291261491601 0.56875103081182155 -0.12398868671120561 -0.007699955192200663 1.0909122221243861 0.087903108955096496 -0.11988612791715564 0.70633497020905012 0.57288457786769964 -0.0045329355995925927 0.38921696693714586 -0.082837209459267841 0.0081412190021138836 -0.51995326404290043 0.19442181879029757 0.027508771532659727 0.64344560179363763 0.36330210073814162 0.48534066466589482
leaf_weight=1374.5729883685708 77.160705573856831 190.93240079283714 318.01089546829462 129.50791704468429 95.006325261667371 121.66189443692565 1414.7700447551906 89.260171240195632 400.58334617316723 107.86625760234892 61.691333904862404 55.086530026048422 45.363559739664197 48.515249196439981 278.04771189577878 48.028890285640955 62.633864689618349 28.008044173941016 33.894111078232527 38.001441419124603 95.025689359754324 76.692911602556705 274.63241747766733 96.70881756208837 62.370735418051481 227.80929556116462 94.244356160983443 66.108782019466162 63.968684485182166 49.835285514593124
leaf_count=6080 250 697 1811 160 113 302 5970 179 1973 273 66 132 137 130 560 107 101 119 114 45 207 151 433 164 93 1258 138 137 102 104
internal_value=0.00312357 0.311835 -0.0591631 0.538088 0.796211 0.134559 -0.00880992 0.0635725 -0.0156745 0.220848 0.361286 0.279429 0.438016 0.213219 0.192436 0.352647 0.518596 -0.0626901 0.336543 0.0803402 0.23079 0.0789641 -0.0747694 0.0218763 -0.200865 0.045063 0.0931516 0.283855 0.00226925 0.790566
internal_weight=6126 1027.82 5098.18 450.64 224.514 577.178 3723.61 1588.9 984.405 455.516 264.583 226.126 148.965 93.8788 604.499 249.758 160.498 2134.71 61.9022 583.822 202.892 354.741 2072.8 658.034 159.08 545.82 498.954 160.353 338.601 97.8642
internal_count=22106 2467 19639 922 273 1545 13559 6289 5087 1243 546 649 399 267 1202 491 312 7270 233 3114 480 711 7037 1067 257 3069 810 275 535 211
is_linear=0
shrinkage=0.03


Tree=21
num_leaves=31
num_cat=0
split_feature=6 89 39 16 17 19 49 26 52 23 56 89 54 16 34 60 1 58 6 52 0 43 25 66 2 81 13 77 42 56
split_gain=91492.5 43949.2 32492 23484.2 19663 16424.5 14886.1 14329.8 13878.7 16692.7 14675 13218.7 13148 13107.1 12910.9 11634.9 11313.7 13970.8 12091.3 11755.3 10503.1 8893.49 10725.2 8693.32 8598.24 6206.15 6158.77 5844.36 7947.45 7764.74
threshold=41.772964406879666 2024.5000000000002 20.692744755244757 7.5000000000000009 3.5000000000000004 2.5500000000000003 141.03534499818022 7.6066291949082503 0.32270865782712305 27.211111111111112 155.28375354857505 2024.5000000000002 161.92500000000004 4.5000000000000009 19.522727272727277 584.6500000000002 29.622685185185187 251.1166666666667 36.264161906512882 0.38460191786748948 9.5000000000000018 0.3133486943164363 18.758753501400566 34.500000000000007 61.166666666666679 10.750000000000004 1.9000000000000001 1.0000000180025095e-35 0.42162228925061113 149.6574923545962
decision_type=10 2 8 2 10 8 2 10 10 10 2 2 2 2 8 10 8 2 8 10 2 10 10 2 10 2 10 2 8 2
left_child=5 20 14 8 -5 7 -6 21 10 -10 -4 24 -13 -11 15 -3 -14 18 -18 26 -2 -1 -23 27 -7 -17 -19 28 -22 -30
right_child=1 2 3 4 6 11 -8 -9 9 13 -12 12 16 -15 -16 25 17 19 -20 -21 23 22 -24 -25 -26 -27 -28 -29 29 -31
leaf_value=-0.15266254571585727 -0.21988823742459054 0.20851652398673987 0.17414245310144691 0.24601841053951704 0.98837306757258458 -0.18030289793216189 0.500775206718302 0.7535893976300182 0.42585025475431576 -0.24991811472359746 0.67706823087120616 0.25266834719662196 -0.26003173874307656 0.21083306588346373 0.29883968460105376 0.050451717231526784 0.37493291591364092 -0.094172439593562571 -0.045982378925848728 0.10881923494427823 0.008865855255105911 0.04585755058951798 0.71083290636994423 0.44694174513650259 0.332626610230918 -0.22752363521985758 -0.4096349564494382 -0.046710344576104373 0.16698108839586542 0.73271711616630009
leaf_weight=104.58410007692873 165.36004761606455 137.76846814155579 116.27242684364319 148.79683303833008 91.685025811195374 1950.0092953369021 156.24092942476273 28.096449185162783 92.478726327419281 127.63934594392776 95.223614454269409 122.6078485250473 224.54485368728638 96.859827876091003 153.59053355455399 115.7480206489563 120.83146297931671 106.51022374629974 123.48185884952545 117.41573148965836 417.11959990486503 77.119816780090332 29.532953171059489 43.195731624960899 28.979747368022799 190.14643716812134 117.54172116518021 615.55602755956352 177.43001195788383 24.107613235712051
leaf_count=608 1228 165 127 162 102 10521 168 82 103 146 101 142 246 108 167 124 146 116 147 130 2119 488 124 163 107 205 126 3028 773 108
internal_value=0.00341697 0.123008 0.235386 0.346649 0.520972 -0.109117 0.684339 0.12938 0.215049 0.0889707 0.4027 -0.128757 -0.0356126 -0.0510743 0.0627378 -0.0194859 -0.0794891 -0.00995733 0.162872 -0.133728 0.00434346 0.0431945 0.234887 0.0335195 -0.172628 -0.122518 -0.260755 0.0187001 0.0837531 0.237937
internal_weight=6116.48 2965.22 1522.45 925.197 396.723 3151.26 247.926 239.333 528.474 316.978 211.496 2911.92 932.934 224.499 597.253 443.663 810.326 585.781 244.313 341.468 1442.77 211.237 106.653 1277.41 1978.99 305.894 224.052 1234.21 618.657 201.538
internal_count=22080 9097 1678 1017 432 12983 270 1302 585 357 228 11681 1053 254 661 494 911 665 293 372 7419 1220 612 6191 10628 329 242 6028 3000 881
is_linear=0
shrinkage=0.03


Tree=22
num_leaves=31
num_cat=0
split_feature=6 67 61 39 60 25 6 81 15 89 69 80 81 14 26 60 50 58 18 45 25 19 3 2 70 3 38 82 46 54
split_gain=108183 37152.8 35446.1 25701.7 30476.2 23670.8 15186.7 13264.9 13071.3 17514.3 17563.1 20124.3 17125.2 12738.3 12232.1 12322.8 9685.56 11444.6 9351.06 11477.8 9602.12 9531.62 12473.8 8489.13 8483.35 8244.56 13265.2 11792.2 7588.77 7302.07
threshold=58.500285945581645 42.304512757109144 667.20000000000016 31.464114832535888 606.15000000000009 23.662418211559437 27.573191898806328 28.850000000000005 25.870833333333337 2024.5000000000002 5.5000000000000009 14.850000000000003 8.5000000000000036 5.5000000000000009 11.080417434008597 512.6500000000002 10.333716404645893 210.59285714285718 4.5000000000000009 0.054422048539695601 16.916358059327425 9.5833333333333339 40.45000000000001 62.833333333333336 46.843203671328673 58.900000000000006 0.48912529550827427 5.0500000000000007 0.043636940653760718 153.15000000000001
decision_type=10 2 10 8 10 10 10 2 8 2 2 2 2 2 10 10 2 2 8 10 10 10 10 10 2 10 10 2 10 2
left_child=1 6 3 25 7 -6 16 23 29 -10 12 -12 -11 -14 15 -8 -1 -18 -17 20 -20 22 -21 -5 -25 -2 -27 -28 -29 -3
right_child=2 8 -4 4 5 -7 14 -9 9 10 11 -13 13 -15 -16 18 17 -19 19 21 -22 -23 -24 24 -26 26 27 28 -30 -31
leaf_value=-0.25215916469502875 0.4421986216870275 0.043283599130205269 0.87204250765062707 0.38622097671178351 0.99298766785603143 0.36416736324162158 -0.10358294613505502 0.70119853565817469 0.0024449619762678823 0.42131493357905825 0.75896909900360199 0.1655912606627705 0.15174196492873035 -0.26982298832008622 -0.27065863088232744 0.27065614383997172 -0.15198974549861319 0.52120534276169983 -0.38008504107250513 0.47533185078258477 0.0042819493375159572 -0.14736519011154095 0.015871051885441523 0.27311122691436496 -0.17225739600787623 -0.52189033123788897 0.54793844598290897 -0.35825931606419603 0.065567832838528739 -0.3851288005693933
leaf_weight=868.95481148920953 43.423897352069616 58.913001656532288 82.318106710910797 57.676618358120322 93.636213421821594 129.63621342182159 1481.8177992850542 33.934762354940176 1002.3759342357516 96.240929424762726 91.859827876091003 116.97163510322571 136.73383820056915 120.38423407077789 265.60284285806119 137.63418871164322 74.550218913704157 31.519100666046143 101.64616212248802 96.536539703607559 135.94182538986206 86.291675806045532 117.09375989437103 55.500846864655614 119.81078790873289 36.985869202762842 39.770117200911045 43.357273656874895 265.22964862175286 89.568964079022408
leaf_count=4127 163 287 85 203 99 135 7330 79 5311 108 103 131 152 134 620 159 345 48 116 110 155 102 136 146 378 55 82 130 898 243
internal_value=-0.00591954 -0.0617985 0.279069 0.225062 0.373222 0.631134 -0.119222 0.155936 0.0520962 0.0776606 0.211526 0.428977 0.0821675 -0.045918 -0.0789275 -0.0552038 -0.219155 0.0510536 0.0509759 -0.00567334 -0.161064 0.117548 0.224742 0.073861 -0.0305115 0.0552019 0.0105599 0.0684234 0.00505414 -0.215996
internal_weight=6111.92 5110.64 1001.28 918.962 490.195 223.272 3397.59 266.923 1713.05 1564.57 562.19 208.831 353.359 257.118 2422.56 2156.96 975.024 106.069 675.144 537.51 237.588 299.922 213.63 232.988 175.312 428.767 385.343 348.357 308.587 148.482
internal_count=22170 19717 2453 2368 1040 234 13248 806 6469 5939 628 234 394 286 8728 8108 4520 393 778 619 271 348 246 727 524 1328 1165 1110 1028 530
is_linear=0
shrinkage=0.03


Tree=23
num_leaves=31
num_cat=0
split_feature=1 89 44 28 89 49 34 61 1 0 40 43 15 6 44 45 2 54 48 42 44 70 75 42 69 44 14 49 4 72
split_gain=99173 43149.8 50188.7 23780.2 18078.9 17696.6 16071.9 14953.7 25246.8 14239 13469.4 13245 13111.8 12684.6 12407.2 11488.7 9950.7 9554.41 9336.39 9295.41 9466.22 9978.82 9757.65 9257.5 8245.64 7895.99 7133.23 6693.95 6241.86 5980.77
threshold=43.684571016582559 2024.5000000000002 0.1133811928711549 34.952550637659421 2024.5000000000002 158.71367517480186 19.522727272727277 606.85000000000014 40.239047619047632 12.500000000000002 38.804616987591515 0.5270603115430702 63.654761904761912 37.203484723003903 0.60678958993565746 0.054422048539695601 44.833333333333336 207.77500000000001 91.816894476841384 0.44912747707778772 0.064126753749395263 49.429089026915122 171.56666666666669 0.10025125628140706 6.5000000000000009 0.40054945054945063 4.5000000000000009 152.84955493271579 52.414285714285718 170.47500000000002
decision_type=10 2 8 8 2 2 10 10 8 2 10 8 8 10 8 8 8 2 2 10 10 2 10 8 2 10 2 2 8 10
left_child=4 9 3 5 13 -3 10 8 23 -2 11 17 -13 -1 -8 -9 25 -4 -15 27 -21 22 -22 -6 -10 -17 -27 -11 -18 -20
right_child=1 2 6 -5 7 -7 14 15 24 19 -12 12 -14 18 -16 16 28 -19 29 20 21 -23 -24 -25 -26 26 -28 -29 -30 -31
leaf_value=-0.18113893602553771 -0.20307139811472055 0.61375494559833965 0.017341857087574512 0.86005131490886255 -0.085910156567399684 0.11883007226110465 0.61585585611749605 -0.34656982349915083 0.20154799959082847 -0.044327669804821661 0.35463010450967342 -0.092471594963161263 0.35772522303381221 -0.21809934984981716 0.13051901011433012 0.053090154778665917 0.30697946175123852 -0.40508553508399048 -0.059719220347539612 0.073383955988919433 0.28431725940772024 0.17520382403502427 1.0900829062808595 0.19181950271921314 0.60788503911939651 -0.066328413499346664 -0.43315763745137537 0.1810795763661249 -0.035992051945319951 0.11509316095104836
leaf_weight=1604.1174628082663 188.97364650480449 140.28974181413651 93.748020648956299 151.14643716812134 368.47707396745682 121.54172116518021 97.954320132732391 132.33542168140411 91.670843362808228 445.884312864393 110.71652323007584 113.76533561944962 117.55903613567352 212.17074841819704 92.303924262523651 119.98581755161285 95.667710840702057 97.985817551612854 460.00007713958621 168.70464213192463 26.534920604899526 69.931024728342891 28.752014249563217 151.64247846603394 90.083442330360413 92.492908775806427 98.478726327419281 160.4072677269578 94.017314970493317 284.05518975295126
leaf_count=8953 1402 157 102 166 438 130 106 141 109 2626 120 128 132 973 102 127 100 105 2512 837 166 271 59 183 107 96 109 681 100 947
internal_value=0.00832894 0.168012 0.297198 0.560737 -0.0829536 0.385338 0.146313 0.00655829 0.101845 0.0330051 0.061638 -0.015695 0.136873 -0.129606 0.382308 -0.0990933 -0.033117 -0.199522 -0.0430568 0.0827329 0.220878 0.417438 0.715278 -0.0047245 0.405166 -0.137416 -0.256763 0.0155086 0.137688 0.00708315
internal_weight=6121.39 2226.2 1137.01 412.978 3895.2 261.831 724.033 1334.85 701.874 1089.19 533.775 423.058 231.324 2560.34 190.258 632.978 500.642 191.734 956.226 900.214 293.923 125.218 55.2869 520.12 181.754 310.957 190.972 606.292 189.685 744.055
internal_count=22185 7290 1248 453 14895 287 795 1510 837 6042 587 467 260 13385 208 673 532 207 4432 4640 1333 496 225 621 216 332 205 3307 200 3459
is_linear=0
shrinkage=0.03


Tree=24
num_leaves=31
num_cat=0
split_feature=6 62 1 34 39 1 89 42 5 72 55 62 76 29 55 73 69 29 55 60 80 58 59 73 28 31 62 72 37 60
split_gain=92628.9 33243.4 35742.2 35881.6 18455.6 18390 13317.9 25021.3 19541 13002.1 16395.9 19294 12170.6 11688.2 13796.5 11209.1 11853.4 9389.15 7954.94 11906.1 14498 7774.5 6800.68 6642.76 6583.36 6750.41 7353.58 6384.73 6221.25 8253.73
threshold=47.047627613816651 631.30000000000007 46.302173913043482 20.04545454545455 21.527591803611283 32.201449275362329 2024.5000000000002 0.33910544727636188 34.306250000000006 198.65000000000001 293.33571428571435 583.10000000000014 1.0000000180025095e-35 15.003521126760566 200.6166666666667 62.500000000000007 3.5000000000000004 17.005102040816329 235.97500000000005 631.30000000000007 16.550000000000004 130.50476190476192 4.5000000000000009 93.500000000000014 32.599065420560756 6.0623396435753429 453.15000000000003 173.37500000000003 9.6672433679354111 603.75000000000011
decision_type=10 10 10 8 8 10 2 10 10 10 2 10 2 8 2 2 2 8 2 10 2 2 10 2 8 8 10 8 10 8
left_child=5 4 -3 -4 18 28 21 8 -8 10 11 13 -5 14 -6 16 -10 -15 -2 20 -20 -7 24 -17 -19 26 -26 -28 -1 -30
right_child=1 2 3 12 9 6 7 -9 15 -11 -12 -13 -14 17 -16 23 -18 22 19 -21 -22 -23 -24 -25 25 -27 27 -29 29 -31
leaf_value=-0.21075879966654879 -0.094865416133404337 0.0090607005076885714 0.10410273805656917 0.56391355297767609 0.09852484299518327 0.12069970440242231 0.31542970426944023 0.53471137123098278 -0.1691730398298823 0.6680451639189402 -0.21990644741549628 0.4880522187448284 1.0425121151836974 -0.26864922278863923 0.67787300036644083 -0.38906727482279579 0.23681515206884282 -0.078298647490295567 0.0084137064686757631 -0.14856863326621861 0.5455142431191391 -0.10173745360270969 0.53473852471648065 -0.091537823042395369 0.088486347854488487 0.0056221658451988208 0.70705841522846902 0.22500927066648116 -0.11822990024780061 0.3605314329175266
leaf_weight=1017.125956133008 443.9732966106385 148.19211703538895 97.111807227134705 100.28660929203033 79.883173018693924 153.57855836115777 142.21256452798843 89.258244395256042 112.32123923301697 46.153727291151881 93.111807227134705 165.98895007371902 100.3181067109108 63.976129431277514 68.556403024122119 110.70234078168869 150.05194491147995 152.72087591513991 99.023039773106575 103.01731497049332 82.313898324966431 1679.2643730118871 31.41081864386797 172.97163510322571 102.14887675642967 152.49883898533881 46.107507599517703 55.023539481684566 190.58159231394529 38.015377581119537
leaf_count=4986 2313 155 100 104 320 1200 168 107 128 63 96 186 103 191 123 127 168 678 123 109 104 7928 99 187 612 622 127 103 711 41
internal_value=0.00481182 0.158588 0.39003 0.578997 0.100616 -0.0842088 -0.038921 0.0650613 0.00346644 0.180588 0.157706 0.196192 0.807234 0.131235 0.368841 -0.0782094 0.0630303 0.0723164 -0.0155977 0.108065 0.253873 -0.0830432 0.113141 -0.208606 0.0860996 0.15669 0.269438 0.449556 -0.179 -0.037389
internal_weight=6087.9 2231.82 445.909 297.717 1785.91 3856.08 2610.36 777.518 688.26 1057.58 1011.43 918.315 200.605 752.326 148.44 546.047 262.373 603.887 728.328 284.354 181.337 1832.84 539.91 283.674 508.5 355.779 203.28 101.131 1245.72 228.597
internal_count=22082 6331 462 307 5869 15751 10013 885 778 3220 3157 3061 207 2875 443 610 296 2432 2649 336 227 9128 2241 314 2142 1464 842 230 5738 752
is_linear=0
shrinkage=0.03


Tree=25
num_leaves=31
num_cat=0
split_feature=6 39 19 63 82 55 62 29 55 26 55 46 51 23 68 55 62 60 2 58 29 24 41 47 51 55 54 81 58 27
split_gain=96413.5 27301.6 18607.8 17880.6 16998.8 24832.4 16439.3 20976.6 16954.6 21150.3 14724.9 16526.1 15423 13148.8 9398.76 8730.8 8579.97 8478.09 11779.3 8390.38 8386.07 13999.4 8360.88 9155.64 6235.46 8463.34 8030.89 6367.29 8188.5 5901.71
threshold=49.931274268774729 21.669871794871799 4.4500000000000011 603.80000000000007 7.8500000000000005 278.40833333333336 576.45000000000016 22.496376811594207 264.06250000000006 10.129370434394692 287.32777777777784 0.066852886405959044 9.5372771466294566 23.267857142857146 1.8733575231879096 295.42500000000007 639.35000000000014 489.10000000000008 66.416666666666671 193.20555555555561 4.3112535612535625 3.6458333333333335 3.7834192439862551 0.43650793650793657 10.6055659051541 311.12916666666678 211.95000000000005 17.550000000000004 260.47500000000008 163.52366353707609
decision_type=10 8 8 10 2 2 10 10 2 10 2 10 2 8 2 2 10 10 10 2 8 8 10 10 2 2 2 2 2 10
left_child=2 4 3 -1 5 22 13 8 -8 14 11 -4 16 -3 -10 17 -12 19 -19 -15 -6 -22 23 -2 25 26 27 28 -23 -13
right_child=1 6 10 -5 20 -7 7 -9 9 -11 12 29 -14 15 -16 -17 -18 18 -20 -21 21 24 -24 -25 -26 -27 -28 -29 -30 -31
leaf_value=-0.0057384843664776367 -0.35420038521081998 0.77644575624624024 -0.22535176836522347 0.42002184677991727 -0.25028590548692753 0.61625013347310975 0.64261445181156396 0.7876324289027824 0.20424903373776088 0.54572605842931976 0.094880872487594803 -0.088226239043379326 0.31650676010008727 0.13425801064445808 -0.19783395882879198 -0.3356792847419261 -0.21997178107839574 0.64301658054927713 0.12160586427912753 -0.34991343575395245 0.65943041268571734 0.029264242585528035 0.38417429191033348 0.23683888745603615 -0.45085564264508993 0.4975661484557406 -0.36770038964478807 -0.22875811352184894 0.55682700166620869 0.1968954018209976
leaf_weight=944.24109031632543 65.809294847771525 29.634631602093577 1132.4065431840718 96.985817551612854 140.40352519787848 97.842512905597687 100.03462994098663 100.7480206489563 113.39841651916504 102.08030980825424 150.30392426252365 1583.3569052051753 133.98581755161285 356.59512927755713 95.429913938045502 32.143304646015167 159.7480206489563 68.84482603520155 89.622367944568396 34.444043919444084 27.532323596999049 150.98439742252231 35.170938799157739 35.607471430674195 28.25296888127923 27.793700516223907 54.20769739151001 61.470634253695607 31.143304646015167 67.225706370547414
leaf_count=4889 198 136 4569 104 407 103 112 109 120 106 160 6849 141 1753 101 34 168 110 134 60 66 771 129 115 64 28 74 320 33 245
internal_value=0.00286697 0.181864 -0.0759646 0.0342842 0.0424328 0.254062 0.275636 0.401038 0.304577 0.194103 -0.111537 -0.137128 0.0488043 0.170182 0.0204389 0.138014 -0.0675263 0.166282 0.35074 0.0908268 -0.0529524 0.0201587 -0.00797935 -0.1464 -0.0312994 0.00637533 -0.0409784 0.0329328 0.122024 -0.0765015
internal_weight=6147.45 1879.19 4268.25 1041.23 756.219 234.43 1122.98 511.691 410.943 310.909 3227.03 2782.99 444.038 611.284 208.828 581.65 310.052 549.506 158.467 391.039 521.789 381.385 136.588 101.417 353.853 325.6 297.806 243.598 182.128 1650.58
internal_count=22208 5083 17125 4993 2308 545 2775 548 439 327 12132 11663 469 2227 221 2091 328 2057 244 1813 1763 1356 442 313 1290 1226 1198 1124 804 7094
is_linear=0
shrinkage=0.03


Tree=26
num_leaves=31
num_cat=0
split_feature=1 11 61 25 48 61 29 3 60 5 64 43 43 38 1 55 72 62 69 55 57 41 18 64 50 75 15 57 59 82
split_gain=84297.8 35355.9 27534.2 23651.5 26551.5 18591.5 19063.2 16397.2 14083.4 16560 14272.8 14106.9 14015.1 12309.9 11666 9944.82 9027.85 11871 11606.9 18391.1 8352.79 8779.64 7605.49 9425.47 8660.54 8557.61 7145.4 10055.3 6820.94 11514.4
threshold=40.901388888888896 51.050000000000004 657.6500000000002 23.662418211559437 141.05799409097185 674.60000000000002 3.6742424242424243 73.100000000000009 512.6500000000002 42.51315789473685 0.066890380313199119 0.51730794834243121 0.55232908040442952 0.47871376811594207 30.010000000000002 271.38571428571436 179.42500000000004 667.00000000000011 4.5000000000000009 239.07857142857145 9.7995143498912043 2.3697843413033293 2.5000000000000004 0.059017027863777098 10.367516760747101 187.05000000000004 73.535714285714292 8.6017757306850182 6.5000000000000009 3.7500000000000004
decision_type=10 10 10 10 2 10 8 10 10 10 2 8 8 8 8 2 8 10 2 2 2 10 8 2 2 10 10 2 10 2
left_child=14 5 3 4 7 6 26 -3 22 -10 12 -12 15 -5 20 -11 -16 18 -18 -20 -1 -22 23 25 28 -8 27 -2 29 -24
right_child=1 2 -4 13 -6 -7 8 -9 9 10 11 -13 -14 -15 16 -17 17 -19 19 -21 21 -23 24 -25 -26 -27 -28 -29 -30 -31
leaf_value=-0.25390973605510492 -0.10766511169100462 0.57691529811820719 0.93038849812371816 0.3314213634039983 0.919087116068393 0.51014811671507276 0.1053509882671598 -0.15600861114990414 0.56587852635254221 0.6390069952001507 -0.20750629032925366 0.21788119615343221 0.013195462677962672 -0.16761360187761096 -0.121135341775332 0.23733366041290443 -0.069632967562982692 -0.3189384447812933 -0.047487382478698846 0.39803917656408389 -0.20123387074397445 0.2188884846707502 0.57271910999685038 0.32575651731480632 -0.44804370473675098 -0.35947789609580927 0.24008319592811334 -0.51743414481818728 -0.16461087204301442 0.013217746954071777
leaf_weight=697.56601833552122 180.79456152208149 51.111433506011963 63.52440619468689 70.224885247647762 77.074276950210333 80.762203097343445 194.25027636811137 57.406041713431478 89.876769453287125 91.339992225170135 163.74261826276779 121.22252756357193 136.3738688826561 117.51717087626457 1525.8647574689239 144.16061961650848 373.62628629617393 90.048812389373779 167.60661444999278 164.57843643426895 105.99165792949498 75.988048141822219 33.635099625214934 147.13087091222405 39.582137091085315 42.60983407497406 31.864474393427372 76.247858200222254 183.9097639862448 750.22673015482724
leaf_count=3555 687 132 66 94 126 82 1064 136 107 114 180 138 161 192 6758 152 851 95 359 191 398 206 156 736 160 64 88 150 873 4185
internal_value=-0.00720065 0.108628 0.357381 0.257656 0.496855 0.0651685 0.0501569 0.191312 0.0810789 0.186087 0.133338 -0.0264198 0.255502 0.0198173 -0.113742 0.395168 -0.0784348 0.00348206 0.0450101 0.173777 -0.206748 -0.0255687 0.0246294 0.138049 -0.0186988 0.0205711 -0.178172 -0.230751 -0.000694126 0.0379248
internal_weight=6145.86 2944.59 436.858 373.334 185.592 2507.73 2426.97 108.517 2138.06 746.716 656.84 284.965 371.874 187.742 3201.27 235.501 2321.72 795.86 705.811 332.185 879.546 181.98 1391.34 383.991 1007.35 236.86 288.907 257.042 967.772 783.862
internal_count=22256 9843 746 680 394 9097 9015 268 8090 852 745 318 427 286 12413 266 8254 1496 1401 550 4159 604 7238 1864 5374 1128 925 837 5214 4341
is_linear=0
shrinkage=0.03


Tree=27
num_leaves=31
num_cat=0
split_feature=6 61 6 44 66 73 30 61 13 64 69 38 10 74 23 7 85 42 42 46 68 72 1 80 90 75 46 70 74 62
split_gain=68731.2 33597 24032.1 17350.5 17412.4 18646.6 25888.9 16012.6 20241.1 17856 19731.6 22555.7 17926.7 15446.7 12061.4 11266.1 11761.1 10552.4 10458 7971.51 9556.3 7960.46 7776.44 7591.59 7511.5 16390.3 8548.3 7281.46 6941.98 8332.51
threshold=58.500285945581645 667.20000000000016 27.573191898806328 0.1133811928711549 1.5000000000000002 83.500000000000014 18.613637550642782 513.35000000000002 1.0000000180025095e-35 0.030803117587258563 3.5000000000000004 1.0653955808980757 1.0000000180025095e-35 -6.4250000000000105 22.683333333333337 56.230818944136807 1.0000000180025095e-35 0.061272622256449756 0.075359675087767614 0.30453442806493752 -0.59761443337024633 192.87500000000003 47.871111446692851 24.250000000000004 23.500000000000004 190.87500000000003 0.22016949152542376 49.804507337526211 -5.9083333333333448 595.45000000000016
decision_type=10 10 10 8 2 2 10 10 10 2 2 8 10 8 8 8 2 8 8 10 2 10 10 2 2 10 10 2 8 10
left_child=2 3 24 4 -2 6 -6 17 -9 10 -10 -12 -11 -8 18 16 -5 -4 21 22 -21 -14 -18 -24 25 -1 -26 -22 -17 -30
right_child=1 -3 7 15 5 -7 13 8 9 12 11 -13 14 -15 -16 28 19 -19 -20 20 27 -23 23 -25 26 -27 -28 -29 29 -31
leaf_value=-0.1359351265014323 0.022388130028028062 0.8115323518951153 -0.11626815425684643 0.50351363516915526 0.67821286536949288 0.74321276451973972 0.30285819794784463 0.5027198197902194 -0.021606000986658387 0.25998094882976236 0.73822150626460814 0.082372300500113946 -0.15254566913542503 -0.46751655756170618 -0.19396984740964732 0.090542159967445177 0.18661169752546847 0.0036889733785965173 0.31517357294604353 0.78604539048843691 0.48848326365977829 0.19068083751703094 -0.27024663914417851 0.23185846262385998 -0.2944130965981685 0.52207898339304226 0.017957475034155138 -0.14656518934389767 -0.058682806989999864 -0.69182739731835496
leaf_weight=389.89317210577428 119.60470097512007 80.492908775806427 1290.8626736607403 65.632256338372827 68.991891479119658 116.48175597190857 45.422274066135287 90.119154632091522 159.73924821615219 162.95035803318024 99.792268991470337 89.278924882411957 203.3051500916481 46.335724810138345 424.30097353458405 48.399814927950501 97.682720180600882 1349.2550618406385 91.966101408004761 25.560436194762588 26.175237452611327 85.636213421821594 116.79374025575817 34.360036039724946 491.99636856466532 36.339089870452881 93.725188897922635 39.600814241915941 38.538809824734926 35.730705678462982
leaf_count=1950 317 84 6555 139 175 138 109 108 188 189 113 100 250 130 497 121 178 6839 112 90 69 92 419 88 2183 88 408 188 182 38
internal_value=0.000902423 0.227274 -0.0441382 0.175628 0.325291 0.455421 0.243577 -0.0114274 0.0702803 0.0403298 0.224037 0.430594 -0.0260196 -0.08701 -0.0841483 0.0628428 0.138967 -0.0549848 0.0383718 0.0673623 0.305423 -0.0505137 -0.0208916 -0.155335 -0.174821 -0.0787444 -0.244483 0.10968 -0.188072 -0.36843
internal_weight=6064.96 1005.8 5059.16 925.311 396.836 277.232 160.75 4047.21 1407.09 1316.97 348.81 189.071 968.159 91.758 805.208 528.475 405.805 2640.12 380.907 340.173 91.3365 288.941 248.836 151.154 1011.95 426.232 585.722 65.7761 122.669 74.2695
internal_count=22137 2465 19672 2381 869 552 414 15043 1649 1541 401 213 1140 239 951 1512 1171 13394 454 1032 347 342 685 507 4629 2038 2591 257 341 220
is_linear=0
shrinkage=0.03


Tree=28
num_leaves=31
num_cat=0
split_feature=1 60 43 18 11 67 40 18 55 67 0 82 40 7 72 55 67 69 63 42 67 52 45 9 54 65 54 42 62 62
split_gain=75312 33542.8 36780.6 20175.8 20385.9 17336.9 14114.3 13483 11201.7 11157.9 11019.6 10839.7 10215 11364 9573.11 9163.49 8959.48 7355.69 9445.27 7820.79 10149.3 7300.84 7124.1 6737.03 8319.75 7469.58 7414.19 6740.5 6347.93 10347.8
threshold=40.239047619047632 522.75000000000011 0.23674166331860189 2.5000000000000004 30.633333333333336 64.328007143480491 33.539436799184507 1.5000000000000002 315.89047619047625 45.758522727272727 12.500000000000002 1.9000000000000001 38.125572381969157 33.809122816746985 192.87500000000003 289.38333333333338 30.066228070175445 3.5000000000000004 498.90000000000003 0.10535885167464117 35.76794871794872 0.37696093806548131 0.48497743391360421 0.47222222222222227 138.75000000000003 5.5000000000000009 203.08333333333334 0.3869446135118686 646.60000000000014 635.75000000000011
decision_type=10 10 10 10 10 2 8 10 2 2 2 2 10 8 10 2 2 2 10 8 2 10 10 10 2 10 2 10 10 8
left_child=8 10 12 5 6 7 -5 -4 16 -6 -2 -12 13 -3 23 -11 21 22 -19 20 -20 -1 28 24 25 -13 -25 -27 29 -18
right_child=1 2 3 4 9 -7 -8 -9 -10 15 11 14 -14 -15 -16 -17 17 18 19 -21 -22 -23 -24 26 -26 27 -28 -29 -30 -31
leaf_value=-0.10439156203538483 -0.15528687934671564 0.15397569154321891 0.44969495943700294 0.67808820051790819 -0.1390407054272105 0.20931344942325431 0.23313178530974579 0.96948227169356604 0.18726297735514877 0.41517254982182084 0.70688831325670953 0.022156500333356782 0.20460185799130245 -0.23567185196399756 0.4748746464101643 0.014939101246303488 -0.16911749476001964 -0.088005252732304376 0.24781458114541091 0.34311445116352968 -0.11567539007580725 -0.26626402667161897 0.04803624162259696 0.13829961676775138 -0.086124841563059842 0.16673827349722123 -0.34001091366109354 0.78393752578604969 -0.51000667812299083 0.43569680597622218
leaf_weight=522.84771602414548 256.59291980601847 103.1827437877655 91.097624778747559 119.16230845451355 125.04569202661514 90.898169100284576 141.20209223031998 94.193805873394012 117.87401032447815 104.2834889292717 21.764654172584414 211.3672322742641 150.56310307979584 190.12600183486938 44.62884971126914 100.90550774335861 713.26596736721694 610.09523598849773 112.009162992239 91.062440503388643 177.10297073796391 484.73373688943684 163.55856678448617 543.39067190699279 569.51135654747486 48.588605245575309 29.879743061959743 23.255753258243203 45.492908775806427 25.464317984879017
leaf_count=2641 1769 113 101 131 138 101 160 105 122 116 58 1298 170 207 88 104 3068 2819 143 129 222 1990 538 2600 2692 227 91 93 49 93
internal_value=0.00670679 0.111967 0.226651 0.340267 0.240602 0.551753 0.438593 0.717717 -0.0984229 0.0836498 0.0259444 0.0571875 0.0045152 -0.0985408 0.0470984 0.219377 -0.109915 -0.072128 -0.0149187 0.102292 0.0255184 -0.182453 -0.131823 0.033387 -0.0200845 0.112552 0.112821 0.374543 -0.169348 -0.147709
internal_weight=6123.15 3059.64 1310.66 866.789 590.599 276.19 260.364 185.291 3063.51 330.235 1748.98 1492.39 443.872 293.309 1470.62 205.189 2945.63 1938.05 990.27 380.175 289.112 1007.58 947.782 1425.99 852.723 283.212 573.27 71.8444 784.223 738.73
internal_count=22176 10362 1446 956 649 307 291 206 11814 358 8916 7147 490 320 7089 220 11692 7061 3313 494 365 4631 3748 7001 4310 1618 2691 320 3210 3161
is_linear=0
shrinkage=0.03


Tree=29
num_leaves=31
num_cat=0
split_feature=1 61 44 51 50 64 11 44 70 11 60 47 64 13 50 18 18 75 42 69 60 10 67 62 55 69 55 63 46 66
split_gain=68003.9 23102.1 19835.2 16469.8 23503.4 29586.4 19109.3 16036.8 18156.7 16103.2 14511.2 13177.5 12367.1 10394.8 10154 11548.3 9876.64 9850.25 9432.57 8958.34 8825.15 8297.97 8103.06 12425.4 12557.4 9491.81 8232.76 8387.55 7826.75 7637.65
threshold=40.239047619047632 478.55000000000007 0.60678958993565746 8.797998091136721 8.3528924528209956 0.029268989149057685 32.225000000000009 0.16313923105636435 67.049206141878571 39.828571428571429 631.30000000000007 0.10555555555555557 0.039441275602800106 2.9444444444444451 8.1322685249258306 4.5000000000000009 2.5000000000000004 190.25833333333335 0.29735554520037283 4.5000000000000009 527.60000000000014 0.64583333333333337 31.02149425287357 672.20000000000016 304.72857142857146 3.5000000000000004 207.3275793650794 569.30000000000007 0.22673539518900346 38.500000000000007
decision_type=10 10 8 2 2 2 10 10 2 10 10 10 2 10 2 8 8 10 10 2 10 10 2 10 2 2 2 10 10 2
left_child=14 16 3 4 5 18 19 8 9 -7 11 -4 -13 -6 15 20 29 -8 -3 -5 -1 22 -16 24 25 -24 -27 -28 -14 -2
right_child=1 2 10 6 13 7 17 -9 -10 -11 -12 12 28 -15 21 -17 -18 -19 -20 -21 -22 -23 23 -25 -26 26 27 -29 -30 -31
leaf_value=-0.085847251131980287 0.10733463928155985 0.12952531688381952 0.44651119710143017 0.11672629083319028 0.36884622386631544 0.28214704575755672 0.11255906329416782 0.086285770841575349 0.056219811587609726 0.7651786608217499 -0.1859050000706878 0.34882011500084409 -0.35997451550465126 0.85212694168302294 -0.14972567724766214 -0.19865010771845837 -0.040416453217055323 -0.32043185721159972 -0.34278589377062757 0.57324774158391834 0.2497582313594689 0.39344266886863649 -0.10758703298941638 -0.44449426759584565 0.48779538707848008 -0.027837124326588102 0.4518853549745338 0.042153981510415627 0.066522575970386078 0.70403187161233083
leaf_weight=363.62674660794437 349.50875837169588 68.294596236199141 90.571413308382034 91.207746874541044 76.250177830457687 103.58995520323515 83.042473513633013 149.08489346131682 77.940467566251755 160.9007428586483 193.95432013273239 69.435402859002352 70.872837200760841 89.923333868384361 493.84987516142428 1228.4233196470886 1012.6187825705856 107.60377478599548 83.792458359152079 67.041234321892262 86.433637380599976 37.48091097548604 363.03782539814711 51.286609292030334 50.111807227134705 194.42831758596003 91.948591327294707 87.541721165180206 83.403973158448935 19.493554979562759
leaf_count=2246 1964 95 123 143 94 167 122 213 87 186 202 98 94 120 1864 5133 6136 116 110 93 100 160 1127 55 53 777 157 96 117 61
internal_value=-0.00142566 0.098746 0.173898 0.242387 0.316564 0.233773 0.0698129 0.346752 0.45957 0.577771 0.0175877 0.143361 0.0191875 0.633902 -0.101609 -0.151052 0.00801591 -0.132225 -0.131234 0.312514 -0.0209837 -0.0409518 -0.0534593 0.00335923 0.0330691 0.00152933 0.107475 0.25339 -0.130461 0.140674
internal_weight=6096.7 3048.53 1666.91 1158.67 809.777 643.603 348.895 491.516 342.431 264.491 508.238 314.284 223.712 166.174 3048.17 1678.48 1381.62 190.646 152.087 158.249 450.06 1369.69 1332.2 838.355 787.068 736.956 373.919 179.49 154.277 369.002
internal_count=22109 10341 2180 1546 1072 858 474 653 440 353 634 432 309 214 11768 7479 8161 238 205 236 2346 4289 4129 2265 2210 2157 1030 253 211 2025
is_linear=0
shrinkage=0.03


Tree=30
num_leaves=31
num_cat=0
split_feature=5 6 66 51 71 72 75 62 22 44 55 23 61 55 82 3 39 16 47 82 66 90 89 39 5 55 23 58 62 18
split_gain=78477.8 27117 23513 23471.2 29953.9 16692.6 21849.9 15199.3 12851 12472.7 10904.9 10542.6 23478 14869.4 13982.2 13437.6 13064.4 9516.37 9347.02 9041.71 8583.9 8522.64 10163.2 8742.02 8422.75 8596.76 8056.71 7940.3 7142.9 6165.09
threshold=57.658333333333339 41.772964406879666 1.5000000000000002 8.6156605758738394 -7.4072325447591956 194.32500000000002 191.45000000000002 625.15000000000009 171.35890151515156 0.1133811928711549 278.40833333333336 37.845238095238102 569.30000000000007 258.65000000000003 9.1500000000000004 55.63333333333334 22.401754385964917 7.5000000000000009 0.47222222222222227 11.15 20.500000000000004 23.500000000000004 2024.5000000000002 28.513157894736846 23.353571428571431 304.72857142857146 18.527777777777782 230.25000000000003 619.80000000000007 3.5000000000000004
decision_type=10 10 2 2 2 10 10 10 8 10 2 8 10 2 2 10 8 2 10 2 2 2 2 8 10 2 8 2 10 8
left_child=1 21 7 4 -4 6 8 10 9 19 17 12 20 27 16 -16 -14 -2 -5 -6 -3 22 29 26 -23 28 -24 -13 -26 -1
right_child=2 11 3 18 5 -7 -8 -9 -10 -11 -12 13 14 -15 15 -17 -18 -19 -20 -21 -22 24 23 -25 25 -27 -28 -29 -30 -31
leaf_value=0.076379436149577706 -0.072993000133512037 -0.022271576746053564 1.0106897567236568 -0.17601070575549779 1.0142312821869719 -0.0084665851886788681 0.79658282059896746 0.34957148974769303 -0.22375328662504609 0.12872295803205314 -0.49046171358635415 -0.013712629260432201 0.20773144493119766 -0.29440072814868673 0.32069733610979867 -0.13261452785877767 0.69473103710960182 0.57060100269876868 0.31072119335448278 0.36217536590710986 0.34721924379741115 -0.28554239381120183 0.15036259424775397 0.24809055513189257 -0.11420557225846692 0.14299892751984977 -0.23690419244484626 0.38251948279475234 -0.37037378610964261 -0.13087396892265224
leaf_weight=155.26474289223552 147.92751904763281 862.90984611213207 74.615560788661242 85.034630449488759 34.430145958438516 87.741520345211029 110.83050960302353 98.874010324478149 37.656530562788248 84.375930877402425 48.158682227134705 464.66420803405344 100.03462994098663 174.9511986374855 126.38254410028458 108.60471600294113 99.716523230075836 23.011640556156635 59.471544697880745 45.593820992857218 59.553784597665071 309.02008325606585 94.209432005882263 170.51335626840591 1310.0803785920143 108.19211703538895 97.289741814136505 49.453849524259567 105.19211703538895 751.22565439715981
leaf_count=988 796 3900 175 153 120 94 117 103 87 340 54 1939 112 190 135 115 109 56 106 145 219 1414 107 193 5801 115 114 63 112 4075
internal_value=0.000403454 -0.0455939 0.252667 0.360131 0.461748 0.357247 0.459503 0.0427406 0.271598 0.385728 -0.0966845 0.0391613 0.0876599 -0.056351 0.269141 0.111515 0.453093 0.0164616 0.0250627 0.651776 0.00193273 -0.101516 -0.0416933 0.0925079 -0.142883 -0.113777 -0.046594 0.0250702 -0.133494 -0.0953303
internal_weight=6084.98 5147.26 937.722 619.75 475.244 400.628 312.887 317.972 202.056 164.4 219.098 2046.27 1357.2 689.069 434.738 234.987 199.751 170.939 144.506 80.024 922.464 3100.99 1268.5 362.013 1832.48 1523.46 191.499 514.118 1415.27 906.49
internal_count=22047 19701 2346 1337 1078 903 809 1009 692 605 906 6782 4590 2192 471 250 221 852 259 265 4119 12919 5477 414 7442 6028 221 2002 5913 5063
is_linear=0
shrinkage=0.03


Tree=31
num_leaves=31
num_cat=0
split_feature=1 19 75 28 43 89 26 54 38 17 69 19 66 62 55 8 74 23 65 69 0 64 19 36 40 90 57 32 75 62
split_gain=57479.9 28639 25624.9 22126.5 19374.9 15349.9 16330 13629.8 20095.3 14705.3 12800.8 13846.3 12765.3 12307.8 18927.2 12178 11919.4 9151.79 8558.09 11493.2 8105.65 9542.39 7986.33 7700.77 7426.56 7230.45 6997.66 7142.28 8233.55 6897.9
threshold=43.684571016582559 2.5500000000000003 195.4916666666667 26.719375000000003 0.21905649671719221 2024.5000000000002 12.427707017016015 213.35000000000002 1.2169863665187066 3.5000000000000004 3.5000000000000004 4.2250000000000005 1.5000000000000002 474.55000000000007 290.5428571428572 122.50000000000001 -11.350000000000007 15.050000000000002 6.5000000000000009 6.5000000000000009 53.500000000000007 0.053222963615762314 4.4500000000000011 2.1443452380952386 35.965824123718868 38.500000000000007 9.9655598477675245 9.4325623700623709 188.23333333333338 603.85000000000002
decision_type=10 8 10 10 10 2 10 2 10 10 2 10 2 10 2 10 8 8 8 2 2 2 8 10 8 2 2 10 10 8
left_child=5 2 3 -2 -5 22 10 18 9 -9 12 15 17 -6 16 -12 -15 -7 26 24 -13 -22 -1 -24 -20 -19 27 29 -29 -3
right_child=1 7 -4 4 13 6 -8 8 -10 -11 11 20 -14 14 -16 -17 -18 25 19 -21 21 -23 23 -25 -26 -27 -28 28 -30 -31
leaf_value=-0.026845121769386526 0.79028563969718002 -0.014358294741351342 0.94622558276466384 -0.53381191687549767 0.076366087125941215 -0.15739476593715351 -0.28378176478162842 0.084762989917720286 -0.15287754896440919 0.55225124250898738 0.55569378853821494 0.26725187594852345 -0.25252084408775316 0.20868704802504462 -0.042263354462223422 0.1170289041967643 0.71409163714042156 0.309387570509492 -0.21709406569204667 0.59715896436058913 0.12399284935790551 -0.19539965361183723 -0.22745227156213629 -0.10073924328238833 0.25189313259250307 -0.036606368538446628 -0.33776335287750225 -0.029836326251570861 0.42078574536181446 -0.27606735807021393
leaf_weight=685.79381723329425 57.031223390251398 674.84031762182713 48.03125 31.849667234346271 270.58561283163726 123.24092942476273 150.19524955749512 104.90779358148575 96.303308732807636 143.61776351928711 106.90864026546478 102.90864026546478 198.0377624630928 67.567544639110565 72.69920825958252 122.08344233036041 114.94683381542563 128.25824439525604 53.954066313803196 45.696071859449148 167.22674697637558 167.57635110616684 676.24058542773128 1199.5552715118974 67.020818004384637 93.478726327419281 63.025553027167916 78.636047368869185 66.894006907939911 103.727304212749
leaf_count=3806 154 3615 50 73 1374 135 170 139 120 160 123 119 223 98 76 139 180 146 174 143 186 188 3535 5933 233 104 156 292 82 115
internal_value=-0.00280977 0.121377 0.285442 0.232356 0.173983 -0.0712689 0.0101897 0.0486837 0.213883 0.356045 0.0468926 0.134876 -0.0611815 0.217789 0.366846 0.323352 0.529146 0.0490711 -0.000831017 0.197343 0.0357614 -0.035976 -0.114501 -0.146517 0.0426627 0.164016 -0.0344577 -0.0134288 0.178754 -0.0495348
internal_weight=6082.84 2161.33 662.711 614.68 557.649 3921.5 1359.91 1498.62 344.829 248.526 1209.72 666.704 543.016 525.799 255.214 228.992 182.514 344.978 1153.79 166.671 437.712 334.803 2561.59 1875.8 120.975 221.737 987.123 924.098 145.53 778.568
internal_count=22041 7234 2005 1955 1801 14807 1533 5229 419 299 1363 755 608 1728 354 262 278 385 4810 550 493 374 13274 9468 407 250 4260 4104 374 3730
is_linear=0
shrinkage=0.03


Tree=32
num_leaves=31
num_cat=0
split_feature=1 19 75 64 67 60 61 61 69 81 19 22 36 36 55 75 12 55 65 15 14 43 43 22 90 64 71 44 60 26
split_gain=57221.7 21851.9 26116 15034.7 18002.7 18070.1 13463.6 11598.8 15919.8 12299.1 10742.8 11503.5 10933.3 10658.9 9345.54 8689.17 8314.87 9195.64 8224.15 8105.18 7665.03 7487.29 9070.08 7317.56 7250.84 7185.02 10006.5 10618.9 7942.54 6974.99
threshold=43.370899470899481 2.5500000000000003 195.80000000000004 0.19803921568627456 61.002314814814817 483.90000000000003 641.6500000000002 574.25000000000011 4.5000000000000009 18.650000000000002 4.6333333333333337 175.0661375661376 3.1273148148148153 3.5446428571428572 304.72857142857146 189.44166666666669 3.683333333333334 315.89047619047625 8.5000000000000018 33.035714285714292 4.5000000000000009 0.348670900964479 0.40927455484417513 139.80087180503273 37.500000000000007 0.35339366515837112 -1.0000000180025095e-35 0.22356594811837782 595.00000000000011 12.736185383244207
decision_type=10 8 10 2 2 10 10 10 2 2 8 10 10 8 2 10 10 2 8 10 2 10 10 10 2 2 2 10 10 10
left_child=10 2 3 4 5 -2 19 25 13 -10 11 16 18 -9 -14 -6 17 -1 29 -5 -21 -22 -23 -20 -18 28 27 -27 -3 -12
right_child=1 7 -4 6 15 -7 -8 8 9 -11 12 -13 14 -15 -16 -17 24 -19 23 20 21 22 -24 -25 -26 26 -28 -29 -30 -31
leaf_value=-0.055830533386547261 0.019767152936687595 -0.0030031107321028538 1.0204332435297594 0.75522511087377064 -0.011911203022414451 0.46487502852904528 0.92681913696333207 0.2153223910606861 0.16250812747859553 0.57262921901356079 -0.14902094568892374 0.58066058940711718 -0.061050243678267023 -0.1187147104637957 0.26289910378112846 -0.58532485530873946 0.067149995827567976 0.47967779472304511 -0.072536773176647321 -0.093069420815497336 0.72985187937691476 -0.2242326621835968 0.47663814876720201 0.49451005711789892 0.63193440071796692 1.2699260868135698 -0.071644987418033421 0.18295293569176468 -0.29784490973414868 -0.34765866896997927
leaf_weight=782.35814328864217 189.92136064358056 840.69569520838559 37.03125 28.803563371300697 57.315632939338684 143.69789822399616 37.34960412979126 146.12912219762802 168.98581755161285 108.04881238937378 1323.5349240675569 30.136353926733136 1285.0741863269359 205.859827876091 84.492908775806427 39.705706298351288 58.02674675360322 28.968502581119537 59.244383536279202 49.576193924993277 32.274381842464209 28.558051750063896 37.276736410334706 30.137568388134241 30.834292806684971 13.464855026453732 34.242419082671404 19.268439915031195 90.146189749240875 180.79699867404997
leaf_count=3815 903 4271 39 97 251 192 39 155 176 113 4894 77 4809 217 88 43 194 30 253 157 110 92 140 49 111 73 301 157 108 338
internal_value=-0.00502252 0.113297 0.255782 0.210333 0.107774 0.212302 0.41541 0.0534873 0.154266 0.323947 -0.0751803 0.0137443 -0.103093 0.0201788 -0.0408876 -0.250156 -0.0058581 -0.0361432 -0.156491 0.302571 0.209802 0.362243 0.173806 0.122014 0.267979 -0.0101346 0.28764 0.654471 -0.0318457 -0.173109
internal_weight=6201.96 2308.35 681.51 644.479 430.641 333.619 213.839 1626.84 629.024 277.035 3893.61 930.324 2963.28 351.989 1369.57 97.0213 900.188 811.327 1593.71 176.489 147.685 98.1092 65.8348 89.382 88.861 997.818 66.9757 32.7333 930.842 1504.33
internal_count=22292 7634 2063 2024 1389 1095 635 5571 661 289 14658 4227 10431 372 4897 294 4150 3845 5534 596 499 342 232 302 305 4910 531 230 4379 5232
is_linear=0
shrinkage=0.03


Tree=33
num_leaves=31
num_cat=0
split_feature=1 60 29 5 28 45 46 74 19 58 67 30 38 19 36 3 54 75 45 65 36 65 62 63 28 15 74 39 72 63
split_gain=57758.8 27037.3 22148.1 17913.4 20800.6 14033.6 19583.5 12633.5 22738.5 11979.8 11121.7 10339.1 9595.99 9011.04 8444.1 8293.29 14680.2 7697.83 9587.32 8115.82 7584.33 7496.14 7396.27 7149.92 14593.4 6985.93 5785.18 7697.99 6472.11 5732.93
threshold=40.901388888888896 522.75000000000011 3.757352941176471 42.51315789473685 37.140080845771152 0.055684754521963829 0.25052301255230131 -1.8975225225225356 2.2250000000000005 239.95000000000005 61.002314814814817 18.919655751716824 1.278584768624196 4.7750000000000012 2.3979166666666671 35.225000000000009 203.08333333333334 171.63333333333335 0.14319890635680113 6.5000000000000009 3.8027777777777785 4.5000000000000009 506.76666666666671 632.85000000000014 19.505813953488374 36.035714285714292 -9.1333333333333382 21.065503432494282 185.70000000000002 627.05000000000007
decision_type=10 10 8 8 10 8 10 8 8 2 2 8 10 10 8 10 2 10 8 10 10 10 8 8 8 10 8 8 8 10
left_child=13 9 -3 -4 5 -5 7 8 -7 12 -6 -9 14 15 22 29 -17 -16 -19 -20 23 -10 -2 25 -25 -15 -27 28 -28 -1
right_child=1 2 3 4 10 6 -8 11 21 -11 -12 -13 -14 20 17 16 -18 18 19 -21 -22 -23 -24 24 -26 26 27 -29 -30 -31
leaf_value=-0.065390803407257392 -0.070982343334563908 -0.12465746969551811 0.65963325180130061 -0.17326610675969978 0.7159979742351521 0.61160040578113384 0.56869855490786259 -0.25694821790507688 -0.096460832655567333 0.67866871149115582 0.26086764828854714 0.1206455338697858 -0.16574593313433841 -0.21369421731218938 -0.0033282742155828007 -0.0033140568870940203 0.42342373572393305 0.45582208882223524 0.050648317235036225 0.40722686599838537 0.097863173895360575 0.26337114365578995 -0.64687424628831747 0.29336760380444665 -0.19039903438224806 -0.20599887545548154 -0.017882979102993902 0.086309863076032875 -0.47741503379368505 -0.36643522704368936
leaf_weight=679.66811949573457 206.59097974188626 160.62203097343445 88.35273551940918 105.7494620680809 98.422822713851929 106.94494688510895 106.65833759307861 102.46285390853882 109.19211703538895 23.352061718702316 97.517314970493317 175.7915278673172 241.39412486366928 1000.6451355405152 587.99678271636367 470.22430690377951 84.785920403897762 79.281933814287186 408.7637544721365 65.92167691886425 124.98705852590501 97.996879637241364 21.279202587902546 96.045885324478149 132.08707077801228 210.63606044463813 65.171163765713573 244.68281320296228 46.930734559893608 61.236807227134705
leaf_count=3410 1186 173 102 121 108 118 114 115 117 38 104 198 1368 4278 4629 1894 133 156 845 116 601 106 33 108 149 520 359 836 71 72
internal_value=0.00112459 0.0985896 0.203577 0.252056 0.215449 0.147601 0.196319 0.128428 0.258502 0.0182468 0.491959 -0.0188197 0.00826006 -0.0862611 0.0390222 -0.0251004 0.0625207 0.0723033 0.152442 0.10092 -0.127482 0.0741811 -0.127352 -0.143208 0.0136622 -0.166025 -0.0817319 -0.00799738 -0.212783 -0.0907329
internal_weight=6101.39 2884.29 1249.71 1089.09 1000.74 804.796 699.047 592.388 314.134 1634.58 195.94 278.254 1611.23 3217.1 1369.83 1295.92 555.01 1141.96 553.967 474.685 1921.19 207.189 227.87 1796.2 228.133 1568.07 567.421 356.785 112.102 740.905
internal_count=22178 9747 1376 1203 1101 889 768 654 341 8371 212 313 8333 12431 6965 5509 2027 5746 1117 961 6922 223 1219 6321 257 6064 1786 1266 430 3482
is_linear=0
shrinkage=0.03


Tree=34
num_leaves=31
num_cat=0
split_feature=9 89 34 90 8 30 48 7 55 78 51 44 40 0 8 71 32 7 90 71 76 5 89 81 22 76 58 70 19 53
split_gain=60794.8 34373.3 23115 18013.6 16031.3 15805.6 16186.2 14859.2 13941 12686.4 10592.2 9216.17 13761.3 8701.59 10888.5 9439.2 10298.5 8424.59 7667.48 9640.33 7187.75 7056.88 6783.37 8305.04 8059.16 14849.9 11974.1 7180.58 6415.97 6734.06
threshold=0.47222222222222227 2024.5000000000002 20.954545454545457 59.500000000000007 95.500000000000014 17.797538381569424 141.31937814113846 34.069854710500543 304.72857142857146 30.050000000000004 8.3171824949753432 0.042708984782155519 32.64749726823409 86.500000000000014 133.50000000000003 1.0000000180025095e-35 7.9956331877729268 32.36278725852717 9.5000000000000018 -6.064824064824065 1.0000000180025095e-35 39.904545454545463 2024.5000000000002 28.850000000000005 142.00456621004568 1.0000000180025095e-35 251.1166666666667 36.558059636992226 1.7750000000000001 0.37405357037769865
decision_type=10 2 8 2 10 8 2 8 2 2 2 8 8 2 10 2 10 10 2 2 2 10 2 2 10 2 2 2 10 10
left_child=4 17 7 5 22 -4 -7 -3 11 -8 -9 12 -6 18 15 16 21 -2 19 -13 -19 -15 -1 24 25 26 -24 -27 -14 -30
right_child=1 2 3 -5 8 6 9 10 -10 -11 -12 13 28 14 -16 -17 -18 20 -20 -21 -22 -23 23 -25 -26 27 -28 -29 29 -31
leaf_value=-0.13221170461818438 -0.091098442737043414 0.37341795207681355 0.58170912556827437 0.75336967280792355 0.54521157608336179 -0.040631811391311654 0.63894670592837266 0.17968255920139503 0.27910500702722008 0.18338591364291645 -0.18778779596005057 0.59062995905053295 -0.22374716189035121 -0.18903449446473231 -0.10998076942290452 -0.0099533076121658317 0.70573296727270385 -0.023420391815325181 -0.12869461605050789 -0.011168781078147654 0.21032833166848036 0.35892912627765378 0.52886672634150977 -0.24998357604561242 -0.16160653918937903 -0.23655005842401522 0.073588290631516909 0.10210848824036256 -0.051224310137133744 0.50513462725192626
leaf_weight=1819.4004321992397 390.23994253762066 118.11493974924088 141.4960412979126 99.447228908538818 62.258861368522048 143.65352839231491 90.779518067836761 125.41573148965836 164.36691910028458 140.38423407077789 158.90864026546478 28.4111144002527 59.015050349757075 31.649744465947151 170.5916945040226 108.77236989885569 49.508363962173462 229.50976054556668 774.06829641200602 128.99642519839108 243.15433422103524 59.832991998642683 90.146437168121338 119.52753871679306 155.57635110616684 121.14643716812134 121.92282271385193 103.79683303833008 45.434473734349012 33.190691096708179
leaf_count=9928 2109 134 158 111 164 155 98 138 172 154 175 128 182 119 405 341 123 1143 3242 588 1237 183 105 135 176 136 131 117 154 99
internal_value=0.00934872 0.151286 0.269254 0.384684 -0.0535306 0.312352 0.20939 0.0921216 0.0172525 0.364269 -0.0256346 -0.0106461 0.178963 -0.0387958 0.0743882 0.200251 0.361348 0.0119372 -0.0898982 0.100495 0.097018 0.169359 -0.101502 -0.0229651 0.0231695 0.0891684 0.268692 -0.0805207 0.0105607 0.18703
internal_weight=6128.72 1881.1 1018.2 615.761 4247.61 516.313 374.817 402.439 1716.1 231.164 284.324 1551.73 199.899 1351.83 420.355 249.763 140.991 862.904 931.476 157.408 472.664 91.4827 2531.52 712.116 592.589 437.013 212.069 224.943 137.64 78.6252
internal_count=22240 5612 1123 676 16628 565 407 447 5900 252 313 5728 599 5129 1171 766 425 4489 3958 716 2380 302 10728 800 665 489 236 253 435 253
is_linear=0
shrinkage=0.03


Tree=35
num_leaves=31
num_cat=0
split_feature=1 42 61 71 28 43 61 1 72 69 15 64 54 10 55 63 23 46 61 50 33 7 66 39 70 23 70 67 15 42
split_gain=54057.9 19388.3 17755.2 17677.3 15168.1 14562.8 14900.2 11702.7 12626.7 11283.4 11154.8 10849.3 13584.5 10780.8 10388.2 13916.7 14781.2 10571.7 10169.9 10132.4 9369.28 8965.71 8853.38 8432.02 8459.89 8197.31 7889.87 7782.21 7767.63 6905.07
threshold=43.684571016582559 0.36420807453416154 674.60000000000002 -10.900478229266389 21.183692596063732 0.20759872151768227 598.00000000000011 30.450676982591879 174.97500000000002 3.5000000000000004 17.585714285714293 0.34441579173574022 241.72777777777779 1.0000000180025095e-35 218.18730158730162 627.05000000000007 37.56349206349207 0.18959459459459463 574.25000000000011 8.5430996692081553 0.70714285714285718 52.203914913930724 3.5000000000000004 20.937003968253972 37.736693486736492 24.354166666666668 43.994673295454554 38.800162337662343 54.63068181818182 0.53722249230270636
decision_type=10 10 10 2 10 10 10 10 10 2 8 2 2 10 2 10 8 8 8 2 8 8 2 8 2 8 2 2 10 8
left_child=7 2 10 -3 -5 -6 18 -1 -9 22 -2 12 13 -11 -12 16 17 -16 -7 -17 25 -8 23 -10 -25 -15 29 -24 -19 -22
right_child=1 3 -4 4 5 6 21 8 9 11 14 -13 -14 20 15 19 -18 28 -20 -21 26 -23 27 24 -26 -27 -28 -29 -30 -31
leaf_value=-0.15503450527875198 -0.47784377066991535 0.81825322296645531 0.59128081126288246 0.7164804044323192 -0.34785285460775517 0.14190026246765522 0.21308780698927574 -0.091520974729993737 -0.20617304829479574 0.40561437930886624 -0.04296060472206216 0.38891789960058648 -0.33590429340896566 0.54901761927387827 0.11580669496075473 -0.23448478290429428 0.011599805833397743 0.30291785654707432 -0.42967515622516705 0.13628024551772719 -0.035070778596212583 0.61319008589573287 -0.076761366077645887 -0.01696980139001909 0.39465734968639737 0.037743108617211814 -0.30803631397158981 -0.50878716156148629 0.72675239300745798 0.30251811217494951
leaf_weight=1057.1790242940187 37.237656023353338 42.823011111468077 51.17480206489563 46.721640141680837 46.011559423059225 447.77082812786102 103.22361445426941 1670.1420762743801 102.65568314678967 91.499347044155002 659.12941997870803 105.01817531883717 68.255111873149872 54.877983510494232 90.231280218809843 129.60471600294113 165.05151513777673 77.98568550311029 28.921256452798843 133.87401032447815 228.13465983048081 100.66771084070206 85.497365292161703 127.26858741044998 68.397251155227423 57.347175480797887 69.131524516269565 66.480580888688564 81.828641846776009 70.590918596833944
leaf_count=4975 146 114 52 137 97 1836 109 7718 202 169 3947 140 73 102 116 136 222 105 33 138 434 105 138 263 162 101 122 116 107 122
internal_value=-0.00260871 0.11486 0.0480606 0.231382 0.197869 0.163582 0.198618 -0.0697708 -0.0382689 0.0361614 0.0274271 0.107778 0.0610994 0.109011 0.0418387 0.12415 0.23219 0.377172 0.106395 -0.0462954 0.0517557 0.41266 -0.082279 0.0128305 0.128194 0.290397 -0.0216383 -0.267835 0.523101 0.045447
internal_weight=6164.73 2242.26 1426.12 816.14 773.317 726.595 680.583 3922.48 2865.3 1195.15 1374.94 744.855 639.837 571.582 1337.71 678.576 415.097 250.046 476.692 263.479 480.082 203.891 450.299 298.322 195.666 112.225 367.857 151.978 159.814 298.726
internal_count=22237 7400 4969 2431 2317 2180 2083 14837 9862 2144 4917 1263 1123 1050 4771 824 550 328 1869 274 881 214 881 627 425 203 678 254 212 556
is_linear=0
shrinkage=0.03


Tree=36
num_leaves=31
num_cat=0
split_feature=1 62 30 43 67 73 5 74 6 8 5 59 72 62 62 89 39 58 81 9 63 6 79 72 90 15 58 31 82 15
split_gain=58048.2 17635.8 17349.8 13916.8 13834.5 15906.4 12354.7 16123.3 13447.8 11263.1 12480.2 8905.92 11232.6 8496.69 7866.4 8755.18 7760.52 10194.9 7890.29 7624.5 7465.23 7338.98 7133.2 6862.48 12288 9412.28 8783.72 9657.11 6749.35 12959.4
threshold=43.370899470899481 639.35000000000014 19.491110410199376 0.18682926829268295 78.002645502645507 124.50000000000001 67.307894736842115 4.0083333333333409 74.664487419360881 180.50000000000003 59.414285714285718 8.5000000000000018 180.95000000000002 591.85000000000014 553.35000000000014 2024.5000000000002 20.692744755244757 211.81666666666669 11.050000000000002 0.31666666666666671 466.30000000000001 38.563329990085656 36.500000000000007 191.07500000000002 29.500000000000004 18.04545454545455 200.91666666666671 6.1051346314504213 4.5000000000000009 50.348484848484858
decision_type=10 10 10 10 2 2 10 10 10 10 10 8 10 8 10 2 8 2 2 10 8 10 2 8 2 8 2 8 2 10
left_child=9 3 22 13 5 6 28 8 -8 10 11 12 14 -2 15 -1 18 19 -14 -18 -13 23 -3 25 -25 -22 -27 -28 29 -5
right_child=1 2 -4 4 -6 -7 7 -9 -10 -11 -12 20 16 -15 -16 -17 17 -19 -20 -21 21 -23 -24 24 -26 26 27 -29 -30 -31
leaf_value=-0.066817640493989763 0.007046947359489397 0.30467110056055935 0.54253438271768906 0.67675016916857955 -0.38710036979884316 0.80367332238703959 0.4994542435347773 0.87369345545222843 -0.061202031045091643 -0.51230431807250632 0.46965708308855486 -0.19547846715402409 0.14633860261296761 -0.29891976672908871 -0.27902559474685196 0.25745859649473218 0.23569375905522455 0.3702950131768179 -0.23640137366014499 -0.21750857447054903 -0.22746633309447775 -0.30574451373431105 -0.056144510110703566 0.10382391715343589 -0.33338291916697704 -0.1067309838346998 0.33245805980305304 0.015833923939654181 0.068437999236384883 0.0030398022685275252
leaf_weight=1289.8697558864951 351.32651635631919 95.492908775806427 158.81101548671722 47.883204789832234 44.969782844185829 31 72.1558987069875 40.497288227081299 80.878128197044134 51.283858180046082 37.361724961549044 745.34879894182086 94.058251567184925 105.41379410028458 146.02044749259949 78.57635110616684 65.113815197721124 145.9183646440506 97.991710525006056 66.540168149396777 123.13531591929495 105.74573862552643 100.3181067109108 89.755411148071289 159.84135839343071 181.98244096897542 148.74430429376662 206.16397167742252 1090.896039923653 54.195788210257888
leaf_count=7283 1528 99 165 125 160 31 207 132 156 72 65 4430 150 119 165 99 178 180 155 141 245 115 103 182 193 488 193 252 4590 142
internal_value=-0.00366992 0.11639 0.310479 0.0803846 0.125511 0.142035 0.126673 0.348442 0.204675 -0.0748962 -0.0688314 -0.0743278 -0.0307209 -0.0640677 -0.0704652 -0.0480233 0.0973267 0.198495 -0.0491639 0.00672462 -0.123422 -0.0703866 0.120472 -0.04272 -0.176376 0.00801393 0.0623436 0.149094 0.0904346 0.322563
internal_weight=6107.29 2273.84 354.622 1919.22 1462.48 1417.51 1386.51 193.531 153.034 3833.45 3782.17 3744.81 1984.09 456.74 1514.47 1368.45 469.622 277.572 192.05 131.654 1760.72 1015.37 195.811 909.623 249.597 660.026 536.891 354.908 1192.98 102.079
internal_count=22143 7557 367 7190 5543 5383 5352 495 363 14586 14514 14449 8351 1647 7547 7382 804 499 305 319 6098 1668 202 1553 375 1178 933 445 4857 267
is_linear=0
shrinkage=0.03


Tree=37
num_leaves=31
num_cat=0
split_feature=6 61 11 68 73 18 56 34 27 60 52 45 6 63 55 3 60 15 67 26 40 15 54 75 2 42 15 82 34 66
split_gain=39843.3 26114.9 15636.6 18444.8 24051.8 11182.7 14266.7 10721.3 13646.4 16485.8 11150.3 9262.71 10503.1 10763.7 11112.3 11808 12247.6 11568.7 10919.3 12432.5 10388.1 9743.01 10179.6 8904.95 9175.49 7011.29 6930.73 6886.07 6283.33 7185.72
threshold=41.511179450369674 674.60000000000002 57.45000000000001 9.6408991228070189 50.500000000000007 2.5000000000000004 149.20743168973914 17.866071428571434 89.223227752639545 619.80000000000007 0.51923998170904317 0.054422048539695601 78.041320159635333 682.25000000000011 212.51726190476191 42.63333333333334 651.85000000000002 92.050000000000011 50.014062500000009 5.5183609493954338 19.7491546748447 50.348484848484858 192.45000000000002 189.44166666666669 85.416666666666671 0.013937451437451438 49.966666666666676 9.3500000000000032 17.961538461538463 8.5000000000000018
decision_type=10 10 10 2 2 8 2 10 10 10 10 8 10 8 2 10 10 8 2 10 10 10 2 10 10 8 10 2 10 2
left_child=5 2 7 4 -4 6 -1 11 -9 10 23 21 13 14 -13 -16 17 18 20 -20 -17 25 -23 24 -10 -2 28 -22 -7 -30
right_child=1 -3 3 -5 -6 26 -8 8 9 -11 -12 12 -14 -15 15 16 -18 -19 19 -21 27 22 -24 -25 -26 -27 -28 -29 29 -31
leaf_value=0.046307762170114203 -0.2573782901786657 0.51357552842360332 0.010679938237737489 -0.17240342737639999 0.65641543529850455 -0.15281327882365395 0.89077402013785045 -0.16351479730758461 0.10663650437011929 0.56030981506899957 0.63562860389783549 -0.025867077800413325 -0.48361149850365315 -0.4395622201794796 -0.17498958446264465 -0.047251985604979237 -0.064685156057125562 -0.10734131933639392 0.17711124002910145 0.70237419881646623 0.52424514894456575 -0.12057008657960905 -0.58818180151047084 -0.17018715442192425 0.66980320204204424 0.24188798563733396 0.069427675089143256 0.12949853195415525 -0.031241105225145518 -0.24235259260621872
leaf_weight=233.28130734339356 38.30706699192524 115.55590361356735 85.974516490474343 65.217307318001986 130.16536077857018 1413.8641177657992 18.524781228974462 112.81873963586986 306.27204721607268 92.730705678462982 34.410645000636578 855.39213797077537 34.830705454573035 40.824703097343445 97.039332455024123 105.20838459767401 144.60471600294113 70.490542784333229 68.559081379324198 101.45415413379669 82.806520327925682 114.0909781884402 65.861495053395629 97.102742850780487 27.538140196353197 70.247615933418274 209.22091286070645 77.338925870135427 1064.4026093930006 167.0953032579273
leaf_count=1342 132 117 169 98 171 5605 83 297 1723 95 185 4176 101 52 133 156 151 86 105 141 106 463 104 122 119 234 580 118 4616 659
internal_value=-0.00409961 0.0731973 0.0555957 0.267788 0.400792 -0.0796155 0.111711 0.0328708 0.136336 0.19714 0.12372 -0.00246799 0.0245476 0.0356031 0.0479718 0.13239 0.178445 0.247936 0.305574 0.492832 0.184196 -0.159188 -0.294018 0.0814644 0.154958 0.0649644 -0.0965258 0.335597 -0.109672 -0.0600591
internal_weight=6141.23 3034.84 2919.29 281.357 216.14 3106.39 251.806 2637.93 670.873 558.054 465.324 1967.06 1678.55 1643.72 1602.89 747.502 650.462 505.858 435.367 170.013 265.354 288.507 179.952 430.913 333.81 108.555 2854.58 160.145 2645.36 1231.5
internal_count=22239 9354 9237 438 340 12885 1425 8799 2541 2244 2149 6258 5325 5224 5172 996 863 712 626 246 380 933 567 1964 1842 366 11460 224 10880 5275
is_linear=0
shrinkage=0.03


Tree=38
num_leaves=31
num_cat=0
split_feature=4 7 36 89 10 40 55 2 68 62 3 47 18 4 42 63 37 63 28 67 58 23 82 78 46 63 63 78 63 27
split_gain=34830.2 15385.4 13619.9 12901.7 21908.1 17555.4 19517.7 17093.5 14612.7 13678.8 12809.4 12006.4 9437.75 10201.3 8848.34 10923 13089.8 8256.99 8206.53 7741.72 7308.15 6209.5 8593.05 6239.28 7000.07 6614.29 6214.36 6126.06 7040.5 6970.55
threshold=44.225000000000009 26.0660698993922 1.1805555555555558 2024.5000000000002 0.10555555555555557 38.125572381969157 295.42500000000007 57.166666666666679 -2.1466519414089738 635.75000000000011 49.100000000000009 0.47222222222222227 4.5000000000000009 58.725000000000009 0.31090259938172166 613.55000000000007 9.6672433679354111 661.05000000000007 17.809090909090912 36.269162476765992 290.51250000000005 23.414285714285715 4.7500000000000009 34.350000000000001 0.23548145372798804 484.85000000000008 449.05000000000007 31.750000000000004 439.45000000000005 131.75253221235829
decision_type=10 10 8 2 10 8 2 10 2 10 10 10 8 10 8 8 10 10 10 2 2 8 2 2 10 10 10 2 8 10
left_child=14 27 -3 19 5 6 12 -7 -9 10 -6 -10 -5 -14 15 -1 18 20 -17 -4 21 22 -16 24 -23 -26 -25 28 -2 -29
right_child=1 2 3 4 9 7 -8 8 11 -11 -12 -13 13 -15 17 16 -18 -19 -20 -21 -22 23 -24 26 25 -27 -28 29 -30 -31
leaf_value=-0.11934947730025025 0.038383343605411922 -0.2461186751890295 -0.1870984179746692 0.44998482741282536 0.13302624615623168 0.66389365904448794 -0.13468840605044979 0.55360793939469377 0.34605498042969163 0.23902579308276772 -0.31133801944037348 -0.12065607922047152 0.33567288645687487 -0.10479304715296955 0.57123333474001914 0.10696910239531196 0.34252727995972193 -0.40206761633492288 -0.23947600271408281 0.068045214641723556 0.4715115236633558 -0.064529985565389705 0.06770935604451786 0.036913194020184142 0.025596162969003185 0.52751461608433925 -0.48163928555388447 -0.16875755400719666 -0.36842876481069387 0.32603376487691588
leaf_weight=2153.1422605216503 55.852486457675695 95.616359414532781 120.28568652458489 142.08344233036041 93.003132522106171 142.97163510322571 162.39841651916504 102.09762477874756 97.748020648956299 125.84251290559769 153.81414800882339 98.922822713851929 98.114939749240875 89.859827876091003 33.309544045478106 128.28803140670061 103.59187392145395 39.762203097343445 116.53091974556446 911.30460271053016 32.17480206489563 337.90189600363374 278.89117585681379 34.079452998936176 60.675710080191493 37.815904200077057 51.84348519705236 56.470509929582477 119.5411429349333 45.281095271930099
leaf_count=9502 431 265 496 159 106 157 169 112 106 131 173 108 114 101 112 152 110 41 134 4660 33 1726 1584 325 268 59 127 272 300 162
internal_value=-0.00121927 0.0790102 0.103131 0.11751 0.180084 0.257593 0.134006 0.394754 0.264176 -0.0143875 -0.144036 0.111883 0.266219 0.125671 -0.0650495 -0.0941383 0.0615595 0.0152425 -0.058238 0.0381425 0.0348292 0.0174487 0.123084 -0.0458065 0.000423609 0.221673 -0.277908 -0.132442 -0.2394 0.0524626
internal_weight=6119.22 2711.21 2434.06 2338.45 1306.86 934.197 492.457 441.74 298.768 372.66 246.817 196.671 330.058 187.975 3408.01 2501.55 348.411 906.454 244.819 1031.59 866.692 834.517 312.201 522.316 436.394 98.4916 85.9229 277.145 175.394 101.752
internal_count=22195 8022 6857 6592 1436 1026 543 483 326 410 279 214 374 215 14173 9898 396 4275 286 5156 4234 4201 1696 2505 2053 327 452 1165 731 434
is_linear=0
shrinkage=0.03


Tree=39
num_leaves=31
num_cat=0
split_feature=6 89 19 40 65 43 23 5 43 41 4 5 25 63 60 1 7 19 38 64 55 59 10 90 35 78 61 25 65 59
split_gain=42156.5 15787.3 16234.6 14306.4 22741.7 13791.3 13699.6 11557.9 11680.9 11252.3 11749.2 13456.2 9924 8791.33 10081 9644.71 8745.39 8072.97 7040.71 8015.95 7561.94 6782.09 6191.73 6954.1 8271.34 7156.59 6125.1 8672.06 5345.29 9455.36
threshold=41.110245211092014 2024.5000000000002 2.4500000000000006 38.570218942784571 4.5000000000000009 0.28982549541555758 41.31666666666667 42.658333333333339 0.46056618819776723 1.5280398322851154 53.211111111111116 55.556250000000006 23.340675477239355 466.30000000000001 667.00000000000011 44.957954545454555 39.625177440272573 10.29166666666667 1.278584768624196 0.074179894179894193 212.51726190476191 6.5000000000000009 1.0000000180025095e-35 41.500000000000007 40.217551949395535 33.45000000000001 452.35000000000008 18.402453987730066 5.5000000000000009 9.2500000000000018
decision_type=10 2 8 10 10 10 10 10 8 8 10 10 8 8 10 10 8 10 10 2 2 8 8 2 8 2 8 10 10 10
left_child=13 18 5 7 -5 -3 -7 -4 16 -10 -11 -12 -13 21 15 17 -9 22 19 -2 -21 -1 -15 26 25 -25 -24 28 29 -28
right_child=1 2 3 4 -6 6 -8 8 9 10 11 12 -14 14 -16 -17 -18 -19 -20 20 -22 -23 23 24 -26 -27 27 -29 -30 -31
leaf_value=-0.010599736708351759 -0.020002047216818693 0.018502617590246063 0.28163290159674381 0.032593571914024365 0.6310255276795762 0.62008891655644738 0.1795346740074637 -0.0064821202734832864 -0.16562203771078202 0.45404731968064871 -0.20533429391716396 0.43488463657452409 -0.00023432532053968853 0.22640870927907356 -0.29165579127856323 0.36298115572508949 -0.33555342788170012 -0.31416484933500738 -0.15785018948337515 0.079209216130119581 0.40271970247965144 -0.16310326050253232 -0.11544609188754161 0.12462488840464536 -0.24730619809939891 -0.24921549319450637 0.47593700979877351 -0.097700672715802017 0.026553426944133453 0.076559234182349972
leaf_weight=334.02371525019407 871.30440952070057 99.034629940986633 147.9259552359581 127.03462994098663 103.0661273598671 150.43304646015167 111.33542168140411 158.79683303833008 125.14643716812134 92.303924262523651 104.09762477874756 93.779518067836761 93.922822713851929 96.305603263899684 119.19211703538895 60.219607345759869 133.09762477874756 79.05669891834259 198.32618000917137 378.4795391894877 77.728848671540618 1226.3023141119629 176.17143490538001 154.22975295037031 217.14263131842017 64.550053836777806 100.2594001647085 154.53395509533584 139.9018993191421 113.7446387372911
leaf_count=2379 4336 111 170 139 114 169 120 172 140 102 114 101 103 227 126 133 143 140 1188 2141 169 7370 629 256 367 111 240 214 198 152
internal_value=-0.00162857 0.0768263 0.144558 0.0905281 0.302212 0.320398 0.434109 0.0389416 -0.00616498 0.0805243 0.160944 0.0669937 0.218312 -0.0808627 -0.0283289 -0.00498665 -0.157165 -0.0223526 0.00841764 0.0333576 0.135089 -0.130484 -0.0031515 -0.0230656 -0.116585 0.0136928 0.0365656 0.0893599 0.171086 0.265008
internal_weight=6101.45 3065.81 1539.97 1179.17 230.101 360.803 261.768 949.071 801.145 509.25 384.104 291.8 187.702 3035.63 1475.31 1356.12 291.894 1295.9 1525.84 1327.51 456.208 1560.33 1216.84 1120.53 435.922 218.78 684.611 508.44 353.906 214.004
internal_count=22074 9532 1698 1298 253 400 289 1045 875 560 420 318 204 12542 2793 2667 315 2534 7834 6646 2310 9749 2394 2167 734 367 1433 804 590 392
is_linear=0
shrinkage=0.03


Tree=40
num_leaves=31
num_cat=0
split_feature=5 61 4 55 27 19 71 61 7 15 67 89 78 82 35 71 61 63 62 23 19 46 55 61 44 23 22 73 15 15
split_gain=32021.7 24423.5 31669.4 13680.8 15338.5 12700 12532.9 12218.9 8966.43 9600.74 8142.26 9294.51 8925.45 7658.44 7656.11 7679.99 19305.5 10314.5 8876.06 9001.82 30366.6 11197.8 12466.2 12916.6 9974.3 8266.48 12790.8 11305.6 6976.21 7014.1
threshold=44.806250000000006 661.35000000000002 62.121428571428581 284.62500000000006 144.11489829576695 8.7750000000000021 0.45470328282828559 641.6500000000002 71.114869801604343 77.045454545454561 43.386549707602349 2025.5000000000002 33.150000000000013 7.4500000000000011 16.744548286604363 -6.7709349173044897 516.85000000000002 481.65000000000003 694.05000000000007 23.414285714285715 2.5500000000000003 0.23548145372798804 301.45000000000005 618.30000000000007 0.014742103738046944 53.708333333333336 144.07181299702791 92.500000000000014 34.964285714285722 39.759615384615394
decision_type=10 10 10 2 10 10 2 10 8 8 2 2 2 2 8 2 8 10 10 8 8 8 2 10 8 10 8 2 10 10
left_child=3 5 -3 10 6 8 -5 13 14 -10 12 -12 -1 -7 -2 16 17 -16 19 20 -17 -21 23 24 -23 26 -26 -28 -22 -30
right_child=1 2 -4 4 -6 7 -8 -9 9 -11 11 -13 -14 -15 15 18 -18 -19 -20 21 28 22 -24 -25 25 -27 27 -29 29 -31
leaf_value=-0.064819393499412264 -0.31198960836288964 0.086660324253277216 0.78352586760365561 0.093064001502909596 -0.15258206012866488 0.23635649267726008 0.51499527299314529 -0.60337062533012176 0.059471483879752672 -0.54915700790745181 -0.00074524766679490303 0.50575364409174239 -0.19075104062335621 -0.15182464714921673 0.14985486833949849 1.0597921618859185 0.52625004742565951 -0.45539134892577854 0.45378291423021522 -0.13332268044819595 -0.1937889372010646 -0.2174905356104655 -0.2714524778633865 0.43527182139109727 -0.0081469713940581102 -0.12218790926825228 0.21865658145629946 0.75137507896803701 0.6708506048359395 0.1215308848154957
leaf_weight=2002.0429255738854 39.495590662583709 144.25511187314987 98.286609292030334 199.922327876091 140.95432013273239 60.984621543437243 92.160619616508484 41.52440619468689 53.765196716412902 39.968439612537622 476.88757569529116 34 678.02929691784084 173.80253732390702 117.4723445456475 32.659784408286214 124.20080820471048 31.238390389829874 53.905507743358612 292.77031684480608 55.380939692258835 92.543494295328856 81.080309808254242 99.318106710910797 213.01821455918252 107.37088340707123 239.83372849412262 41.561685889959335 22.50312476977706 198.61011973582208
leaf_count=8842 151 149 102 215 149 168 100 44 237 114 2182 34 3269 590 677 105 140 56 57 1004 227 268 85 102 1016 337 768 56 85 834
internal_value=0.0023245 0.0859475 0.371113 -0.0543449 0.103715 0.0545404 0.227498 -0.135396 0.0816948 -0.203108 -0.0758206 0.0338848 -0.096738 -0.050422 0.0962822 0.105391 0.251758 0.0205234 0.0791454 0.0651713 0.208839 0.0269818 0.0807266 0.117002 0.0709156 0.115554 0.167327 0.29972 0.104867 0.180205
internal_weight=6079.55 2455.55 242.542 3624 433.037 2213.01 292.083 276.312 1936.7 93.7336 3190.96 510.888 2680.07 234.787 1842.96 1803.47 272.912 148.711 1530.56 1476.65 309.154 1167.5 874.726 793.646 694.328 601.785 494.414 281.395 276.494 221.113
internal_count=22163 7372 251 14791 464 7121 315 802 6319 351 14327 2216 12111 758 5968 5817 873 733 4944 4887 1251 3636 2632 2547 2445 2177 1840 824 1146 919
is_linear=0
shrinkage=0.03


Tree=41
num_leaves=31
num_cat=0
split_feature=9 61 55 18 16 48 58 31 15 15 5 58 15 62 43 82 11 71 43 61 90 52 27 43 64 44 80 82 84 72
split_gain=44548.8 16990.6 22764.6 13428.9 12642.1 16236.9 13801.4 14449.1 12052.6 10911.8 10240.2 9496.03 12735.8 11597.5 10023.2 9445.63 8506.04 8495.82 8036.5 11862.1 8142.91 9877.23 10052.1 9969.24 8059.16 8892.97 7848.53 13889 7380.06 9846.73
threshold=0.47222222222222227 641.6500000000002 290.5428571428572 2.5000000000000004 1.5000000000000002 141.05799409097185 263.79682539682545 4.9393607693857664 26.954545454545457 95.708333333333357 62.775000000000006 237.37500000000003 60.839743589743598 517.85000000000014 0.348670900964479 2.3500000000000001 38.612500000000004 -10.006836659275677 0.62334750451342391 513.35000000000002 65.500000000000014 0.31523638409824578 137.17525684839788 0.05634920634920635 0.24845679012345681 0.40560125342734049 7.7500000000000009 7.7500000000000009 1.0000000180025095e-35 170.62500000000003
decision_type=10 10 2 8 2 2 2 10 8 10 10 2 8 10 10 2 10 2 10 10 2 10 8 8 2 8 2 2 2 10
left_child=3 4 -3 10 -2 9 7 -7 -5 17 26 12 16 14 -14 -10 -9 -6 20 -20 21 22 23 -19 25 -25 27 -1 29 -28
right_child=1 2 -4 8 5 6 -8 11 15 -11 -12 -13 13 -15 -16 -17 -18 18 19 -21 -22 -23 -24 24 -26 -27 28 -29 -30 -31
leaf_value=0.88398213323577435 -0.15051597542644796 0.60358113284347215 0.095005925028173802 -0.17437507774991032 0.48959654801059527 0.76203551991910057 0.79960931218159248 0.11903073072699438 0.27639817003684286 -0.39028110069980743 0.6775171270678354 -0.31821226645469552 0.5996891000247413 0.7023497038581713 -0.036581021765880621 -0.055301103670431076 -0.43111440387895145 -0.12453844330382252 -0.044834874243772506 0.51993850527900121 -0.47615156020957233 -0.040182718789069663 -0.16955493878087669 0.0016567492945255542 0.85086902958756705 0.62164976133531802 -0.025382596858575055 0.022212634304912771 -0.050537558677303397 0.67305406537243195
leaf_weight=26.036297392100096 189.72220570407808 140.09762477874756 181.63621342182159 856.87319210357964 39.773431779816747 37.400662714615464 38.793700516223907 109.51342668943107 78.507597725838423 48.685148859396577 24.217313915491104 34.52440619468689 32.58987096324563 61.759082734584808 65.882022788748145 2763.0662902593613 31.801557252183557 33.353905312716961 61.793365873396397 71.644400298595428 29.010782334953547 520.57893698848784 47.244624137878418 43.928078884258866 33.082686377689242 38.593700505793095 41.415263449773192 44.736253667622805 345.04646951332688 31.266305716708302
leaf_count=77 976 150 187 3762 165 89 39 397 192 105 48 37 100 71 253 10238 107 132 262 84 82 1795 136 199 125 131 340 272 1536 106
internal_value=-0.00154598 0.119363 0.317647 -0.0558666 0.0785444 0.110123 0.267545 0.21029 -0.0758145 0.0428494 0.087894 0.146808 0.200925 0.38315 0.177908 -0.0460428 -0.00693342 0.0661942 0.0465065 0.260011 0.00800907 0.0282409 0.20907 0.329487 0.460426 0.295586 0.0573391 0.347146 0.00752759 0.280129
internal_weight=6102.57 1891.41 321.734 4211.16 1569.68 1379.95 412.265 373.471 3698.45 967.689 512.718 336.07 301.546 160.231 98.4719 2841.57 141.315 919.004 879.23 133.438 745.793 716.782 196.203 148.958 115.604 82.5218 488.501 70.7726 417.728 72.6816
internal_count=22193 5622 337 16571 5285 4309 1093 1054 14192 3216 2379 965 928 424 353 10430 504 3111 2946 346 2600 2518 723 587 455 330 2331 349 1982 446
is_linear=0
shrinkage=0.03


Tree=42
num_leaves=31
num_cat=0
split_feature=1 8 45 61 25 61 55 11 11 42 52 78 4 15 50 58 61 55 30 11 50 62 63 55 26 16 42 60 45 82
split_gain=34624.6 19857 21597.7 32090.8 13464.4 16716 15979 16751.7 13459.9 12907.2 12497 10974.9 10297.2 9733.31 10142.1 10157.9 9260.46 8520.34 8485.45 8811.44 9979.69 8329.97 8133.9 7791.67 7686.82 8461.25 7735 8059.93 7422.03 8420.51
threshold=40.901388888888896 127.50000000000001 0.34802018633540377 653.95000000000016 23.538899430740042 489.98333333333341 290.5428571428572 48.63333333333334 43.95000000000001 0.59082134082134097 0.34101314140968653 31.550000000000004 73.450000000000017 25.651515151515156 10.200992241722927 197.23392857142861 674.60000000000002 304.72857142857146 9.541316526610645 33.050000000000004 9.9588022249091939 667.00000000000011 496.05000000000007 242.40000000000003 14.67278287461774 9.5000000000000018 0.60234118291347227 489.10000000000008 0.14319890635680113 11.750000000000002
decision_type=10 10 8 10 8 10 2 10 10 10 10 2 10 8 2 2 10 2 8 10 2 10 8 2 10 2 10 10 10 2
left_child=13 8 9 4 5 22 7 -7 16 18 12 -12 -6 14 -1 -16 24 21 -3 20 28 -15 -4 -10 25 26 -2 -28 -20 -30
right_child=1 2 3 -5 10 6 -8 -9 23 -11 11 -13 -14 17 15 -17 -18 -19 19 -21 -22 -23 -24 -25 -26 -27 27 -29 29 -31
leaf_value=-0.19795956029347367 -0.029773392360065539 -0.35587818606080163 0.14503914542954935 0.74948851579685072 0.5214871596534032 0.3144564853166476 0.1241332144833753 0.89800429272201476 -0.058452481344385368 0.4726104561301554 0.032363416848152401 -0.49687257241090022 -0.045843134443097962 -0.039526050022439037 -0.10620466505921049 0.57925569384445219 0.40786156539577811 0.17274539032322092 0.15228629897386392 -0.25337297268766035 0.52021387164575861 -0.39933998400077292 -0.43014171526410833 -0.56214651487408274 -0.30335148810712059 0.16478094892789399 0.10185446015659765 0.80941840384752173 -0.4893956808463874 0.12308103320826311
leaf_weight=648.74583047628403 995.56771592050791 68.596017148345709 180.7765983287245 103.46141135692596 59.143863582983613 92.569626092910767 98.667710840702057 86.914393782615662 56.155085934326053 45.640573970973492 94.334181340411305 55.212089724838734 54.951623652130365 2241.192593941465 50.13615071028471 30.543720815330744 56.381101548671722 166.57321858406067 130.51331580989063 85.488073017448187 40.918332070112228 58.461411356925964 24.216526497155428 53.932194828987122 62.569226440042257 337.00062564015388 57.764923820272088 18.507497556507587 43.590636871755123 36.338049052283168
leaf_count=2992 4648 151 875 108 138 115 103 103 298 124 190 100 72 8913 252 52 57 174 464 318 67 63 44 59 187 845 391 29 157 162
internal_value=0.00602533 0.0803261 0.167758 0.256692 0.187507 0.281447 0.432536 0.600447 0.0107995 -6.92504e-05 0.0149423 -0.165032 0.250221 -0.0623168 -0.158514 0.157211 0.0339613 -0.0338124 -0.0543103 0.00797273 0.0975086 -0.0488428 0.0753328 -0.308053 0.0193671 0.0339046 -0.00735991 0.281798 0.0132463 -0.212865
internal_weight=6134.86 2939.21 1301.33 850.248 746.787 483.145 278.152 179.484 1637.88 451.085 263.642 149.546 114.095 3195.65 729.426 80.6799 1527.79 2466.23 405.444 336.848 251.36 2299.65 204.993 110.087 1471.41 1408.84 1071.84 76.2724 210.442 79.9287
internal_count=22251 9805 3291 1848 1740 1240 321 218 6514 1443 500 290 210 12446 3296 304 6157 9150 1319 1168 850 8976 919 357 6100 5913 5068 420 783 319
is_linear=0
shrinkage=0.03


Tree=43
num_leaves=31
num_cat=0
split_feature=6 71 80 7 31 60 35 23 31 44 60 90 90 89 19 49 34 42 44 60 74 43 81 13 78 19 21 23 26 67
split_gain=44648.6 22960.4 18858.4 15043.1 19416.1 18640.3 17921.8 22025 21089.4 21157.2 17976.3 13005.8 9842.7 13407.6 12451.4 12567.8 11323 9576.52 9877.2 9193.39 10014.5 9025.02 8679.05 7866.07 7821.47 7539.2 7728.93 7147.24 6840.68 6005.83
threshold=47.942383957172154 -9.532993197278909 9.9500000000000011 28.782286217034404 10.798265682603834 494.60000000000008 30.549744304974435 39.38750000000001 5.7147576572750021 0.29660746230513679 578.05000000000007 34.500000000000007 23.500000000000004 2024.5000000000002 4.4500000000000011 151.14984262382322 16.912878787878793 0.59910902091518847 0.25046125461254615 584.6500000000002 -7.5583333333333362 0.10038759689922482 8.25 3.9000000000000004 34.250000000000007 4.291666666666667 0.5634920634920636 25.050000000000004 12.427707017016015 36.417964595887987
decision_type=10 2 2 10 10 8 8 8 10 8 8 2 2 2 8 2 10 8 10 10 8 8 2 10 2 10 10 8 8 2
left_child=12 2 -2 21 5 -5 -7 10 9 -9 -8 -12 13 29 15 25 28 18 -15 20 -6 -3 -4 -17 -23 26 -14 -20 -16 -1
right_child=1 3 22 4 19 6 7 8 -10 -11 11 -13 14 17 16 23 -18 -19 27 -21 -22 24 -24 -25 -26 -27 -28 -29 -30 -31
leaf_value=-0.13074847910963125 1.0487256317477358 -0.46137456887407752 0.54689783635519795 0.016146594148726951 -0.34357098999942898 -0.050446048489857349 0.77485566873696043 0.6011146501365332 -0.19110900029417463 0.047765867051339186 0.10467582225037164 0.51242714158512959 -0.091994162706864807 -0.21778367473842217 -0.16985179448129042 0.68159146311503316 -0.071101019604284332 0.39694166912061452 0.2577466594036586 -0.43125503139806026 0.26967575776312258 -0.11544006768094207 0.0059560078238929445 0.050519026199113366 0.35360475502598782 0.42150373596491164 0.47754167594679187 -0.049760330025933448 -0.36661727780837344 0.0071021113178294341
leaf_weight=567.00333287008107 36.879381366074085 55.397695595398545 50.190607288852334 590.37415828928351 40.743331158533692 166.66628424078226 109.56494098901749 107.87273392826319 124.12979146838188 145.4682120680809 133.4611639380455 149.52753871679306 424.75702404603362 87.35273665189743 619.04393935762346 37.988560430705547 996.24848699755967 94.384234070777893 183.27555936574936 76.048812389373779 55.278220884501934 190.90934080630541 55.829060256481171 32.989562494680285 37.407685680314898 29.847841218113899 21.595842137932777 107.38423407077789 215.14999934285879 569.58281304873526
leaf_count=3165 99 221 143 2966 101 183 145 135 136 169 140 165 2132 102 2227 132 4000 108 207 81 191 749 162 93 158 142 143 121 590 3113
internal_value=-0.00400188 0.107005 0.472968 0.080406 0.114171 0.148226 0.231367 0.29235 0.128221 0.284819 0.449446 0.321172 -0.0632054 -0.00589439 -0.10197 0.0235638 -0.139489 0.128272 0.0603183 -0.187164 0.0086071 -0.121502 0.26476 0.393055 -0.0373844 -0.0322175 -0.0634325 0.144357 -0.220978 -0.0617212
internal_weight=6112.35 2125.75 142.899 1982.85 1699.14 1527.06 936.691 770.024 377.471 253.341 392.554 282.989 3986.6 1608.98 2377.62 547.179 1830.44 472.397 378.013 172.07 96.0216 283.715 106.02 70.9781 228.317 476.201 446.353 290.66 834.194 1136.59
internal_count=22219 5944 404 5540 4412 4039 1073 890 440 304 450 305 16275 6816 9459 2642 6817 538 430 373 292 1128 305 225 907 2417 2275 328 2817 6278
is_linear=0
shrinkage=0.03


Tree=44
num_leaves=31
num_cat=0
split_feature=11 67 25 42 8 89 47 10 3 41 55 37 26 46 15 40 49 40 34 64 58 79 50 0 5 55 62 73 58 68
split_gain=32521.2 16568.5 15001.5 23358.9 20659.5 11978.1 16599.8 18208.1 16839.8 14734.3 16141.8 13128.8 12515.4 11277.1 12095.1 11196.4 11086.9 15501.2 10553.3 10273.1 9964.93 8865.7 8061.78 6551.47 6614.69 6049.64 4588.13 5374.39 4550.83 6103.12
threshold=48.63333333333334 30.066228070175445 23.538899430740042 0.51522881880024751 173.50000000000003 2024.5000000000002 1.0000000180025095e-35 0.10555555555555557 27.633333333333336 1.5280398322851154 249.80000000000004 9.0336006923322962 12.039133979527133 0.058968414952187777 33.279220779220786 31.051390979807582 148.00842550065573 37.472365272046282 16.480769230769234 0.091988064487396479 201.72083333333339 50.500000000000007 10.200992241722927 9.5000000000000018 42.759615384615394 214.17261904761907 442.95000000000005 87.500000000000014 148.03809523809528 6.4175006177415357
decision_type=10 2 10 10 10 2 8 10 10 8 2 8 8 8 10 8 2 10 10 2 2 2 2 2 10 2 8 2 2 2
left_child=1 22 3 20 -4 23 -7 9 -9 -8 11 -11 16 -10 -15 -16 17 18 -12 -17 21 -2 26 -3 28 -24 27 -1 29 -25
right_child=2 5 4 -5 -6 6 7 8 13 10 12 -13 -14 14 15 19 -18 -19 -20 -21 -22 -23 25 24 -26 -27 -28 -29 -30 -31
leaf_value=-0.10935863673304508 0.29682853264009801 -0.15635381153511257 -0.21639065181121406 0.98045575362277726 0.32196119240466869 0.42043559102358591 -0.18514078557441535 0.21172773825899982 0.17861964151024845 0.66153593073562844 -0.33397836185667779 0.17152724769922989 -0.16030777766093635 -0.45934911439713322 -0.36505149317310842 0.1433695367726186 0.36559632153366423 0.36556134290727965 0.11862106622743677 -0.20241196957832033 0.49059412752178122 -0.21807927799043961 -0.096049878028110713 -0.021287719002543556 0.032493581942632258 0.27383291056121717 -0.22332395517610149 0.44737669411714881 -0.097744357951740926 0.36404009736719617
leaf_weight=313.9262600261718 66.246083181351423 392.22933166474104 124.43473836034536 47.227595530450344 130.37047174200416 105.32123923301697 117.73383820056915 150.6078485250473 85.240929424762726 94.258244395256042 90.922822713851929 103.78265058994293 133.65352839231491 117.38423407077789 116.55903613567352 161.89445781707764 163.24092942476273 94.048812389373779 92.779518067836761 146.22674697637558 85.106996893882751 53.529270982369781 94.434426246210933 241.45750327222049 1040.056797908619 67.33516457118094 561.7100249696523 15.442910015583037 1036.8028220962733 42.668398328125477
leaf_count=2650 203 2701 194 87 192 121 133 170 97 112 100 124 145 131 131 185 175 99 100 165 91 184 421 1730 5206 91 1523 32 4543 287
internal_value=-0.0078374 -0.0287529 0.221987 0.385593 0.0592376 -0.0038114 0.0569696 0.033786 -0.0721996 0.126357 0.173998 0.4069 0.093165 -0.140595 -0.191029 -0.115959 0.170175 0.0544219 -0.105987 -0.0208538 0.244375 0.0668088 -0.135887 -0.0429737 -0.0240798 0.058647 -0.17123 -0.0819802 -0.0686147 0.0376524
internal_weight=6086.63 5579.72 506.915 252.11 254.805 4526.87 1773.65 1668.33 777.913 890.42 772.687 198.041 574.646 627.305 542.064 424.68 440.992 277.751 183.702 308.121 204.882 119.775 1052.85 2753.21 2360.99 161.77 891.079 329.369 1320.93 284.126
internal_count=22123 21172 951 565 386 16455 1988 1867 879 988 855 236 619 709 612 481 474 299 200 350 478 387 4717 14467 11766 512 4205 2682 6560 2017
is_linear=0
shrinkage=0.03


Tree=45
num_leaves=31
num_cat=0
split_feature=19 61 21 24 9 71 22 3 11 68 63 90 65 58 69 75 75 26 78 63 22 2 8 7 69 18 62 50 43 43
split_gain=45431.9 24863.9 18305.8 22237.7 14804.9 14463.4 18691.2 22058 17288.5 15417.2 13610 10251.3 12419.6 12058.9 12804.9 10198.8 11919.8 9916.94 8661.14 9696.12 7982.85 11111.2 7606.23 10484.9 7199.96 10459.8 8111.73 7531.13 7413.06 8987.04
threshold=2.5500000000000003 653.95000000000016 0.35416666666666669 21.31666666666667 0.47222222222222227 -11.323214285714284 163.17894736842109 72.450000000000017 48.63333333333334 -0.95238095238095422 483.30000000000001 48.500000000000007 8.5000000000000018 205.41428571428574 4.5000000000000009 190.95833333333334 188.23333333333338 14.243448858833476 36.650000000000013 461.25000000000006 155.33487753191073 75.166666666666671 172.50000000000003 45.55046518204994 10.500000000000002 4.5000000000000009 662.85000000000014 8.0606403069336796 0.71323250393017845 0.65859521575985003
decision_type=8 10 10 10 10 2 10 10 10 2 10 2 10 2 2 10 10 10 2 8 10 10 10 10 2 10 10 2 10 10
left_child=1 2 5 10 17 -1 8 -8 15 -10 -4 12 -6 -13 -15 16 -7 18 19 -2 21 -11 23 24 26 -26 28 -27 29 -21
right_child=4 -3 3 -5 11 6 7 -9 9 20 -12 13 -14 14 -16 -17 -18 -19 -20 22 -22 -23 -24 -25 25 27 -28 -29 -30 -31
leaf_value=0.73702740992057225 -0.10525471933585624 0.66104022799179252 0.44677673445868565 -0.18831961522389196 -0.034967531743039598 0.035915012871272703 0.064569347031290511 -0.70763401677367932 0.89419425124860374 0.79126913416142097 1.5564915652986395 -0.029037172287993979 0.48382857198436047 0.093277356710078405 0.55487225030414133 -0.33912128903557248 0.4935539767801681 -0.28333148487861393 -0.21142968641930307 -0.0076537115810222699 -0.07595425593858679 0.073062799671515036 -0.29550146377561493 0.37182419565655561 0.47271365336826843 -0.1415858387450088 -0.26048040712440013 0.21401940307989606 -0.26579740026430737 0.36876089936079215
leaf_weight=29.176022741943598 1549.1982309632003 85.048812389373779 20.850182538852096 20.059378983452916 962.96291068941355 420.80209851451218 80.98282952979207 55.356123296543956 41.160933924838901 36.078708980232477 20.228618130087852 156.92847328074276 42.399823509156704 112.90128620900214 103.69982959516346 54.152986764907837 57.355418264865875 198.75387739576399 333.47090722434223 996.33901848271489 47.857772082090378 41.103484312072396 74.618967369198799 68.863778421655297 62.558125592768192 107.74905075505376 126.98581755161285 104.73043267428875 91.76635242626071 59.55296122469008
leaf_count=93 9588 90 171 168 3107 2349 151 93 95 121 37 685 84 132 122 72 77 481 1160 2140 82 102 93 102 128 206 134 168 183 108
internal_value=-0.0107742 0.173085 0.127563 0.625033 -0.046842 0.0916807 0.0682726 -0.251829 0.131022 0.397154 1.01724 0.0372669 -0.012629 0.171238 0.315805 0.0473402 0.0917247 -0.0775695 -0.0660568 -0.0510448 0.227741 0.414614 -0.00141148 0.0123209 -0.00388397 0.135039 -0.0339426 0.0338723 -0.00867171 0.0139051
internal_weight=6163.69 1010.21 925.165 61.1382 5153.48 864.026 834.85 136.339 698.511 166.201 41.0788 1378.89 1005.36 373.53 216.601 532.311 478.158 3774.59 3575.83 3242.36 125.04 77.1822 1693.16 1618.55 1549.68 275.038 1274.64 212.479 1147.66 1055.89
internal_count=22322 3701 3611 376 18621 3235 3142 244 2898 400 208 4130 3191 939 254 2498 2426 14491 14010 12850 305 223 3262 3169 3067 502 2565 374 2431 2248
is_linear=0
shrinkage=0.03


Tree=46
num_leaves=31
num_cat=0
split_feature=1 54 45 68 14 68 11 52 61 51 46 29 68 42 42 17 66 25 62 61 79 46 46 69 4 6 50 61 6 64
split_gain=26853.4 14675.1 17520.9 16215.5 17386.3 17067.2 21922.1 22696.2 17850.1 10206.5 9933.58 11067.9 9795.77 13369.7 11246 9551.99 9079.14 8641.79 14034.6 10580.1 12189.5 17842.5 8070.4 8056.36 7159.44 14696.3 7094.06 9438.76 6938.29 6487.81
threshold=40.239047619047632 179.12777777777782 0.052747507535358222 9.6408991228070189 6.5000000000000009 1.1007871983481723 3.7071428571428577 0.27786886541783623 667.20000000000016 7.348154002670447 0.25052301255230131 23.15565155428877 -4.3478260869565206 0.24566416040100253 0.064839839839839861 3.5000000000000004 22.500000000000004 26.391470466749279 523.15000000000009 496.05000000000007 44.500000000000007 0.35173201370384471 0.35764119601328909 1.5000000000000002 58.45000000000001 53.692059367270296 8.1322685249258306 650.60000000000002 50.667303868482414 0.029882638091593319
decision_type=10 2 8 2 2 2 10 10 10 2 10 10 2 8 8 10 2 10 8 10 2 8 8 2 10 10 2 8 10 2
left_child=24 16 9 5 -5 8 -7 -8 10 -3 11 12 13 -4 -14 -9 17 19 -19 -2 21 -21 -22 -12 25 26 -1 29 -11 -28
right_child=1 2 3 4 -6 6 7 15 -10 28 23 -13 14 -15 -16 -17 -18 18 -20 20 22 -23 -24 -25 -26 -27 27 -29 -30 -31
leaf_value=-0.10074226251364005 -0.030926441214621916 0.2465832513320261 -0.086160734636840944 -0.41404743238730274 0.22730058965316055 -0.046073990799174278 1.0466689906741353 0.1302444931227579 0.54420106948954095 -0.066360343790438092 0.63745193274891188 0.41897199241626037 0.12602102185742561 0.48507302644669165 -0.28844165184285242 0.54352066229668761 0.25881302226890435 -0.035813424872536678 -0.62531108609383323 0.062613961306955179 0.18678485849481452 0.68926000452447367 -0.24378738181217058 0.12539877538065225 -0.36674297726442945 0.65095246008606955 0.074292743645463663 0.24032069436969344 -0.49220921450253335 -0.079112998687671049
leaf_weight=1644.021492710337 1101.7566671315581 47.441305182874203 86.795648537576199 78.23967500962317 72.271073214709759 77.682235345244408 58.09168779104948 85.314209206029773 83.69920825958252 76.580381561070681 44.400750201195478 53.031660625711083 88.392815994098783 62.798572091385722 172.95305285602808 124.62238135188818 119.46330320835114 122.99427624605596 50.675461485981941 91.531112015247345 78.187059313058853 73.243685185909271 76.558015823364258 72.397711738944054 65.966568283736706 25.461188927292824 352.82251991145313 124.46091651916504 62.113781994208694 830.04193546250463
leaf_count=7414 6346 114 149 111 109 141 101 160 87 169 99 135 177 103 332 191 470 531 58 124 110 101 110 161 139 61 1280 138 122 2719
internal_value=0.00318963 0.0659124 0.139981 0.183301 -0.106622 0.22656 0.39729 0.525483 0.137269 -0.129685 0.0777885 0.0152918 -0.0376936 0.155268 -0.148315 0.376987 0.00767715 -0.0112836 -0.210419 0.0131802 0.164889 0.343641 -0.0264324 0.323814 -0.0599146 -0.0529944 -0.0592858 -0.00711514 -0.259234 -0.0333313
internal_weight=6104.01 3061.24 1346.83 1160.69 150.511 1010.18 345.711 268.028 664.469 186.135 580.77 463.972 410.94 149.594 261.346 209.937 1714.41 1594.95 173.67 1421.28 319.52 164.775 154.745 116.798 3042.77 2976.81 2951.35 1307.33 138.694 1182.86
internal_count=22062 10311 2461 2056 220 1836 593 452 1243 405 1156 896 761 252 509 351 7850 7380 589 6791 445 225 220 260 11751 11612 11551 4137 291 3999
is_linear=0
shrinkage=0.03


Tree=47
num_leaves=31
num_cat=0
split_feature=1 61 24 54 51 37 38 64 64 2 28 47 8 72 59 11 34 45 53 13 71 74 63 15 24 47 1 6 69 51
split_gain=30483.3 23757.9 13895.3 12600.3 18982.7 25118.3 12571.1 12962.3 27518.5 21881.2 13387.3 13685.7 8971.73 9812.57 13232.1 14570.2 14553.1 11972.4 9687.42 17602.2 10686.7 10283.3 10002.4 8508.53 8283.88 8951.71 7416.88 7010.78 9382.22 11059.9
threshold=43.684571016582559 674.60000000000002 7.2111111111111121 169.95000000000002 8.8188145384967083 8.5869189690222161 0.53923076923076929 0.03579436258808457 0.045351707116413002 53.833333333333336 36.008196721311485 0.31666666666666671 180.50000000000003 174.97500000000002 8.5000000000000018 26.050000000000004 15.696153846153846 0.53907203907203916 0.49395822947642171 4.4222222222222234 -1.0478479853479887 3.7297619047619013 574.25000000000011 28.369318181818183 14.816666666666668 0.47222222222222227 48.668593448940278 38.449401378957198 10.500000000000002 10.050726695623124
decision_type=10 10 10 2 2 10 8 2 2 10 8 10 10 8 10 8 8 10 10 8 2 8 10 8 10 10 10 10 2 2
left_child=12 2 23 -4 5 6 -5 9 -9 -8 11 -10 13 -1 16 17 -15 27 20 22 21 -18 -20 -2 -6 -26 -13 28 29 -16
right_child=1 -3 3 4 24 -7 7 8 10 -11 -12 26 -14 14 15 -17 18 -19 19 -21 -22 -23 -24 -25 25 -27 -28 -29 -30 -31
leaf_value=-0.094358096889607265 -0.48417310817072312 0.5791811369530242 0.016777953730390201 -0.14757944872885193 0.18412037352754196 0.7897944115953871 0.50805976597559022 0.98570885588849955 0.45239199655813178 -0.28526265968638898 0.49848782600254743 0.14851395902545184 -0.43652655761949011 -0.2132992489499845 -0.24646244484938373 0.38036999100110858 0.41101126023124168 0.1968628688181478 -0.11451609228416335 0.86407169912700121 -0.022004058750503142 -0.0053089044330632534 0.47541824357045326 -0.035716004268077188 -0.48816550591633229 0.0046801859670515065 -0.35969975999338571 -0.50473736850109308 0.18811715195281473 0.14202810460224533
leaf_weight=2269.1086057219654 40.172918811440468 81.555903613567352 746.38691110908985 78.493161544203758 83.072070138528943 73.745097573846579 49.076179834082723 52.796596776694059 52.177002506330609 82.411960028111935 105.13762130774558 45.023658199235797 55.062225766479969 125.14594414457679 420.83887862600386 54.473686154931784 131.68470598757267 90.087980626150966 59.261399261653423 42.034159971401095 353.68970813043416 89.316140385344625 44.492908775806427 509.51734665967524 54.523168209940195 82.335732311010361 58.332653347402811 51.275188192725182 67.851956620812416 77.496144926175475
leaf_count=11322 115 83 3746 191 121 119 153 113 132 161 176 103 83 222 881 76 179 161 209 112 1004 316 48 1694 114 135 139 58 112 140
internal_value=-0.00966993 0.079875 0.0603402 0.105937 0.187258 0.274886 0.200977 0.262657 0.367244 0.0124341 0.238691 0.0610098 -0.0596619 -0.054198 0.0025092 -0.0880961 0.0841646 -0.124649 0.136058 0.353651 0.0803397 0.243492 0.140589 -0.0693102 -0.0508534 -0.193781 -0.139012 -0.1718 -0.140812 -0.185885
internal_weight=6126.58 2194.76 2113.2 1563.51 817.125 597.194 523.449 444.956 313.468 131.488 260.671 155.533 3931.82 3876.76 1607.65 762.024 845.625 707.55 720.479 145.788 574.691 221.001 103.754 549.69 219.931 136.859 103.356 617.462 566.187 498.335
internal_count=22218 7295 7212 5403 1657 1287 1168 977 663 314 550 374 14923 14840 3518 1428 2090 1352 1868 369 1499 495 257 1809 370 249 242 1191 1133 1021
is_linear=0
shrinkage=0.03


Tree=48
num_leaves=31
num_cat=0
split_feature=89 19 74 68 15 63 45 19 61 26 37 90 74 85 6 90 27 78 46 6 62 0 18 46 63 90 50 66 68 23
split_gain=26085.5 17939.3 14270.7 21807.9 14068.1 14691.2 14641.9 10515 10505.7 11431.7 10053 16367.7 13949.4 12341 9793.3 10443.4 9381.13 9149.44 19319.2 8487.29 8280.86 6750.73 5248.51 5571.77 5243.05 5226.54 4719.1 6048.37 4778.91 4516.79
threshold=2024.5000000000002 2.1000000000000005 -1.2666666666666655 0.20044642857143205 22.033333333333335 669.25000000000011 0.052747507535358222 10.29166666666667 610.65000000000009 8.7056242520941378 9.9585481099656388 23.500000000000004 -10.516666666666664 1.0000000180025095e-35 36.409393639308014 51.500000000000007 144.44949494949498 31.450000000000003 0.24257134451309212 37.361908409310594 600.20000000000016 9.5000000000000018 2.5000000000000004 0.08842144452717797 502.30000000000007 6.5000000000000009 7.8380803211047994 1.0000000180025095e-35 8.4641025641025642 12.35416666666667
decision_type=2 8 10 2 8 10 8 10 10 8 8 2 10 2 10 2 10 2 8 10 10 2 8 10 8 2 2 2 2 10
left_child=19 2 3 -2 29 6 8 10 9 -6 14 12 -12 -13 -8 17 -15 20 -19 22 -16 25 -1 -24 26 -21 27 -23 -28 -3
right_child=1 4 -4 -5 5 -7 7 -9 -10 -11 11 13 -14 16 15 -17 -18 18 -20 21 -22 24 23 -25 -26 -27 28 -29 -30 -31
leaf_value=0.075772842657811104 0.12206334313283881 -0.35344429093292723 0.047648069364077672 0.71140718484927001 0.31073791648439886 -0.19591514659456677 0.48078302070496443 -0.15222835583267214 -0.27494815349877122 -0.16859041382292511 -0.0054945799904957274 0.21264973129646006 0.47199228274525612 -0.0038077921275142812 0.14376054604837923 0.40683480315243237 -0.35695949294733131 -0.014401222425340643 0.54456545954838764 0.29923317863928406 -0.20721284236303189 0.22592990882197828 -0.1638899664005887 -0.049883858202823241 -0.16295701340874877 -0.2031419600357873 0.036057485459541107 -0.10757966781462351 0.21822650356817891 -0.059521162045733447
leaf_weight=141.39832094870508 114.00313252210617 93.129122197628021 162.81414800882339 112.03462994098663 86.559036135673523 175.69920825958252 117.43304646015167 107.41573148965836 149.03462994098663 90.733838200569153 96.034629940986633 110.1779345870018 128.00313252210617 150.97163510322571 132.68815833330154 141.08344233036041 121.76533561944962 117.08344233036041 104.97163510322571 19.556105764582753 109.52440619468689 56.106009101495147 892.62779182940722 681.0756060667336 138.68129954859614 210.89620415121317 1028.0647714938968 342.8437294177711 147.41765196993947 95.066127359867096
leaf_count=1011 127 102 182 124 101 179 136 120 161 106 108 124 141 165 156 158 136 134 119 145 112 523 4849 3577 277 1437 4747 2165 598 106
internal_value=0.000868335 0.0752036 0.262296 0.416016 0.0408987 0.0649605 0.0910484 0.132227 -0.0901521 0.0658605 0.155302 0.0651306 0.268201 -0.0540718 0.230829 0.181627 -0.162203 0.112462 0.251095 -0.0502619 -0.0151431 -0.00732836 -0.0988818 -0.114613 0.01321 -0.159402 0.028821 -0.0602292 0.0590694 -0.206069
internal_weight=6174.89 2516.23 388.852 226.038 2127.37 1939.18 1763.48 1437.15 326.328 177.293 1329.74 606.953 224.038 382.915 722.784 605.351 272.737 464.268 222.055 3658.67 242.213 1943.57 1715.1 1573.7 1713.11 230.452 1574.43 398.95 1175.48 188.195
internal_count=22126 2797 433 251 2364 2156 1977 1609 368 207 1489 674 249 425 815 679 301 521 253 19329 268 9892 9437 8426 8310 1582 8033 2688 5345 208
is_linear=0
shrinkage=0.03


Tree=49
num_leaves=31
num_cat=0
split_feature=1 24 89 68 68 30 43 22 8 72 55 8 37 72 80 1 69 72 13 89 6 90 50 72 51 52 0 62 62 20
split_gain=26283.8 12284.6 12070 15013.5 16964.8 15034.4 12856.8 14705.2 15647.1 14046.3 9966.21 10265.9 9429.28 12697.9 8746.95 8049.49 7122.03 13670 6362.1 6088.08 14635.9 10490 6453.32 5995.52 5983.02 5406.07 9434.53 5316.76 5067.43 5155.15
threshold=39.919136878814307 6.6833333333333345 2024.5000000000002 9.6408991228070189 3.3591746794871793 20.61969963654651 0.57597468354430392 176.22290110051901 125.50000000000001 187.55000000000004 315.89047619047625 133.50000000000003 8.8461832734977364 190.37500000000003 17.350000000000005 31.670068027210888 5.5000000000000009 191.97500000000002 3.9000000000000004 2024.5000000000002 38.563329990085656 29.500000000000004 8.5881774622831131 193.29166666666671 9.571101077246821 0.48639788744239248 26.500000000000004 600.20000000000016 475.75000000000006 0.13392857142857145
decision_type=10 10 2 2 2 10 10 10 10 10 2 10 8 10 2 8 2 10 10 2 10 2 2 10 2 8 2 10 10 10
left_child=10 12 -3 4 6 -6 7 8 -4 -10 11 15 16 -14 -8 24 23 18 -18 -17 21 -21 -22 25 28 -2 -27 -13 29 -1
right_child=1 2 3 -5 5 -7 14 -9 9 -11 -12 27 13 -15 -16 19 17 -19 -20 20 22 -23 -24 -25 -26 26 -28 -29 -30 -31
leaf_value=0.16216505889606592 -0.078591520855508537 0.027925822478143483 0.056143205823607864 -0.10009459631103457 0.22721808581135372 0.73507348201134248 -0.2745387986752173 -0.11425521104343557 0.21417194894177605 0.66424460164109722 0.2118036807641244 -0.19641890557870462 -0.39592172607373638 0.076687104205604747 0.12688697768587182 -0.062158934177574218 -0.031056341706032237 0.6176430117887961 0.36828615302466061 0.35441035810222071 -0.28032127037836224 0.0090402695179363952 0.046976585224120987 -0.47452847565913536 0.0080324771408884065 -0.20096731659965031 0.65887423965366643 -0.55898015221455866 -0.27163099882863506 -0.14536068325031146
leaf_weight=54.182135712355375 306.07932631112635 1212.8560239486396 148.35273665189743 160.97163510322571 124.03462994098663 91.685025811195374 93.003132522106171 94.303924262523651 123.67084336280823 127.92282271385193 109.28660929203033 149.74152815341949 130.42696266435087 83.319892764091492 100.82833045721054 1144.7039633616805 198.03290604427457 42.784203946590424 42.823210343718529 165.59366607666016 116.25824439525604 150.89445781707764 100.38423407077789 29.129322228953242 219.23811010085046 20.350747063755989 24.315155362710357 48.080309808254242 279.29495193064213 452.16967802867293
leaf_count=328 1366 6719 163 175 136 102 106 104 141 137 113 445 249 91 113 5563 658 53 147 192 134 174 114 45 798 127 88 52 485 3148
internal_value=-0.00444552 0.0559471 0.0926752 0.166334 0.213845 0.445462 0.14069 0.221774 0.301094 0.444735 -0.0681697 -0.0788616 -0.039407 -0.212197 -0.0661434 -0.0634193 0.0164916 0.129993 0.0411743 -0.0231752 0.0604878 0.190293 -0.129144 -0.0683751 -0.130524 -0.033391 0.27129 -0.286907 -0.16915 -0.112199
internal_weight=6144.72 3154.89 2277.63 1064.77 903.801 215.72 688.082 494.25 399.946 251.594 2989.83 2880.54 877.262 213.747 193.831 2682.72 663.515 283.64 240.856 1677.83 533.131 316.488 216.642 379.875 1004.88 350.745 44.6659 197.822 785.647 506.352
internal_count=22266 10720 7896 1177 1002 238 764 545 441 278 11546 11433 2824 340 219 10936 2484 858 805 6177 614 366 248 1626 4759 1581 215 497 3961 3476
is_linear=0
shrinkage=0.03


Tree=50
num_leaves=31
num_cat=0
split_feature=18 60 68 28 28 63 70 46 54 15 63 6 65 64 72 54 54 55 54 62 46 26 67 38 25 39 55 28 72 15
split_gain=25946.1 15858.3 18398.3 13968.8 17924 17054.1 11753.7 11091.6 10877.6 10182.2 9836.16 10827.2 8189.31 8126.6 9715.26 9616.17 10529.3 13241.8 11368.7 16556.7 9133.11 7698.9 7578.04 10789.2 7836.43 7196.04 6941.25 6694.21 6683.21 12941.2
threshold=4.5000000000000009 537.95000000000016 9.6408991228070189 37.50568181818182 30.542985232067515 613.55000000000007 45.925394248608541 0.21654184304786719 211.95000000000005 28.964285714285719 432.10555555555561 59.753553424015657 7.5000000000000009 0.033403068340306839 185.70000000000002 229.25000000000003 190.20833333333334 287.32777777777784 175.33035714285717 578.35000000000014 0.30583900226757377 4.8597053531264072 42.304512757109144 0.56486676016830306 21.625857832754388 15.75277777777778 258.65000000000003 5.3875000000000011 179.42500000000004 79.045454545454561
decision_type=8 10 2 8 10 10 2 10 2 8 8 10 8 2 8 2 2 2 2 10 10 10 2 8 10 8 2 10 10 8
left_child=1 26 3 4 6 -6 8 9 -3 -2 -11 12 22 14 -9 16 18 27 19 -15 -16 -14 24 -24 -12 -25 28 -18 -1 -30
right_child=7 2 -4 -5 5 -7 -8 13 -10 10 11 -13 21 15 20 -17 17 -19 -20 -21 -22 -23 23 25 -26 -27 -28 -29 29 -31
leaf_value=0.011071065171232861 -0.18405120161439753 0.42317968757675301 -0.15042910219999836 0.55573202350663198 -0.32462410093841537 0.22982413328517526 0.60071941561326092 0.062531046842424221 -0.033005332380148522 -0.1729361319986949 -0.014025722743310451 -0.27317909605695889 0.045639280761610675 -0.036684928337270988 0.72462923723043704 -0.28229496837175222 0.32541478901059667 0.59002663416885326 -0.3252972242726796 0.64179805443280169 0.10337337947978885 0.48620733404192096 0.53738527100174238 -0.26757017362436369 -0.25202604135409179 0.10864154090709016 -0.39455703934160147 -0.090466580687676421 0.08132640226167738 0.65555197682130462
leaf_weight=1146.6319393366575 623.31110498122871 95.944699466228485 111.17168170213699 120.98557013273239 90.807895123958588 108.46141135692596 103.74777323007584 415.19019475020468 91.129122197628021 412.56354463100433 657.000553349033 124.55812677927315 86.082072094082832 510.64148999936879 41.698267864063382 114.9204241707921 51.556684531271458 54.730705678462982 111.2773677315563 33.555903613567352 43.267076389864087 60.274548500776291 44.582715403288603 54.35276266746223 152.66348303295672 263.44335277751088 32.711463212966919 102.42617812752724 195.77281931973994 42.204918310046196
leaf_count=6593 2699 110 120 131 105 113 115 1630 100 2947 1637 202 225 2446 111 138 123 57 337 35 123 92 85 112 271 628 46 245 525 95
internal_value=0.00504051 0.0891865 0.203498 0.268028 0.196017 -0.0231997 0.345788 -0.0404561 0.201965 -0.0792394 -0.0439506 -0.00697751 0.0183603 0.0245436 0.122799 -0.0257218 0.00868432 0.193734 -0.0504439 0.00625164 0.413148 0.229148 -0.00813429 0.105714 -0.0591566 0.0436605 0.0308324 0.0499804 0.0411598 0.185481
internal_weight=6097.67 2139.57 722.248 611.076 490.091 199.269 290.822 3958.1 187.074 2478.83 1855.52 1442.96 1318.4 1479.26 500.156 979.109 864.188 208.714 655.475 544.197 84.9653 146.357 1172.04 362.379 809.664 317.796 1417.32 153.983 1384.61 237.978
internal_count=22196 8053 794 674 543 218 325 14143 210 8898 6199 3252 3050 5245 1864 3381 3243 425 2818 2481 234 317 2733 825 1908 740 7259 368 7213 620
is_linear=0
shrinkage=0.03


Tree=51
num_leaves=31
num_cat=0
split_feature=9 61 71 2 67 40 72 17 72 75 63 0 35 29 90 59 10 45 29 61 61 39 23 22 66 82 44 81 63 74
split_gain=29118.1 18229.6 12902.1 17236.9 14935.4 12009.5 23152.8 18720.1 9350.53 9501.97 9046.64 10838.2 7850.19 12811.6 10950.4 10902.4 10810 10571.7 18204.3 24104.3 12009.5 10882.5 10634.8 7497.81 11447.6 10065.5 9624.22 9323.51 16288.2 11041.7
threshold=0.47222222222222227 667.20000000000016 -7.5238095238095228 77.833333333333357 78.002645502645507 43.597760283906133 179.31666666666669 3.5000000000000004 172.97500000000002 186.00000000000003 466.30000000000001 180.50000000000003 39.13968547641074 17.209159261790841 6.5000000000000009 9.2500000000000018 0.13392857142857145 0.055684754521963829 5.0954545454545466 550.65000000000009 603.95000000000016 17.668384879725092 5.5500000000000007 147.3144505638605 34.500000000000007 4.6500000000000012 0.96609195402298864 16.850000000000005 587.1500000000002 -8.6333333333333382
decision_type=10 10 2 10 2 8 10 10 8 10 10 2 8 8 2 8 10 10 8 10 10 10 8 10 2 2 10 2 8 10
left_child=10 2 3 -2 5 23 8 -8 9 -7 -1 12 17 -14 -15 16 -16 20 21 -20 -12 -19 -23 24 25 -4 -27 28 -25 -29
right_child=1 -3 4 -5 -6 6 7 -9 -10 -11 11 -13 13 14 15 -17 -18 18 19 -21 -22 22 -24 27 -26 26 -28 29 -30 -31
leaf_value=-0.081191809708938328 0.11242479961622139 0.47397302885336973 0.40298029530122703 0.6889094911389323 -0.39424070575314135 -0.0017938331088358974 0.094723642486093385 0.7133534429859647 -0.28576326426587328 0.42939429352721503 0.050677527702081983 0.34092030187519556 -0.14521506275727317 0.4612498326337246 0.048068050046850636 0.28624743241287331 -0.41407682807390644 -0.34200948027223033 0.035276753440506507 0.55393522964490494 -0.29319252957701541 0.33363357099392288 -0.059550712522679711 -0.022976182064706124 0.63654301369247002 0.073873429770984655 -0.22146376565680997 -0.21277254240162718 -0.54466474222434502 0.33859587217283554
leaf_weight=2049.528542779386 143.49390362389386 112.90550774335861 62.821581913158298 68.55059783346951 63.685006156563759 161.64093404449522 74.885516606271267 107.03573741950095 64.69382506981492 63.286170542240143 249.33243079669774 82.980221569538116 653.14215156435966 56.01189049705863 126.75766729749739 85.519056834280491 69.950027260929346 75.926577605307102 168.44700238294899 153.97163510322571 143.09762477874756 87.558358047157526 205.01489276252687 151.76992270536721 30.069055009633303 425.42007291316986 128.45252421870828 55.739405175670981 82.576372630894184 76.320409793406725
leaf_count=12705 470 116 148 150 201 1025 131 160 206 80 494 131 1147 103 278 157 163 111 417 168 153 149 313 505 60 1548 399 110 88 213
internal_value=0.00773661 0.106088 0.0822377 0.301152 0.0520836 0.0714806 0.196375 0.460613 0.0293836 0.12089 -0.0360707 0.00680588 -0.00671506 -0.0676821 0.0820216 0.00539553 -0.117536 0.0490873 0.119653 0.28391 -0.0751395 -0.0244436 0.0588531 0.013217 0.074607 0.0462218 0.005104 -0.0950539 -0.208336 0.106026
internal_weight=6080.58 1873.35 1760.44 212.045 1548.4 1484.71 471.542 181.921 289.621 224.927 4207.24 2157.71 2074.73 991.381 338.239 282.227 196.708 1083.35 690.918 322.419 392.43 368.5 292.573 1013.17 646.763 616.694 553.873 366.406 234.346 132.06
internal_count=22099 5610 5494 620 4874 4673 1602 291 1311 1105 16489 3784 3653 1848 701 598 441 1805 1158 585 647 573 462 3071 2155 2095 1947 916 593 323
is_linear=0
shrinkage=0.03


Tree=52
num_leaves=31
num_cat=0
split_feature=9 51 58 52 68 52 71 18 7 11 43 5 62 67 54 88 1 50 39 44 61 60 35 15 33 69 61 72 54 44
split_gain=23027.7 18764.7 16660.7 16322.9 21872.9 14439.9 10862 9870.07 11282.7 10108.6 9729.66 9689.25 18596.8 9574.89 9202.81 8522.27 15362.3 8376.5 7847.25 7470.64 11900 8671.36 7457.53 7233 8530.9 7739.19 12711.3 7943.17 8357.43 17499
threshold=0.47222222222222227 8.2653862694596523 214.67063492063497 0.25507108909671078 -1.9619401562797802 0.37334953373843582 -8.7659256452359866 2.5000000000000004 56.230818944136807 42.707142857142863 0.58225035161744032 76.52500000000002 595.45000000000016 44.620937885643777 193.65000000000003 1.0000000180025095e-35 51.56442687747036 8.1322685249258306 28.752906976744189 0.031859821859060576 613.80000000000007 575.65000000000009 38.010372840094213 18.04545454545455 0.95000000000000007 12.500000000000002 488.55000000000007 199.45000000000002 201.95000000000002 0.46746188594014687
decision_type=10 2 2 8 2 10 2 8 10 10 10 10 10 2 2 2 10 2 10 10 10 10 10 8 10 2 10 10 2 10
left_child=7 2 11 -4 -5 -6 -3 8 9 18 19 12 13 22 -12 -15 -17 -9 -1 20 -8 -21 -2 -19 25 27 -27 28 -25 -30
right_child=1 6 3 4 5 -7 10 17 -10 -11 14 -13 -14 15 -16 16 -18 23 -20 21 -22 -23 -24 24 -26 26 -28 -29 29 -31
leaf_value=0.058766541604434876 -0.15601394532751492 0.37713548563769533 0.63031667905745814 0.58658339367675727 -0.20758260559387207 0.27669975686918441 -0.1520516145653879 -0.096330858714930467 0.70335445388608897 -0.47926269471094757 -0.023278974584214789 -0.2417995592026308 0.76857586550264478 0.041097875709880216 0.49722832263605099 0.61207707457292093 0.055282898193709927 -0.18375573478177681 0.58076171401929066 -0.070797335252746146 0.38266351370414486 -0.36412782900441715 0.26066887327146171 0.0027330858634749718 -0.07914493773652917 0.042955560301186677 0.67409663720543767 -0.37717054032647429 -0.11064647247573706 0.44538466571357666
leaf_weight=428.4741834923625 191.57480418868363 53.327061487361789 108.75033409148455 93.102825544774532 107.57535278983414 112.19900362193584 97.350815365090966 1913.5867852475494 24.492421234026551 28.869921635836363 83.576900724321604 75.137430032715201 36.080309808254242 217.43836667202413 47.126462791115046 84.340539753437042 93.873726010322571 183.76567988470197 26.618247115984559 216.07722265832126 59.52440619468689 156.09762477874756 47.412951922044158 669.01634049229324 565.889918172732 73.180322706699371 46.429021120071411 39.100249171257019 85.33336516469717 124.18197978660464
leaf_count=2086 781 122 122 106 122 137 237 8689 53 72 221 203 40 1921 56 139 149 687 152 769 62 166 290 2605 1572 237 54 46 121 162
internal_value=0.0032958 0.0905446 0.164557 0.315077 0.203847 0.0397862 -0.0306918 -0.0356995 0.0881197 0.0555977 -0.0641768 0.0791605 0.115422 0.0771389 0.166746 0.167545 0.320733 -0.0527317 0.0905043 -0.121434 0.0519783 -0.194472 -0.0726062 -0.00601365 0.0144626 0.0655594 0.291505 0.0358231 0.0546119 0.219469
internal_weight=6089.5 1880.57 1167.49 421.628 312.877 219.774 713.08 4208.94 508.455 483.962 659.753 745.858 670.721 634.64 130.703 395.653 178.214 3700.48 455.092 529.05 156.875 372.175 238.988 1786.9 1603.13 1037.24 119.609 917.632 878.532 209.515
internal_count=22179 5643 4010 487 365 259 1633 16536 2363 2310 1511 3523 3320 3280 277 2209 288 14173 2238 1234 299 935 1071 5484 4797 3225 291 2934 2888 283
is_linear=0
shrinkage=0.03


Tree=53
num_leaves=31
num_cat=0
split_feature=5 61 2 3 71 2 1 52 60 68 52 78 67 72 69 61 39 67 64 78 78 45 71 60 11 52 50 30 72 54
split_gain=24067.6 17412.5 18315.9 23408.8 14552.1 23856 14893.4 12375.2 9418.02 9827.3 9544.95 12707.5 9297.98 7978.61 7426.49 13908.1 14893.8 15193.5 11682.5 7800.48 7070.36 7918.55 9376.54 13928.7 7591.62 6952.98 6852.61 9102.71 7115.87 6777.87
threshold=57.658333333333339 667.20000000000016 41.416666666666679 57.45000000000001 -7.5238095238095228 77.833333333333357 42.800793650793658 0.21408140555976382 681.1500000000002 14.007549857549856 0.31797216609012346 30.850000000000005 30.066228070175445 201.07500000000002 3.5000000000000004 569.30000000000007 21.132704402515724 35.659625435540079 0.30825791855203627 34.250000000000007 28.450000000000003 0.25052301255230131 -2.9843447956655491 566.85000000000002 45.850000000000001 0.37255677526048231 10.043932820823633 30.250378686625684 190.37500000000003 92.273809523809533
decision_type=10 10 10 10 2 10 8 10 10 2 10 2 2 10 2 10 10 2 2 2 2 10 2 10 10 10 2 10 10 2
left_child=12 2 3 -2 5 -4 -6 -8 9 10 11 -9 25 14 19 -16 17 -17 -19 26 -12 22 -22 24 -24 -1 27 29 -28 -14
right_child=1 -3 4 -5 6 -7 7 8 -10 -11 20 -13 13 -15 15 16 -18 18 -20 -21 21 -23 23 -25 -26 -27 28 -29 -30 -31
leaf_value=-0.015962872585827945 0.14012911677615755 0.56945768568023658 -0.078667362049756884 1.0488929567344554 0.56843199767478503 0.85433840330362731 -0.35351822110488917 0.74550417607944053 0.34936045303461033 -0.496398927855913 -0.32253386720509231 -0.02166421495769956 0.4994429669681848 -0.32801663094565736 0.0096718479002534906 0.43350976922371798 0.46871446397779942 -0.12160112804901266 0.26480043998665587 -0.154382309449758 -0.24149704614401674 -0.30328295076651124 0.21775669149643065 0.48535482048808071 -0.39850007776382118 -0.16796893067543164 -0.25375972751948955 0.55873939881055101 0.15540103751584514 0.0051790034287711459
leaf_weight=567.91367168724537 69.916774282231927 82.318106710910797 47.871705241501331 39.506768645718694 38.955824710428715 49.540895685553551 89.252423105761409 33.590022930875421 69.555903613567352 35.362936526536942 68.098463101312518 44.219244889914989 24.509874498471618 60.856422116979957 1723.2560338452458 92.685025811195374 125.65352839231491 223.05194491147995 101.69920825958252 362.19450696371496 51.690326862037182 53.212779114022851 35.475983059033751 82.160619616508484 34.57883414812386 517.12082700058818 160.15842239931226 27.431606940925121 49.413694620132446 1181.0323232412338
leaf_count=2696 218 85 142 83 55 109 250 154 71 85 238 153 255 106 7154 103 137 241 105 1372 110 199 164 90 121 2078 441 85 58 5001
internal_value=0.014636 0.155555 0.114511 0.474761 0.0602004 0.399689 0.00766965 -0.0297986 0.027666 -0.0240538 0.0185174 0.314777 -0.0103831 0.0101455 0.0152798 0.0514277 0.18366 0.09694 -0.000154025 -0.0301171 -0.0531114 0.0192189 0.104451 0.222739 -0.0877531 -0.088496 0.00116876 0.0281597 -0.157006 0.0156335
internal_weight=6142.28 925.308 842.99 109.424 733.566 97.4126 636.153 597.198 507.945 438.389 403.026 77.8093 5216.98 4131.94 4071.09 2266.35 543.09 417.436 324.751 1804.74 325.217 257.119 203.906 152.215 70.0548 1085.03 1442.55 1232.97 209.572 1205.54
internal_count=22159 2327 2242 301 1941 251 1690 1635 1385 1314 1229 307 19832 15058 14952 7740 586 449 346 7212 922 684 485 375 285 4774 5840 5341 499 5256
is_linear=0
shrinkage=0.03


Tree=54
num_leaves=31
num_cat=0
split_feature=18 72 68 69 44 82 46 58 54 61 15 61 11 43 55 5 82 78 71 45 34 12 54 62 60 28 6 46 90 36
split_gain=19657.6 14679.2 22749.9 18433.9 15926.8 18265.4 13358.7 8871.72 13746.9 8228.33 8200.97 9743.03 7402.47 7229.05 6462.19 9254.9 9885.93 6457.85 6275.54 6230.22 7237.06 10248 6056.85 6919.55 5985.64 6155.86 5699.18 7330.94 7755.82 5697.22
threshold=4.5000000000000009 180.52272727272728 9.6408991228070189 4.5000000000000009 0.052874025753981709 9.6500000000000004 0.21654184304786719 203.60555555555558 190.20833333333334 683.85000000000014 64.527777777777786 643.45000000000016 40.550000000000004 0.89827586206896559 284.62500000000006 46.975000000000009 8.2500000000000018 34.95000000000001 -9.3076599326599307 0.14319890635680113 25.944444444444446 19.050000000000004 146.05000000000004 460.15000000000003 586.75000000000011 7.6794871794871806 73.060710091587154 0.29434564523483819 34.500000000000007 2.3075396825396832
decision_type=8 10 2 2 10 2 10 2 2 8 10 10 10 10 2 10 2 2 2 8 10 10 2 10 10 8 10 10 2 10
left_child=1 18 3 7 -5 -6 9 8 -3 12 22 26 13 14 17 16 -16 19 -1 20 24 -22 23 -8 25 -2 27 -12 -29 -20
right_child=6 2 -4 4 5 -7 10 -9 -10 -11 11 -13 -14 -15 15 -17 -18 -19 29 -21 21 -23 -24 -25 -26 -27 -28 28 -30 -31
leaf_value=0.27788855856406625 0.2150730804261457 0.031615979209682413 -0.18206645176129074 0.14148075781320818 0.29705662412803902 0.88296890828373975 0.026809692776963739 -0.048286513163851658 0.73792909502383586 0.2985421922171908 -0.092626138866740246 0.60299455690363157 -0.47345101237415421 -0.46421017177905854 0.35150643128975317 -0.1752357109324332 -0.016978246585452224 -0.2352631322836512 -0.016402754163870409 -0.11371057414948844 0.051230412451592384 0.67087057589032428 -0.040580245220996056 0.32094702003104636 -0.35185484388002858 -0.081029476455933114 -0.236316281378808 0.12294110478229185 0.6809862103089992 0.19626583689485219
leaf_weight=78.263088122010231 83.447347501292825 65.056029159575701 124.27399198710918 115.15474739670753 98.431022465229034 95.176430555060506 276.77817686088383 171.04971361160278 39.173192709684372 49.28862951695919 54.427332410588861 42.34960412979126 43.372030714526772 42.795439142733812 110.36691910028458 126.62034100294113 158.98557013273239 263.63604698888958 1227.2658681925386 1177.7837597448379 96.072357790544629 31.116186616942286 882.23679384216666 96.383111447095871 51.255111873149872 250.03473743051291 35.2332414817065 57.849793100729585 36.1869957447052 123.89878551475704
leaf_count=362 311 204 157 154 130 145 1764 198 67 139 170 44 91 134 118 134 169 1191 5792 4823 432 109 2693 190 56 1155 123 212 108 782
internal_value=0.00051746 0.073829 0.185402 0.263771 0.422554 0.588145 -0.0390052 0.0847901 0.301564 -0.0815055 0.0322858 0.198205 -0.0893161 -0.0821564 -0.0750023 0.0354338 0.13475 -0.097396 0.0184509 -0.075759 0.0116075 0.206874 0.00227635 0.103437 -0.0533137 -0.00651414 0.102126 0.183488 0.342592 0.00322921
internal_weight=6103.96 2137.74 708.315 584.041 308.762 193.607 3966.22 275.279 104.229 2484.77 1481.45 226.047 2435.49 2392.11 2349.32 395.973 269.352 1953.35 1429.43 1689.71 511.926 127.189 1255.4 373.161 384.737 333.482 183.697 148.464 94.0368 1351.16
internal_count=22157 7991 1055 898 429 275 14166 469 271 8862 5304 657 8723 8632 8498 421 287 8077 6936 6886 2063 541 4647 1954 1522 1466 613 490 320 6574
is_linear=0
shrinkage=0.03


Tree=55
num_leaves=31
num_cat=0
split_feature=7 49 60 22 47 40 43 60 13 5 1 52 13 38 39 42 66 26 62 62 25 72 55 6 39 55 7 60 40 50
split_gain=26185.5 17321.9 13281.2 20249.4 14916.9 12721.9 11894.5 12066.3 10582.3 9804.68 14499.6 8421 9736.53 8331.04 8020.24 7171.77 8550.42 10019.5 7769.85 9607.46 6762.03 7788.41 6408.87 4625.22 4972.67 4542.46 6075.76 8772.92 6080.94 6844.19
threshold=28.46164084881816 212.39357173265225 522.75000000000011 171.35890151515156 0.64583333333333337 37.612276455560043 0.28982549541555758 631.30000000000007 6.9444444444444455 44.205263157894741 46.302173913043482 0.40240408314163656 2.3666666666666671 0.73353057199211047 18.733854166666671 0.050901435819928759 12.500000000000002 6.6778149386845049 635.75000000000011 619.80000000000007 30.444664031620558 174.87500000000003 249.80000000000004 37.361908409310594 30.507142857142863 221.12500000000003 40.308807967413479 439.27500000000003 32.521439063744644 8.1874702467193803
decision_type=10 2 10 8 10 10 10 10 10 10 10 10 10 8 10 8 2 8 10 10 10 10 2 10 10 2 10 8 8 2
left_child=15 2 20 4 5 6 14 9 -6 -8 -11 12 -5 -9 -4 -1 18 -18 19 -17 22 -22 23 -2 25 26 -25 28 -28 -30
right_child=1 -3 3 11 8 -7 7 13 -10 10 -12 -13 -14 -15 -16 16 17 -19 -20 -21 21 -23 -24 24 -26 -27 27 -29 29 -31
leaf_value=-0.10663921162306564 -0.10036850014752149 0.71263647505953642 -0.32163950234652394 -0.18523298100434865 0.65562436953276582 0.37607786085291861 0.2619090726704017 0.1460474003748512 0.20297989301942962 -0.3528522040401999 0.1197861811160148 -0.28227187290008537 0.18567176205957966 0.5424637683916288 0.063870318815356722 -0.042336363406290337 0.048650680091528856 0.6713045107508766 0.23472171135942541 -0.68469606075607148 0.032537082047952387 0.71309181040055003 -0.31909755682035423 0.04381694820440727 0.28091312086850795 0.18082145808159492 -0.34340120106484079 -0.2156474183961655 0.030647279662616007 0.52270985251873181
leaf_weight=1462.1610494609922 322.26883550919592 35.62349658459425 90.597624778747559 110.7480206489563 93.129122197628021 164.14415514469147 134.40323787927628 95.223614454269409 94.409478604793549 91.703179121017456 157.04966288805008 114.02753871679306 147.16399729251862 96.69920825958252 102.81101548671722 1070.0772340707481 73.605151556432247 33.123843360692263 89.236559808254242 20.381101548671722 37.646463897079229 24.423419455066323 56.921635210514069 776.74924905411899 64.450453475117683 129.73231576196849 26.610451294109225 239.30241509154439 112.29032633826137 31.946304336190224
leaf_count=6003 1615 66 101 119 102 179 158 101 102 100 175 130 163 100 109 5421 363 94 103 21 184 64 74 4041 387 245 176 785 765 152
internal_value=0.00740828 0.0637067 0.0565192 0.122853 0.186495 0.137112 0.0856486 0.154035 0.430042 0.0564484 -0.055168 -0.0688009 0.0263041 0.347556 -0.117438 -0.0612085 -0.00952873 0.246332 -0.0328659 -0.0549586 0.00216803 0.307384 -0.00876277 0.00178897 0.0256823 0.0129848 -0.00549715 -0.0987686 0.0652437 0.142481
internal_weight=6098.66 3350.08 3314.45 1492.11 1120.17 932.632 768.488 575.079 187.539 383.156 248.753 371.94 257.912 191.923 193.409 2748.58 1286.42 106.729 1179.69 1090.46 1822.34 62.0699 1760.27 1703.35 1381.08 1316.63 1186.9 410.149 170.847 144.237
internal_count=22198 10193 10127 1639 1227 1023 844 634 204 433 275 412 282 201 210 12005 6002 457 5545 5442 8488 248 8240 8166 6551 6164 5919 1878 1093 917
is_linear=0
shrinkage=0.03


Tree=56
num_leaves=31
num_cat=0
split_feature=18 75 55 39 22 26 54 58 67 43 15 54 44 71 28 40 82 30 66 32 75 39 54 80 38 50 80 26 89 31
split_gain=19922.1 19428.3 11934.2 11284.7 10336.1 14203.1 11884.2 13537.6 9072.66 9721.41 11346.5 13525.9 10628.4 9180.15 9128.57 7576.66 7797.23 10142.8 7418.23 7197.88 13448 7712.85 10357 9081.47 10547.3 8034.93 6820.41 9670.07 13068.8 6689.89
threshold=2.5000000000000004 195.4916666666667 315.89047619047625 18.154700854700859 190.18000642880105 10.941386815920401 241.72777777777779 219.64305555555561 42.862852664576813 0.60474493623405856 61.074175824175832 219.83333333333337 0.24078921853790966 -0.4444444444444437 25.650256720024164 31.483665269042632 8.0500000000000025 17.35578887675026 4.5000000000000009 9.3245825443277681 190.75833333333335 21.411239495798323 219.83333333333337 24.550000000000004 1.2730823863636365 8.2113656079731303 17.250000000000004 8.2385261797026512 2024.5000000000002 6.4377018236690438
decision_type=8 10 2 10 10 10 2 2 2 10 8 2 10 2 10 10 2 10 2 10 10 8 2 2 8 2 2 10 2 10
left_child=1 4 8 -4 5 6 7 26 -2 15 13 12 29 14 -11 16 17 -10 -16 21 -21 22 23 -17 -25 -23 27 28 -1 -12
right_child=2 -3 3 -5 -6 -7 -8 -9 9 10 11 -13 -14 -15 18 19 -18 -19 -20 20 -22 25 -24 24 -26 -27 -28 -29 -30 -31
leaf_value=0.12513001421748637 -0.072175461247158068 0.66240542632549593 -0.034230355974516812 0.35625384201514693 -0.29952679551336192 0.63747727689894484 -0.41898035882316725 0.39739250776832491 0.035833573522541282 0.63751139319153538 0.29858012454446498 0.86447636605315681 0.56813165612366101 -0.15976325158438698 -0.21964677076646658 -0.094982935369214302 -0.046045141933132354 -0.5418390844377563 0.34501502191419703 -0.022075473377081264 0.44192276728680291 -0.043612530366511658 -0.45561557084794818 0.50821026159193561 -0.16697983056479423 0.39553405079895165 -0.028641926738539453 -0.24658741206268045 0.65719989801332535 -0.31088850537767487
leaf_weight=221.91488317027688 3124.5937961153686 54.015625 130.69920825958252 134.49290877580643 58.831480398774147 42.393622685223818 39.805422402918339 121.07363058626652 42.230250224471092 31.744888558983803 27.266661066561937 35.033751085400581 39.444812033325434 121.01598101481795 43.861165566369891 387.38763101026416 272.98363823071122 76.048167575150728 38.290208613499999 137.74183276481926 93.87838077545166 79.126838598400354 57.714028581976891 52.104410782456398 33.605822721496224 69.971529077738523 391.02686374634504 44.703938020393252 50.335421681404114 37.038286743685603
leaf_count=1447 11908 55 134 138 93 129 51 137 125 119 106 42 138 485 162 1905 1003 166 123 306 107 502 83 195 151 197 1765 142 59 130
internal_value=-0.00674309 0.113873 -0.0311421 0.164399 0.082679 0.107656 0.0811016 0.105588 -0.041975 0.0143212 0.148991 0.363008 0.187038 0.021549 0.213909 -0.0243923 -0.13464 -0.337015 0.0445224 0.0230258 0.16708 -0.0262213 -0.0797867 -0.0330743 0.244605 0.16374 0.0551955 0.158391 0.225548 -0.051846
internal_weight=6090.38 1024.1 5066.27 265.192 970.085 911.254 868.86 829.055 4801.08 1676.49 373.696 138.784 103.75 234.912 113.896 1302.79 391.262 118.278 82.1514 911.53 231.62 679.91 530.812 473.098 85.7102 149.098 707.981 316.954 272.25 64.3049
internal_count=22103 3878 18225 272 3823 3730 3601 3550 17953 6045 1305 416 374 889 404 4740 1294 291 285 3446 413 3033 2334 2251 346 699 3413 1648 1506 236
is_linear=0
shrinkage=0.03


Tree=57
num_leaves=31
num_cat=0
split_feature=8 68 30 55 68 45 90 28 43 55 42 23 69 63 43 72 56 73 69 6 44 68 28 65 8 71 52 64 61 28
split_gain=15893.2 11826.9 22655.4 9292.7 16485 12798.3 12477.8 12140.3 10654.1 10329.2 8324.85 18225.6 10380.9 8125.19 7734.59 7646.08 7221.55 6768.69 10422.7 6755.56 10130.1 9355.17 7041.14 5829.28 5805.41 5216.11 5133.69 5015.97 8244.34 11360.2
threshold=94.500000000000014 13.484347778745642 16.923406499241977 281.49722222222232 -5.3290705182007506e-15 0.25052301255230131 22.500000000000004 29.474215842636898 0.47104443645945626 267.38333333333338 0.45936947879858664 23.267857142857146 6.5000000000000009 618.10000000000014 0.28534418948926726 186.61578947368423 151.91956800557315 91.500000000000014 7.5000000000000009 55.677509547013642 0.064126753749395263 3.7404304815019072 31.628008192524323 10.500000000000002 140.50000000000003 0.2735134836427911 0.39081219442698989 0.031071991761336213 462.35000000000008 22.57676767676768
decision_type=10 2 8 2 2 8 2 8 8 2 8 8 2 10 8 10 2 2 2 10 10 2 8 8 10 2 10 2 8 10
left_child=27 3 -3 9 5 -5 -6 -8 -7 10 17 12 -12 14 16 -4 -13 23 -19 21 25 24 -23 -2 -16 26 -21 28 -1 -30
right_child=1 2 15 4 6 8 7 -9 -10 -11 11 13 -14 -15 19 -17 -18 18 -20 20 -22 22 -24 -25 -26 -27 -28 -29 29 -31
leaf_value=-0.083524603038780468 -0.029718297152814949 0.17553436213201895 -0.2237338519984399 0.028590760213272597 -0.20340451718561689 0.65416225557338437 0.31763731640766951 -0.065964429714835834 0.23098748401194141 -0.20191577425445856 0.22226028530894629 0.032843752920654605 0.91680095968074926 0.43163171435147585 -0.0080064644310446857 -0.76679006015537887 -0.61844402945471411 -0.0082300594973624495 0.41691282860949308 -0.31642247122316913 0.51255771601826206 0.039288090530560996 0.65772794811481516 0.43197736342316556 -0.34682887884069019 0.3439127587450847 0.18676124559850724 -0.084575353230801356 0.0022561039436998658 0.35574874203437384
leaf_weight=465.04541020281613 1332.554451758042 78.54988295212388 45.8042107000947 100.01731497049332 142.87401032447815 105.36691910028458 156.47872632741928 139.95432013273239 111.25511187314987 167.48016887903214 41.392446203157306 31.825110986828804 36.87343966588378 50.905507743358612 190.77972774393857 49.136335998773575 28.378994923084974 131.79048943519592 84.570968419313431 41.210275337100029 67.508727047592402 38.262207230553031 28.408522529527545 24.076913267374039 58.792162410914898 34.330024797469378 31.265416409820318 1883.9672866407782 291.49708054959774 112.75793622434139
leaf_count=3035 6302 186 168 106 147 113 167 148 116 186 170 141 111 54 778 53 77 183 125 146 245 151 95 77 182 123 94 7691 686 248
internal_value=-0.00369314 0.0401915 -0.200309 0.0533864 0.145132 0.309782 0.0260239 0.136915 0.438884 0.0246841 0.0416114 0.129241 0.556918 0.0727764 0.0388861 -0.509855 -0.279249 0.00367502 0.159103 0.0784181 0.227789 -0.00437451 0.308632 -0.0212122 -0.0888892 0.044711 -0.0997657 -0.0570819 0.00253118 0.10149
internal_weight=6103.11 3349.84 173.49 3176.35 755.946 316.639 439.307 296.433 216.622 2420.41 2252.93 679.933 78.2659 601.667 550.761 94.9405 60.2041 1572.99 216.361 490.557 174.314 316.243 66.6707 1356.63 249.572 106.806 72.4757 2753.27 869.3 404.255
internal_count=22104 10444 407 10037 797 335 462 315 229 9240 9054 2367 281 2086 2032 221 218 6687 308 1814 608 1206 246 6379 960 363 240 11660 3969 934
is_linear=0
shrinkage=0.03


Tree=58
num_leaves=31
num_cat=0
split_feature=1 42 7 23 25 29 39 53 31 55 62 53 29 23 40 50 82 43 15 24 1 28 82 32 58 82 74 78 8 26
split_gain=24133 14089.6 15752 33762.4 14993.7 16656.3 16000.6 12373.2 8832.08 14076 23753.8 9109.04 8783.97 8242.78 9100.47 9026.06 8743.59 8158.39 18184.3 16271.4 12491.9 9579.92 9570.1 9457.69 7347.88 7506.28 8245.55 7580.54 7330.32 7442.68
threshold=44.436051794638807 0.31532777567260334 55.062010282937301 42.866071428571438 33.079550717924974 16.233031674208146 22.79459980713597 0.5345981332966333 7.6944527864773269 267.38333333333338 583.10000000000014 0.3192235119900641 23.003759398496246 54.354166666666679 31.56515716277671 9.2891447707662547 13.050000000000002 0.5270603115430702 61.074175824175832 21.211111111111112 49.46918238993711 33.038838612368032 4.5000000000000009 10.214013086150493 186.36428571428573 7.7500000000000009 -10.883333333333338 30.050000000000004 171.50000000000003 12.427707017016015
decision_type=10 10 10 10 10 10 8 10 10 2 10 10 10 10 8 2 2 10 10 10 10 10 2 8 2 2 10 2 10 10
left_child=28 13 4 -4 5 6 -3 8 9 10 24 -10 -9 14 15 16 -2 21 22 20 -20 23 -19 -16 25 26 -7 -27 29 -1
right_child=1 2 3 -5 -6 7 -8 12 11 -11 -12 -13 -14 -15 17 -17 -18 18 19 -21 -22 -23 -24 -25 -26 27 -28 -29 -30 -31
leaf_value=-0.019910117677032102 -0.61948926297532181 0.15772045509177471 0.85771624142626912 -0.040172081663519078 -0.52995890048050942 0.84407455402143372 1.0427284296903201 -0.67146184772207573 0.087617317465818009 -0.31087523486525881 1.017680043827986 0.77940833066525694 0.066726148896640414 -0.31265882029251252 0.00012724530182843085 0.050345044882521436 0.032189377711814057 0.54262712368859423 1.063776023346974 -0.021549231615994632 0.35273867905301898 -0.41216909424931769 -0.035054555776321113 0.37215189387846787 -0.27687768057008894 -0.11061012959586865 0.091024086890945002 0.24209848715282078 -0.28188740575598464 -0.17396192971216765
leaf_weight=3682.4582427721471 51.462689651176333 39.753756472840905 84.346073983237147 67.345809426158667 29.327973708510399 25.607025409117341 33.900666780769825 29.390092631801963 32.41316931322217 64.811015486717224 26.286609292030334 36.018913304433227 27.444128777831793 60.656600499525666 533.1304447054863 86.656116249039769 28.501005049794912 28.274132972583175 42.322053372859955 41.919575799256563 48.816840993240476 43.694288793951273 217.32277753390372 68.521245511248708 40.779908362776041 104.82129804044962 26.285741364583373 113.01990435831249 107.30606414377689 304.72543120384216
leaf_count=14454 254 144 139 120 59 74 94 102 112 71 30 90 112 205 2004 229 194 55 82 122 147 106 856 120 69 505 147 550 179 712
internal_value=0.00360217 0.0880743 0.187924 0.461433 0.121426 0.154066 0.573571 0.0944457 0.145132 0.0908648 0.168864 0.45772 -0.320015 0.0256078 0.0430888 -0.161899 -0.389686 0.0765686 0.186917 0.467948 0.690884 0.0116328 0.0333813 0.0430438 0.0939707 0.150853 0.471557 0.0726515 -0.0383477 -0.0317244
internal_weight=6127.32 2032.83 781.552 151.692 629.86 600.532 73.6544 526.878 470.044 401.612 336.8 68.4321 56.8342 1251.28 1190.62 166.62 79.9637 1024 378.655 133.058 91.1389 645.346 245.597 601.652 310.514 269.734 51.8928 217.841 4094.49 3987.18
internal_count=22137 6792 2418 259 2159 2100 238 1862 1648 1446 1375 202 214 4374 4169 677 448 3492 1262 351 229 2230 911 2124 1345 1276 221 1055 15345 15166
is_linear=0
shrinkage=0.03


Tree=59
num_leaves=31
num_cat=0
split_feature=6 7 78 39 55 64 45 7 0 11 73 13 24 43 46 54 61 81 90 75 43 0 75 70 13 73 47 13 19 61
split_gain=19118.9 12030.6 10503 12666.3 10474.8 10881.6 10205.2 8785.51 8610.9 12010.5 20917 11363 9862.11 10502.4 15867.9 12746.6 12697.9 11288.2 9339.67 10360.2 9267.09 11745.3 8088.27 7302.48 10182.9 10277.8 6306.1 6673.05 9795.83 13915.8
threshold=40.170620433036312 26.0660698993922 35.45000000000001 21.232051282051284 304.72857142857146 0.03234524847428074 0.055684754521963829 18.50540458438957 49.500000000000007 49.250000000000007 50.500000000000007 3.9000000000000004 19.950000000000003 0.50092936802973986 0.23691816245816857 219.83333333333337 464.60000000000008 14.750000000000002 9.5000000000000018 190.41666666666671 0.38551917594040291 135.50000000000003 190.15833333333336 77.934021801491681 0.77500000000000013 79.500000000000014 0.47222222222222227 7.0714285714285721 4.5500000000000007 569.30000000000007
decision_type=10 10 2 8 2 2 10 8 2 10 2 10 8 8 8 2 8 2 2 10 10 2 10 2 10 2 10 10 8 10
left_child=-1 2 7 -4 8 -6 -7 -2 18 12 -11 -12 13 15 -15 17 -16 20 19 -3 21 -10 -9 24 25 -20 -26 28 29 -28
right_child=1 4 3 -5 5 6 -8 22 9 10 11 -13 -14 14 16 -17 -18 -19 23 -21 -22 -23 -24 -25 26 -27 27 -29 -30 -31
leaf_value=-0.051197566543680878 0.26233246645363212 0.058682647956319473 -0.16749965969478761 0.82073464097745286 0.49582218937996908 -0.054126744289783563 0.34216913193316567 -0.10819736585167646 0.2035197884437018 -0.012611069518161247 0.81267207360227811 0.27405349200711876 -0.057710829165454829 0.01957562615761085 0.085718429066446888 -0.28584884189196619 0.69461213080582707 -0.088594270236730985 -0.00035561631455286634 0.59066079987980569 -0.10870120127857695 0.74418321786959984 -0.44456289187729769 -0.48980358267735963 -0.12644676457432713 0.74970351868483698 0.12514574765676889 -0.21545516550107432 -0.064393374837268924 0.8783503400514634
leaf_weight=2851.2376353517175 42.684325970709324 131.45018835365772 22.35740671493113 22.796519884839654 99.985817551612854 130.66771084070206 104.52440619468689 269.51836358383298 165.10754479840398 114.59580664336681 67.140345469117165 76.286328628659248 394.91728770360351 113.27785450592637 46.072762385010719 84.726819027215242 94.072734020650387 154.13322119414806 37.84736936353147 43.088496685028076 55.89765652269125 45.810731783509254 83.959876954555511 31.266822306439281 490.97646912187338 28.069621533155441 87.462846297770739 67.327231762930751 124.55453683249652 28.730705678462982
leaf_count=11973 203 700 114 100 107 135 107 1365 525 244 96 114 1377 263 197 98 145 433 192 51 167 87 94 111 1918 41 452 268 439 31
internal_value=0.00552891 0.0551536 -0.0903455 0.338395 0.0779637 0.235148 0.122699 -0.139942 0.0566579 0.105283 0.289931 0.530071 0.0637829 0.126982 0.284214 0.0477786 0.496464 0.115448 -0.00750269 0.192629 0.233209 0.323908 -0.189121 -0.0466489 -0.0300827 0.325475 -0.0597842 0.0465207 0.120373 0.317293
internal_weight=6110.55 3259.31 441.316 45.1539 2817.99 335.178 235.192 396.163 2482.81 1412.04 258.022 143.427 1154.02 759.099 253.423 505.676 140.145 420.949 1070.77 174.539 266.816 210.918 353.478 896.236 864.969 65.917 799.052 308.075 240.748 116.194
internal_count=22147 10174 1876 214 8298 349 242 1662 7949 3746 454 210 3292 1915 605 1310 342 1212 4203 751 779 612 1459 3452 3341 233 3108 1190 922 483
is_linear=0
shrinkage=0.03


Tree=60
num_leaves=31
num_cat=0
split_feature=18 60 15 74 62 4 8 45 75 29 7 25 90 55 40 72 62 70 44 36 58 71 15 73 36 4 54 55 0 41
split_gain=22514.2 19034.5 17999.2 17722.2 14135.4 12573.8 10057.6 9361.84 10206.5 35427.3 10445.2 7046.49 7449.24 6575.03 6134.72 8922.4 6938.76 6561.61 7115.41 5621.91 8750.15 6456.77 8690.44 8544.2 5583.29 7144.6 8691.16 5667.3 7119.34 5376.19
threshold=4.5000000000000009 527.60000000000014 95.708333333333357 -3.9749999999999939 642.85000000000014 64.850000000000009 128.50000000000003 1.0000000180025095e-35 193.08333333333334 3.8397435897435903 30.58022235101615 23.340675477239355 14.500000000000002 258.65000000000003 20.876917712691775 171.21764705882356 667.00000000000011 38.501700680272116 0.20681366047745361 2.3075396825396832 177.70436507936512 -6.5206914663201205 63.654761904761912 78.500000000000014 3.9750000000000001 63.211111111111116 179.12777777777782 190.93750000000003 63.500000000000007 1.663793103448276
decision_type=8 10 8 8 8 10 10 10 10 8 10 10 2 2 8 8 10 2 8 10 2 2 10 2 10 10 2 2 2 10
left_child=1 13 3 5 6 -3 -5 11 24 -10 -11 14 -13 19 15 -2 17 -16 -19 21 -21 22 23 -1 25 -9 -27 -26 -29 -23
right_child=7 2 -4 4 -6 -7 -8 8 9 10 -12 12 -14 -15 16 -17 -18 18 -20 20 -22 29 -24 -25 27 26 -28 28 -30 -31
leaf_value=0.16883771688412574 -0.14456018756618183 0.26990536788995634 -0.13530004429750336 0.010460219380266669 -0.16407560375022173 0.68266475277447614 0.40359590712507065 -0.028233719359302474 -0.25365113731048433 0.11284780676409077 0.52691041561294394 0.049054506349638004 -0.33227384776800262 -0.4259491419220639 -0.13200142347909988 0.33422088509471148 -0.39735043415162397 0.34177976944876687 -0.02805803004726231 0.04874882493606679 0.58086364677920876 0.006973334721003208 -0.2261619312934989 0.77342027112436185 -0.038359835681589925 0.029064299171903764 -0.44519933284780783 0.069995390778584951 0.56520857864755836 -0.18617462444902536
leaf_weight=95.470243142917752 63.253680864349008 156.16147011518478 117.39360618591309 95.854770123958588 104.69896084070206 117.62912219762802 149.77639770507812 1798.5829708985984 128.66964483261108 90.646085739135742 140.40972375869751 60.065278379246593 194.09493029117584 28.594845652580261 641.33382779546082 76.314881881698966 62.52440619468689 53.86875419691205 318.34922637231648 90.475601371377707 39.29325532913208 925.96979696303606 35.057148344814777 26.318854331970215 107.65657306835055 59.249821050092578 82.793839957565069 65.959007766097784 42.630986023694277 149.81278586946428
leaf_count=589 256 178 127 113 111 127 165 7402 132 101 143 133 361 42 2766 161 65 167 1061 746 128 4641 131 49 705 271 121 229 80 877
internal_value=0.00328057 0.0819375 0.204585 0.26863 0.126728 0.449079 0.250844 -0.0388065 -0.00366298 0.144047 0.365655 -0.0989359 -0.242316 0.0164562 -0.0687842 0.117748 -0.0930646 -0.0739206 0.0262386 0.0260473 0.21308 0.00620006 0.185383 0.304724 -0.0283536 -0.0444796 -0.248552 0.115902 0.267793 -0.0200722
internal_weight=6118.91 2132.51 741.514 624.121 350.33 273.791 245.631 3986.4 2516.6 359.725 231.056 1469.8 254.16 1390.99 1215.64 139.569 1076.08 1013.55 372.218 1362.4 129.769 1232.63 156.846 121.789 2156.87 1940.63 142.044 216.247 108.59 1075.78
internal_count=22178 8024 821 694 389 305 278 14154 9184 376 244 4970 494 7203 4476 417 4059 3994 1228 7161 874 6287 769 638 8808 7794 392 1014 309 5518
is_linear=0
shrinkage=0.03


Tree=61
num_leaves=31
num_cat=0
split_feature=9 40 61 48 70 64 62 90 53 71 41 65 62 71 8 31 55 2 50 19 34 26 81 2 8 73 11 15 62 63
split_gain=25266.4 12945.7 14910.7 17136.6 11391.4 19111.3 27119.4 10486.6 9809.56 13815.8 10993.9 9339.15 13577.7 8564.87 9667.26 8077.54 8043.61 14842.6 10020 8342.26 10310.5 9417.07 13944 8167.74 8157.69 7920.05 7342.94 7284.01 7990.95 9330.46
threshold=0.47222222222222227 38.125572381969157 653.95000000000016 141.05799409097185 74.922949735449748 0.28600230414746547 492.25000000000006 44.500000000000007 0.43324577627938099 -3.0946811235379523 3.5486957994579948 6.5000000000000009 470.60000000000008 9.4813330996983982 165.50000000000003 12.038585408150627 287.32777777777784 49.416666666666679 9.8130389496115278 4.4500000000000011 24.763888888888893 8.93947241851345 17.150000000000002 27.416666666666668 172.50000000000003 98.500000000000014 43.95000000000001 34.964285714285722 616.80000000000007 535.80000000000007
decision_type=10 8 10 2 2 2 10 2 8 2 10 10 10 2 10 10 2 10 2 8 10 8 2 10 10 2 10 8 10 8
left_child=15 7 3 8 5 6 -5 13 25 -10 -11 12 -9 14 27 16 19 18 23 21 24 26 -23 -18 -21 -3 -1 -2 29 -29
right_child=1 2 -4 4 -6 -7 -8 11 9 10 -12 -13 -14 -15 -16 -17 17 -19 -20 20 -22 22 -24 -25 -26 -27 -28 28 -30 -31
leaf_value=0.013215672295730601 0.32291993806352853 -0.012597099283204531 0.50999292300114651 0.18746673326645888 -0.12626921710435704 0.028109524551494302 0.91873283004360862 -0.061166398460200333 0.59920649016121508 -0.22394310462396741 0.35105562632372439 -0.15563932254588969 0.40682173649090198 0.29350733235510773 -0.42655230807466887 -0.21071574798142553 0.048816701218229383 0.34825093023000997 0.25085618355677469 -0.097368876965440734 0.032454334861199322 0.046083327195653695 0.73851657658989955 -0.27538134086352817 -0.53547119618463446 -0.43670827113709093 -0.52169525931857386 -0.10178585044658524 -0.31760751960945077 0.22742580392599859
leaf_weight=866.09609608910978 44.641627131029963 286.37231738865376 106.28660929203033 91.783412840217352 46.896074917167425 93.769899185746908 91.079744249582291 84.333275349810719 54.137108951807022 68.12714421376586 51.779747731983662 64.677579829469323 162.53562656790018 59.198505774140358 64.284743746742606 220.1565752774477 148.54172116518021 140.19211703538895 95.636213421821594 1790.8121407441795 647.50588813237846 75.618658386170864 39.148702416568995 130.7480206489563 38.148845963180065 45.005782276391983 22.728726593777537 286.42723927274346 95.730705678462982 105.07847460359335
leaf_count=4390 149 1300 110 365 108 202 111 456 162 250 181 131 228 179 163 531 157 147 101 7542 2980 259 121 139 96 59 42 1265 98 124
internal_value=0.00673383 0.0974661 0.176982 0.133721 0.303845 0.376952 0.554709 0.0204511 0.024437 0.206157 0.0252101 0.163458 0.24735 -0.0476773 -0.0819914 -0.034222 -0.0244459 0.0860874 -0.0126063 -0.0408271 -0.0703876 0.0321139 0.286621 -0.103396 -0.106795 -0.0713379 -0.00103381 -0.0396242 -0.0734346 -0.0130725
internal_weight=6117.48 1902.15 935.238 828.951 323.529 276.633 182.863 966.908 505.422 174.044 119.907 311.546 246.869 655.361 596.163 4215.33 3995.18 515.118 374.926 3480.06 2476.47 1003.59 114.767 279.29 1828.96 331.378 888.825 531.878 487.236 391.506
internal_count=22146 5641 2848 2738 786 678 476 2793 1952 593 431 815 684 1978 1799 16505 15974 544 397 15430 10618 4812 380 296 7638 1359 4432 1636 1487 1389
is_linear=0
shrinkage=0.03


Tree=62
num_leaves=31
num_cat=0
split_feature=1 38 76 62 30 63 55 7 23 50 7 72 4 3 8 8 55 2 28 63 82 60 56 52 75 25 50 13 47 63
split_gain=18905.9 13341.3 13082.2 19475.3 10186.8 13692 10091.2 10324.2 9777.42 9862.35 9472.55 29284.1 8709.02 11734.9 8662.67 9183.22 11255.9 7911.16 9633.82 9234.27 7990.8 7713.98 7384.35 8726.02 7835.74 6845.15 7248.74 6679.7 10031.3 9922.32
threshold=40.901388888888896 1.192976451259584 1.0000000180025095e-35 667.00000000000011 18.673715237983632 641.20000000000016 323.55000000000001 61.472146544993286 18.414285714285715 8.3648909186281006 48.996122244108626 184.81250000000003 57.050000000000004 65.26666666666668 85.500000000000014 185.50000000000003 258.65000000000003 53.833333333333336 31.751543209876548 521.95000000000016 12.850000000000003 467.55000000000007 142.76912071382608 0.43904362736117508 184.32500000000002 11.294878804446876 6.3858519360455528 8.1000000000000014 0.61250000000000016 449.67500000000007
decision_type=10 10 2 10 10 10 2 8 8 2 10 10 10 10 8 8 2 10 8 10 2 10 2 10 10 10 2 10 10 10
left_child=12 2 4 6 5 8 7 10 9 -2 25 -12 13 -1 -6 16 17 19 20 21 -19 -16 23 -10 -25 -4 -27 28 -28 -30
right_child=1 -3 3 -5 14 -7 -8 -9 22 -11 11 -13 -14 -15 15 -17 -18 18 -20 -21 -22 -23 -24 24 -26 26 27 -29 29 -31
leaf_value=-0.044564306657989002 0.10448619203232799 -0.058263972677091366 -0.16025762075556477 0.6083206694997888 0.28882491675425037 0.47983530877285174 0.61433051943065697 -0.24410633893569356 -0.1231945839415107 0.76136046510203736 -0.015487669088098566 0.82764302981533855 -0.32124242863026087 0.40186436018212851 0.11796887799064472 0.20295440922137784 -0.36310181662148955 -0.73393231914105606 0.039307643615757122 0.55978040312032773 -0.09267140085603931 -0.50182895759237078 0.45448289552500659 0.037469774122782164 0.69107168059861424 -0.36266779757871487 0.11497530666309422 -0.1485303769983066 0.078885742789447877 0.62739656592207482
leaf_weight=3072.5673284865916 60.197891535237432 667.52394420281053 82.355997359380126 82.143304646015167 54.15543850325048 77.34960412979126 36.555903613567352 67.089007893577218 291.58961509168148 30.562704894691706 83.799178529530764 65.443419689312577 99.059466810896993 52.929610002785921 80.823459766805172 72.741540789604187 155.43160277605057 38.358207926154137 74.808498475700617 31.636213421821594 32.06423625536263 22.197531679645181 27.377367973327637 55.864306570962071 22.50759369134903 25.287081001326442 506.67063924856484 62.51614585891366 48.880682103335857 75.856231378391385
leaf_count=12039 314 2291 370 84 217 79 38 190 1195 103 259 79 207 131 435 132 165 108 275 37 114 59 104 316 30 149 1942 237 297 162
internal_value=0.00441175 0.0595362 0.0942751 0.166056 0.021843 0.111656 0.131059 0.113117 0.0524487 0.331569 0.138553 0.357276 -0.0457107 -0.036878 -0.0685245 -0.107108 -0.159265 -0.045178 -0.198115 0.120012 -0.447344 -0.019117 -0.0119805 -0.0476312 0.231519 0.0974346 0.127124 0.145469 0.174767 0.414788
internal_weight=6156.34 2931.79 2264.26 1136.6 1127.67 565.449 1054.45 1017.9 488.099 90.7606 950.809 149.243 3224.56 3125.5 562.217 508.061 435.32 279.888 145.231 134.657 70.4224 103.021 397.339 369.962 78.3719 801.567 719.211 693.924 631.408 124.737
internal_count=22158 9781 7490 3807 3683 2141 3723 3685 2062 417 3495 338 12377 12170 1542 1325 1193 1028 497 531 222 494 1645 1541 346 3157 2787 2638 2401 459
is_linear=0
shrinkage=0.03


Tree=63
num_leaves=31
num_cat=0
split_feature=18 15 71 50 62 58 63 64 82 26 73 3 72 72 51 6 82 36 42 38 62 89 60 78 53 56 67 49 65 56
split_gain=15342.9 13505.8 18492.1 11355 9421.89 15332.2 9481.33 7999.39 12143.5 8460.81 7550.51 7361.15 7214.67 6933.09 9373.94 6830.68 6414.25 6260.68 6695.15 6516.88 8950.56 7188.28 14617 6280.45 6074.17 7364.61 9701.61 5823.27 5815.04 8372.71
threshold=4.5000000000000009 98.062500000000014 -11.323214285714284 8.0606403069336796 631.30000000000007 248.04285714285717 682.25000000000011 0.0076046726810085593 7.9500000000000011 6.9115057510022124 120.50000000000001 94.100000000000009 201.07500000000002 193.52500000000001 9.1329478294406368 74.664487419360881 10.65 2.3979166666666671 0.59389754616186041 0.16333333333333336 512.6500000000002 2024.5000000000002 584.6500000000002 29.350000000000005 0.33849696064681445 133.33345405996633 44.474937343358413 128.80650954947961 6.5000000000000009 85.957108818450848
decision_type=8 10 2 2 10 2 8 2 2 8 2 10 10 10 2 10 2 10 10 10 10 2 10 2 10 2 2 2 10 2
left_child=1 2 -1 -2 6 -6 10 8 9 -5 11 15 13 28 -15 17 -10 19 23 21 24 -4 -23 -19 -21 27 -27 -26 -9 -30
right_child=3 -3 4 7 5 -7 -8 12 16 -11 -12 -13 -14 14 -16 -17 -18 18 -20 20 -22 22 -24 -25 25 26 -28 -29 29 -31
leaf_value=0.64104854009336676 -0.086453501180706951 -0.2986505632157021 0.026908421986590204 0.73244262976058949 0.42719511735188392 -0.034667771954159217 -0.48419023771069869 -0.040594587439243039 -0.23764907025535553 0.15162316792047589 0.53573379680112176 0.45299949151379931 -0.34562485809875237 -0.028145853188689462 0.33056196706278412 -0.25867617913532265 0.16187338903124709 0.40080464016492962 0.73465802424361326 -0.16443491045478406 -0.38995741639821929 0.46888206830496781 0.001484417449252487 -0.051593795089124851 0.14009355292528619 0.59948629301742051 -0.021640772749084009 -0.33497492333236867 0.39456489261578287 0.010104911737895838
leaf_weight=51.63314519636333 1746.4179237633944 84.662805214524269 822.70889489538968 45.906210690736771 156.16061961650848 109.69920825958252 28.881740532815456 1435.3935818281025 56.508419116958976 44.775764284655452 27.905507743358612 38.183611752465367 53.221481282263994 132.69033747911453 128.3342353105545 66.515173429623246 96.463063528761268 49.118968144059181 20.362268440425396 128.86779006943107 66.112309694290161 108.83146297931671 133.32123923301697 61.073159854859114 48.273159705102444 45.316216729581356 44.127480654045939 43.035022417083383 68.842598019167781 188.97849224321544
leaf_count=190 7812 173 4321 135 164 113 46 4471 180 90 31 74 66 150 144 155 471 279 126 831 82 134 149 356 275 139 216 165 160 452
internal_value=0.005604 0.0705209 0.0859045 -0.0290723 0.0712483 0.237205 0.0456613 0.0154627 0.177421 0.450435 0.054922 0.046601 -0.00427332 0.00519502 0.148803 0.0368548 0.0137029 0.0495228 0.247649 0.0314082 -0.075874 0.069298 0.212613 0.151857 -0.00776909 0.104217 0.296199 -0.0850171 -0.0170183 0.11389
internal_weight=6132.32 2134.79 2050.13 3997.53 1998.49 265.86 1732.63 2251.11 243.653 90.682 1703.75 1675.85 2007.46 1954.24 261.025 1637.66 152.971 1571.15 130.554 1440.59 375.732 1064.86 242.153 110.192 309.62 180.752 89.4437 91.3082 1693.21 257.821
internal_count=22150 8019 7846 14131 7656 277 7379 6319 876 225 7333 7302 5443 5377 294 7228 651 7073 761 6312 1708 4604 283 635 1626 795 355 440 5083 612
is_linear=0
shrinkage=0.03


Tree=64
num_leaves=31
num_cat=0
split_feature=9 52 78 5 27 25 62 26 71 72 26 11 37 37 51 24 26 78 58 25 6 75 66 60 55 1 75 11 58 69
split_gain=18061.7 12660 17305.6 24059.1 11368.6 16033.6 17162.1 15752.1 13960.7 11876 13240 11591.3 9467.51 8945.31 16448.7 15103.5 13359.5 11657.7 21367.8 11386.4 10327.1 8829.38 7551.73 6658.11 6626.3 5863.82 7525.29 6963.71 5847.09 5594.98
threshold=0.47222222222222227 0.33306319470668405 35.850000000000001 68.02500000000002 138.35351725136675 22.241248097412484 583.10000000000014 5.8737277902363294 -7.5238095238095228 192.87500000000003 5.1486367079020452 50.45000000000001 8.9987102321582135 7.9437936027379239 8.9295199674517587 22.645833333333339 5.817029654238957 32.550000000000004 230.25000000000003 22.476265133699158 53.426880953304739 188.50833333333335 6.5000000000000009 458.25000000000006 228.15416666666667 32.201449275362329 195.28333333333336 45.211111111111116 110.20555555555559 8.5000000000000018
decision_type=10 8 2 10 8 8 10 8 2 10 10 10 10 8 2 8 8 2 2 10 10 10 2 10 2 10 10 10 2 2
left_child=25 2 13 -4 7 6 -6 9 -7 10 -3 12 24 -2 15 17 22 18 19 23 -16 -9 -17 -15 -10 29 27 28 -27 -1
right_child=1 4 3 -5 5 8 -8 21 11 -11 -12 -13 -14 14 20 16 -18 -19 -20 -21 -22 -23 -24 -25 -26 26 -28 -29 -30 -31
leaf_value=-0.070426159701293942 -0.10088873100481772 -0.086894013066714029 0.18307112751948429 1.0224271526373134 0.10244904437729124 0.47557996245138445 0.63468731888713836 -0.11412449784100781 0.031343663781635819 0.5867300404232364 0.50183099266006082 -0.36380138673630186 -0.23587641759479794 0.33059493210375163 0.20651432259343838 0.078472082375953184 -0.21272626498804165 0.066027947504950321 1.066762968870705 0.67535966783493262 -0.29630620952958575 -0.49067010234870012 0.86077851041960285 -0.33454234797992005 0.48615513673784216 0.29987558347486171 0.20599298062333224 -0.41183447474000229 -0.021961622087289835 -0.30877927989925474
leaf_weight=1123.9827286861837 143.74938704259694 257.00007946044207 87.667688023298979 46.807012377306819 148.60729893110693 42.941112615168095 85.573218584060669 136.30391308665276 82.083848379552364 32.596058905124664 38.665861757472157 97.30501726269722 72.799504764378071 27.408655047416687 61.52631152421236 24.669176952913404 76.91012947447598 52.70086601190269 52.52440619468689 41.4388582482934 88.402488911524415 95.175304532051086 19.536104831844568 24.888947553932667 43.565343096852303 50.769857902079821 136 39.582876248285174 2733.1864788457751 95.379457730799913
leaf_count=5365 685 1141 233 73 571 98 93 514 333 42 131 159 143 153 147 169 196 121 55 99 175 107 71 66 52 385 136 75 10201 319
internal_value=0.000773768 0.0779515 0.173623 0.480619 0.0146513 0.108508 0.298809 -0.0814304 -0.0235615 0.0522341 -0.00847116 -0.0973913 0.0344061 0.105688 0.168949 0.290129 0.0255318 0.450266 0.587326 0.310253 -0.0899625 -0.27039 0.435598 0.0137118 0.19163 -0.0339729 -0.0111517 -0.02168 -0.0159868 -0.0893081
internal_weight=6059.75 1880.85 748.23 134.475 1132.62 572.875 234.181 559.741 338.695 328.262 295.666 295.754 198.449 613.755 470.006 320.077 121.115 198.962 146.261 93.7365 149.929 231.479 44.2053 52.2976 125.649 4178.9 2959.54 2823.54 2783.96 1219.36
internal_count=22108 5627 2243 306 3384 1449 664 1935 785 1314 1272 687 528 1937 1252 930 436 494 373 318 322 621 240 219 385 16481 10797 10661 10586 5684
is_linear=0
shrinkage=0.03


end of trees

feature_importances:
opp_batting=66
team_conceded_10=61
ewm_5=59
opp_scored_10=57
year=50
mean_all=48
bat_pos_5=46
venue_par_20=46
season_mean=45
team_scored_10=44
opp_conceded_10=42
opp_attack=39
bat_mid_share_10=38
home_share=37
league_par_60=37
bowl_death_share_10=35
wind=35
mean_20=34
batting_10=34
bat_pp_share_10=34
bat_pos_last=33
team_bat_depth_excl=33
venue_mean_shrunk=33
bowl_pp_share_10=30
opp_lift=30
match_number=30
opp_n=29
sd_10=28
econ_v_L=28
venue_lift=28
six_rate_10=27
bat_death_share_10=27
avg_car=26
bsr_car=26
opp_spin_share=26
avg_10=25
max_10=24
dot_pct_car=24
temp=23
bdry_pct_10=21
venue_n=21
bsr_10=20
mean_3=19
bpi_car=19
overs_pm_10=18
n_prev=17
rank_in_team=17
venue_par_rel=17
bdry_pct_car=16
team_rest=16
mean_5=15
sr_10=15
six_rate_car=15
venue_matches=15
mean_10=14
econ_v_R=14
dew_spread=14
bpi_10=13
wpm_car=13
fielding_10=12
sr_car=12
econ_car=12
overs_pm_car=12
opp_mean_shrunk=12
plow_10=11
field_dis_10=11
opp_left_share=10
dew_point=10
p50plus_10=9
econ_10=9
dot_pct_10=9
exp_sr_matchup=9
bowled_rate_10=8
sr_v_pace=8
seasons_played=6
days_rest=6
humidity=6
season_n=5
sr_v_spin=5
bowling_10=4
bats_first=4
role_code=4
exp_econ_matchup=3
wpm_10=2
won_toss=2
batted_rate_10=1
night=1
impact_era=1

parameters:
[boosting: gbdt]
[objective: regression]
[metric: l2]
[tree_learner: serial]
[device_type: cpu]
[data_sample_strategy: bagging]
[data: ]
[valid: ]
[num_iterations: 65]
[learning_rate: 0.03]
[num_leaves: 31]
[num_threads: 4]
[seed: 11]
[deterministic: 0]
[force_col_wise: 0]
[force_row_wise: 0]
[histogram_pool_size: -1]
[max_depth: -1]
[min_data_in_leaf: 100]
[min_sum_hessian_in_leaf: 0.001]
[bagging_fraction: 0.8]
[pos_bagging_fraction: 1]
[neg_bagging_fraction: 1]
[bagging_freq: 1]
[bagging_seed: 27648]
[bagging_by_query: 0]
[feature_fraction: 0.8]
[feature_fraction_bynode: 1]
[feature_fraction_seed: 4989]
[extra_trees: 0]
[extra_seed: 22223]
[early_stopping_round: 0]
[early_stopping_min_delta: 0]
[first_metric_only: 0]
[max_delta_step: 0]
[lambda_l1: 0]
[lambda_l2: 1]
[linear_lambda: 0]
[min_gain_to_split: 0]
[drop_rate: 0.1]
[max_drop: 50]
[skip_drop: 0.5]
[xgboost_dart_mode: 0]
[uniform_drop: 0]
[drop_seed: 21136]
[top_rate: 0.2]
[other_rate: 0.1]
[min_data_per_group: 100]
[max_cat_threshold: 32]
[cat_l2: 10]
[cat_smooth: 10]
[max_cat_to_onehot: 4]
[top_k: 20]
[monotone_constraints: ]
[monotone_constraints_method: basic]
[monotone_penalty: 0]
[feature_contri: ]
[forcedsplits_filename: ]
[refit_decay_rate: 0.9]
[cegb_tradeoff: 1]
[cegb_penalty_split: 0]
[cegb_penalty_feature_lazy: ]
[cegb_penalty_feature_coupled: ]
[path_smooth: 0]
[interaction_constraints: ]
[verbosity: -1]
[saved_feature_importance_type: 0]
[use_quantized_grad: 0]
[num_grad_quant_bins: 4]
[quant_train_renew_leaf: 0]
[stochastic_rounding: 1]
[linear_tree: 0]
[max_bin: 255]
[max_bin_by_feature: ]
[min_data_in_bin: 3]
[bin_construct_sample_cnt: 200000]
[data_random_seed: 74]
[is_enable_sparse: 1]
[enable_bundle: 1]
[use_missing: 1]
[zero_as_missing: 0]
[feature_pre_filter: 1]
[pre_partition: 0]
[two_round: 0]
[header: 0]
[label_column: ]
[weight_column: ]
[group_column: ]
[ignore_column: ]
[categorical_feature: ]
[forcedbins_filename: ]
[precise_float_parser: 0]
[parser_config_file: ]
[objective_seed: 24011]
[num_class: 1]
[is_unbalance: 0]
[scale_pos_weight: 1]
[sigmoid: 1]
[boost_from_average: 1]
[reg_sqrt: 0]
[alpha: 0.9]
[fair_c: 1]
[poisson_max_delta_step: 0.7]
[tweedie_variance_power: 1.5]
[lambdarank_truncation_level: 30]
[lambdarank_norm: 1]
[label_gain: ]
[lambdarank_position_bias_regularization: 0]
[eval_at: ]
[multi_error_top_k: 1]
[auc_mu_weights: ]
[num_machines: 1]
[local_listen_port: 12400]
[time_out: 120]
[machine_list_filename: ]
[machines: ]
[gpu_platform_id: -1]
[gpu_device_id: -1]
[gpu_device_id_list: ]
[gpu_use_dp: 0]
[num_gpu: 1]

end of parameters

pandas_categorical:[]
