tree
version=v4
num_class=1
num_tree_per_iteration=1
label_index=0
max_feature_idx=91
objective=quantile
feature_names=n_prev mean_all mean_3 mean_5 mean_10 mean_20 ewm_5 sd_10 max_10 p50plus_10 plow_10 batting_10 bowling_10 fielding_10 season_n season_mean seasons_played days_rest bat_pos_last bat_pos_5 batted_rate_10 bowled_rate_10 sr_10 avg_10 bpi_10 bdry_pct_10 six_rate_10 sr_car avg_car bpi_car bdry_pct_car six_rate_car econ_10 wpm_10 bsr_10 dot_pct_10 overs_pm_10 econ_car wpm_car bsr_car dot_pct_car overs_pm_car bat_pp_share_10 bat_mid_share_10 bat_death_share_10 bowl_pp_share_10 bowl_death_share_10 field_dis_10 sr_v_spin sr_v_pace econ_v_L econ_v_R opp_spin_share opp_left_share opp_attack opp_batting exp_sr_matchup exp_econ_matchup team_bat_depth_excl rank_in_team team_scored_10 team_conceded_10 opp_scored_10 opp_conceded_10 home_share team_rest venue_n venue_mean_shrunk venue_lift opp_n opp_mean_shrunk opp_lift venue_par_20 venue_matches venue_par_rel league_par_60 bats_first won_toss temp humidity dew_point dew_spread wind rain night role_code left_hand bowl_grp_code impact_era year match_number playoff
feature_infos=[0:280] [-2:228] [-2:228] [-2:228] [-2:228] [-2:228] [-2:228] [0:100.06997551713501] [-2:306] [0:1] [0:1] [-2:194] [0:186] [0:36] [0:18] [-4:228] [0:19] [1:400] [1:11] [1:11] [0:1] [0:1] [0:600] [0:249] [0:73] [0:100] [0:100] [0:600] [0:163] [0:73] [0:100] [0:100] [0:36] [0:6] [2:186] [0:100] [0.16666666666666666:4] [1.5:36] [0:6] [2:156] [0:83.333333333333343] [0.16666666666666666:4] [0:1] [0:1] [0:1] [0:1] [0:1] [0:4] [0:600] [0:600] [1.5:36] [1.5:36] [0:0.75855130784708247] [0:0.95604395604395609] [0:396.30000000000001] [0:368.5] [0:600] [1.5:36] [0:368.5] [1:13] [201:750.70000000000005] [201:719.10000000000002] [201:750.70000000000005] [201:719.10000000000002] [0:1] [1:125] [0:94] [-2:228] [-23.431731984829327:40.761627906976749] [0:43] [-2:228] [-25.20814479638009:35.487179487179489] [110:240] [0:131] [-60:62.666666666666657] [150.01666666666668:231] [0:1] [0:1] [12:42.899999999999999] [7:98] [-5.4000000000000004:28.699999999999999] [0.39999999999999858:42.299999999999997] [0.40000000000000002:29.899999999999999] [0:11] [0:1] [0:3] [0:1] [0:2] [0:1] [2008:2026] [0:72] [0:1]
tree_sizes=3160 3345 3455 3417 3522 3504 3508 3523 3516 3521 3542 3496 3512 3528 3475 3522 3505 3517 3510 3501 3522 3515 3510 3514 3514 3477 3539 3525 3526 3501 3498 3524 3539 3544 3538 3531 3507 3525 3518 3522 3521 3515 3504 3516 3518 3517 3537 3520 3528 3517

Tree=0
num_leaves=31
num_cat=0
split_feature=11 89 19 35 80 1 22 75 44 90 54 73 11 52 17 76 8 51 52 75 4 78 54 62 5 46 27 7 30 3
split_gain=10.4414 5.26277 2.75086 1.32495 0.972651 0.919259 0.911938 0.883372 0.836858 1.02058 1.15056 0.813539 0.785708 0.746682 1.0006 0.814214 0.710154 0.716211 0.980397 0.846232 0.706908 0.640007 0.633295 0.617173 0.511805 0.491857 0.586763 0.484783 0.470975 0.466064
threshold=19.211111111111112 2024.5000000000002 7.7750000000000012 26.583085976149565 3.4500000000000006 28.721576227390184 181.54533844189021 190.75833333333335 0.37523234200743499 24.500000000000004 233.40000000000003 69.500000000000014 32.225000000000009 0.42954475005682879 16.500000000000004 1.0000000180025095e-35 116.50000000000001 8.9170277918216545 0.39209601348454309 171.56666666666669 33.81666666666667 30.050000000000004 260.80000000000007 430.95000000000005 41.975000000000009 0.28956442831215978 115.40155879362929 11.721134708836223 20.003443526170802 40.900000000000006
decision_type=10 2 8 10 2 8 10 10 10 2 2 2 10 10 8 2 10 2 10 10 10 2 2 10 10 10 8 10 10 10
left_child=1 2 6 5 23 -3 29 -7 24 -10 12 16 21 14 15 -13 17 -6 -19 -20 -17 28 25 -4 -2 -5 -27 -26 -11 -1
right_child=8 3 4 22 11 7 -8 -9 9 10 -12 13 -14 -15 -16 20 -18 18 19 -21 -22 -23 -24 -25 27 26 -28 -29 -30 -31
leaf_value=4 4.0599999999999996 4 3.9399999999999999 4.0899999999999999 4 4.0899999999999999 3.9399999999999999 4 4.1500000000000004 4.0899999999999999 3.9700000000000002 3.9399999999999999 4 4 3.8799999999999999 3.8799999999999999 4 4 3.9399999999999999 3.8199999999999998 3.8799999999999999 4.0599999999999996 4 3.8199999999999998 3.9399999999999999 4.0599999999999996 3.9100000000000001 4.1500000000000004 3.9399999999999999 4.0599999999999996
leaf_weight=696.71839607134461 575.19220870360732 126.44722890853882 20.985622255131602 576.11328738927841 573.92450341209769 121.51335626840591 46.594303896650672 104.90550774335861 172.2350145727396 40.714860072359443 45.286609292030334 121.77900768816471 55.258484311401844 106.89044171571732 53.391753703355789 49.923064216971397 139.82095315307379 67.625092074275017 30.600117199122906 24.364289045333862 71.456749901175499 131.26677962765098 104.60471600294113 27.690721299499273 31.134764112532139 133.14643716812134 89.415731489658356 1555.945967392996 34.065724575892091 161.32296874932945
leaf_count=4005 2632 138 251 651 4091 144 193 108 501 155 49 259 105 229 115 104 825 369 179 53 151 353 111 130 126 148 102 4710 71 1092
internal_value=3.99978 3.99869 3.9978 4.00024 3.99691 3.99868 3.99907 3.99983 4.0012 4.00006 3.99902 3.99708 3.9998 3.99597 3.9952 3.99604 3.99762 3.99723 3.99515 3.9922 3.99431 4.00065 4.00085 3.99278 4.00145 4.00113 3.99994 4.00172 3.99845 3.9993
internal_weight=6090.33 3449.23 2193.09 1256.15 1288.45 352.866 904.636 226.419 2641.1 478.827 306.592 1239.78 261.306 403.441 296.551 243.159 836.335 696.514 122.589 54.9644 121.38 206.047 903.28 48.6763 2162.27 798.675 222.562 1587.08 74.7806 858.041
internal_count=22150 13448 12046 1402 6756 390 5290 252 8702 1234 733 6375 684 858 629 514 5517 4692 601 232 255 579 1012 381 7468 901 250 4836 226 5097
is_linear=0
shrinkage=1


Tree=1
num_leaves=31
num_cat=0
split_feature=11 89 19 70 52 45 44 6 15 7 52 75 73 66 75 81 63 30 63 45 64 53 52 78 73 32 32 36 38 61
split_gain=7.41719 2.37292 1.60661 1.17676 0.821546 0.670742 0.65391 0.608618 0.585724 0.563663 0.559099 0.597452 0.459806 0.753162 0.71072 0.529774 0.551362 0.937767 0.620724 0.572926 0.798873 0.601206 0.481309 0.451468 0.446165 0.420976 0.434099 0.409306 0.443502 0.459027
threshold=19.211111111111112 2024.5000000000002 7.7750000000000012 22.806637806637809 0.19484831593913618 0.1795639490250269 0.86706827309236967 43.814241804498408 30.806250000000002 34.747374000306507 0.41234703404628364 190.41666666666671 75.500000000000014 7.5000000000000009 192.53333333333336 29.050000000000004 480.95000000000005 8.3168642951251659 471.25000000000006 0.58370206489675536 0.022779161477791618 0.46534844306858647 0.32120189462411486 37.850000000000001 85.500000000000014 11.668699186991871 8.1256067961165073 2.9916666666666667 0.84654631083202525 480.95000000000005
decision_type=10 2 8 2 10 8 8 10 8 10 10 10 2 2 10 2 8 10 10 10 2 10 10 2 2 10 10 8 8 10
left_child=1 2 8 -3 -5 6 -6 -2 23 12 -7 -12 14 22 15 16 18 -18 19 27 -21 -22 -14 25 -24 26 -1 -4 -29 -30
right_child=7 3 9 4 5 10 -8 -9 -10 -11 11 -13 13 -15 -16 -17 17 -19 -20 20 21 -23 24 -25 -26 -27 -28 28 29 -31
leaf_value=0 0.02820000000000001 0 -0.12 -0.029999999999999999 0.029999999999999999 0.089999999999999997 -0.029999999999999999 0.11549999999999999 0.029999999999999999 0 -0.0026999999999999958 0.11936305434555376 -0.1182 -0.1182 -0.17999999999999999 0.0018000000000000015 -0.1764 0 0.059999999999999998 -0.12 0 -0.17819999999999997 0.0036000000000000029 -0.059999999999999998 -0.056399999999999992 -0.059999999999999998 0.029999999999999999 0.0018000000000000015 0 -0.059999999999999998
leaf_weight=289.25169639475644 959.58354947902262 101.51022374629974 33.09410067461431 124.60471600294113 136.63934594392776 492.29913938045502 147.57635110616684 1669.4515105690807 473.01098163984716 272.84222915954888 137.94327020645142 112.33542168140411 60.813632160425186 56.448437407612801 17.144598960876465 59.813326593488455 39.532557547092438 41.397409521043301 37.322143495082855 28.404496345669031 43.744169527664781 13.975839756429194 75.68170577287674 24.486879633739591 71.890815526247025 24.240715689957142 90.962942911311984 69.310529258102179 350.85280225984752 39.398694839328527
leaf_count=1787 3814 111 307 131 155 548 168 4852 2706 1252 166 121 119 107 75 432 179 118 161 192 340 90 155 133 134 121 526 592 2428 125
internal_value=8.45576e-05 -0.000826698 -0.00141699 0.000216521 0.000490349 0.000769866 -0.000468323 0.00128596 -0.000441642 -0.00208683 0.00124377 8.84986e-05 -0.00240551 -0.00131909 -0.00277507 -0.00263017 -0.00286235 -0.00518956 -0.00254874 -0.00279045 -0.00504537 -0.00293177 -0.000478223 -0.00124313 0.000449838 -0.000996338 -0.000745129 -0.00238683 -0.00214541 -0.00253724
internal_weight=6095.56 3466.53 2213.62 1252.91 1151.4 1026.79 284.216 2629.04 901.953 1311.67 742.578 250.279 1038.83 264.835 773.991 756.846 697.033 80.93 616.103 578.781 86.1245 57.72 208.386 428.942 147.573 404.455 380.215 492.656 459.562 390.251
internal_count=22145 13479 12079 1400 1289 1158 323 8666 5273 6806 835 287 5554 515 5039 4964 4532 297 4235 4074 622 430 408 2567 289 2434 2313 3452 3145 2553
is_linear=0
shrinkage=0.03


Tree=2
num_leaves=31
num_cat=0
split_feature=11 89 72 70 34 29 29 36 43 74 46 17 36 43 43 39 44 79 40 5 5 0 46 7 75 20 29 32 58 32
split_gain=4.92537 1.5486 1.06317 1.24758 1.20249 0.978713 0.961753 0.861854 0.685269 0.553249 0.578865 0.575381 0.527859 0.881119 0.512852 0.511088 0.501595 0.717461 0.591728 0.603606 0.497629 0.497643 0.491979 0.672551 0.471446 0.468339 0.658968 0.428553 0.53416 0.523494
threshold=19.211111111111112 2024.5000000000002 199.45000000000002 32.387059369202241 22.183333333333337 9.89871794871795 6.6017241379310354 3.8685185185185191 0.98648648648648662 -4.9952380952380926 0.44761059089441402 5.5000000000000009 3.7256944444444446 0.37045304232804238 0.25050607287449395 19.940467753366409 0.37523234200743499 80.500000000000014 28.590176227971508 42.052777777777784 42.052777777777784 3.5000000000000004 0.32237818868943185 46.328123155432678 193.63333333333335 0.13392857142857145 2.510869565217392 8.6298833079655015 170.90119047619052 9.8193473193473206
decision_type=10 2 10 2 10 10 10 10 10 8 10 8 8 8 8 8 10 2 8 10 10 2 10 8 10 10 10 10 2 10
left_child=1 5 3 4 6 7 -3 8 9 10 11 12 14 15 25 -14 20 18 19 -18 24 -22 23 -5 -2 -1 -27 28 -13 -29
right_child=16 2 -4 22 -6 -7 -8 -9 -10 -11 -12 27 13 -15 -16 -17 17 -19 -20 -21 21 -23 -24 -25 -26 26 -28 29 -30 -31
leaf_value=0 0.057354000000000009 -0.059999999999999998 -0.057878409947133225 0.087381 0.059999999999999998 0.0018000000000000015 -0.00090000000000000746 0.0018000000000000015 -0.1764 -5.4000000000007371e-05 0.0054000000000000046 -0.056399999999999992 -0.17460000000000001 -0.11459999999999999 -0.029999999999999999 -0.058199999999999995 0.057354000000000009 -0.059045999999999994 0.057354000000000009 -0.059717118761970216 -0.061665000000000005 0.17203499999999999 -0.00090000000000000746 -0.0026189999999999981 -0.0026459999999999882 -0.174708 -0.089099999999999985 -0.17285400000000001 0.0036000000000000029 0
leaf_weight=31.440380048006773 550.66320578940213 90.066127359867096 94.52440619468689 548.27077448368073 105.59053355455399 604.19545491226017 115.1779345870018 303.91298792883754 19.581264635547996 638.79036417230964 34.134768884629011 57.141360580921173 24.106419896706939 30.527032865211368 138.71809312514961 45.902231026440859 76.026546813547611 40.392828587442636 310.90025793202221 57.709361733868718 40.846553498879075 1522.3383383248001 156.67084336280823 151.87714284658432 27.149802684783936 21.692408375442028 109.60863501019776 52.473350305110216 73.251995269209146 37.010107224807143
leaf_count=103 2648 101 97 618 119 3560 129 1632 97 4099 98 352 103 132 560 191 172 101 875 103 173 4539 174 169 29 117 551 180 227 105
internal_value=0.000259403 -0.000479933 0.000359098 0.000607564 -0.00101826 -0.000956376 -0.00235277 -0.00134084 -0.00167352 -0.00158579 -0.00219759 -0.00240656 -0.00308094 -0.00496349 -0.00243879 -0.00303375 0.00124029 0.000368254 0.000718461 -0.000945341 0.00143758 0.00171564 0.00119787 0.00153753 0.000683664 -0.00357728 -0.00435949 -0.00116522 -6.39311e-05 -0.00275155
internal_weight=6110.69 3484.66 1262.18 1167.65 310.835 2222.49 205.244 1618.29 1314.38 1294.8 656.007 621.872 401.995 100.536 301.46 70.0087 2626.03 485.029 444.636 133.736 2141 1563.18 856.819 700.148 577.813 162.741 131.301 219.877 130.393 89.4835
internal_count=22154 13514 1407 1310 349 12107 230 8547 6915 6818 2719 2621 1757 426 1331 294 8640 1251 1150 275 7389 4712 961 787 2677 771 668 864 579 285
is_linear=0
shrinkage=0.03


Tree=3
num_leaves=31
num_cat=0
split_feature=18 3 89 28 89 40 0 90 62 2 5 60 73 46 42 22 70 0 68 27 75 58 22 56 58 26 65 63 53 73
split_gain=2.94743 1.08055 1.02842 0.693413 0.684 0.772053 1.08488 0.807533 0.541507 0.511692 0.48597 0.479383 0.471345 0.386749 0.512457 0.384512 0.381111 0.490022 0.448656 0.357927 0.357042 0.414905 0.350334 0.343508 0.323196 0.322739 0.367988 0.538825 0.317762 0.41039
threshold=6.5000000000000009 32.63333333333334 2024.5000000000002 29.878276726692505 2025.5000000000002 34.169709595815071 34.500000000000007 46.500000000000007 517.85000000000014 43.416666666666679 32.707142857142863 631.30000000000007 107.50000000000001 0.38433667781493874 0.05277081592871067 172.23827874116895 29.975595238095242 57.500000000000007 2.1253313891834584 128.83390387838259 178.66666666666671 183.81111111111116 157.16674629718111 131.008567838174 175.1605158730159 6.6281701391200167 4.5000000000000009 446.55000000000007 0.49395822947642171 45.500000000000007
decision_type=8 10 2 10 2 10 2 2 10 10 10 10 2 10 8 10 2 2 2 10 10 2 10 2 2 10 8 10 8 2
left_child=1 9 3 8 -4 6 11 -7 12 16 -5 -6 15 23 -15 28 17 18 22 -19 21 -18 -1 25 -20 -3 27 -27 -2 -30
right_child=2 13 4 10 5 7 -8 -9 -10 -11 -12 -13 -14 14 -16 -17 20 19 24 -21 -22 -23 -24 -25 -26 26 -28 -29 29 -31
leaf_value=0.0018000000000000015 -0.027326999999999994 0.076873949999999983 0.055578570000000022 -5.4000000000007371e-05 0.030998100426189595 0.14747074155607193 -0.057341815428852104 -0.028045458786266939 -0.17296199999999998 -0.064366619999999986 -0.122754 -0.030549258943147091 -0.16766838000000001 -0.0070666200000000139 0.05388494999999998 0.0034379999999999944 0.025633380000000008 -0.059100000000000007 -5.4000000000007371e-05 -0.0068232494518879073 0.084733379999999997 -0.060054000000000003 -0.054762000000000005 0.11301438000000001 -0.060954000000000015 0.027301620000000016 0.17388494999999998 -0.064366619999999986 -0.00010800000000001474 0.015877620000000009
leaf_weight=221.36029815115035 1239.1961510069668 387.81234076060355 516.69903606176376 26.477595476433635 107 226 122 106 21.096980571746826 22.807347889989614 32.797909773886204 114 45.907750606536865 32.133114635944366 50.683953549712896 113.28924416005611 229.63494334183633 29.781976614147425 22.49145058169961 39.120023835450411 245.60177463293076 38.149899959564209 30.233939990401268 1714.9047907944769 21.632837120443583 23.054527601227164 53.1917321421206 30.94339993596077 120.36876666359603 95.798583224415779
leaf_count=1282 6613 2549 651 111 107 226 122 106 55 87 181 114 77 138 193 509 1658 166 152 74 338 164 89 4643 55 157 147 70 1042 272
internal_value=0.000537759 0.00116559 -0.000156987 -0.000631641 0.000518069 -0.000110947 -0.00110756 0.000918919 -0.000514852 0.000284813 -0.00379233 0.000148649 -0.000450721 0.00151137 -0.00049611 -0.000361866 0.000402048 -0.000339098 0.000194241 -0.00259815 0.000928064 0.000168925 0.000685842 0.0015868 -0.00256192 0.000887891 -0.000565112 -0.00228955 -0.000493154 0.000566245
internal_weight=6080.17 3193.54 2886.63 1694.93 1191.7 675 343 332 1635.66 900.814 59.2755 221 1614.56 2292.72 82.8171 1568.65 878.007 364.621 295.719 68.902 513.387 267.785 251.594 2209.91 44.1243 495.002 107.19 53.9979 1455.36 216.167
internal_count=22148 11962 10186 8860 1326 675 343 332 8568 4065 292 221 8513 7897 331 8436 3978 1818 1578 240 2160 1822 1371 7566 207 2923 374 227 7927 1314
is_linear=0
shrinkage=0.03


Tree=4
num_leaves=31
num_cat=0
split_feature=18 1 62 72 8 89 45 54 61 22 4 60 8 34 4 26 42 3 32 43 11 29 39 3 39 63 11 63 70 52
split_gain=2.31791 1.09664 0.891475 0.717306 0.724132 0.637825 1.16181 0.988397 0.691495 0.798657 0.861398 0.807189 0.927799 0.670632 0.662541 0.706652 0.61012 0.412797 0.448031 0.608108 0.422708 0.402099 0.363865 0.479824 0.358765 0.339827 0.371573 0.426105 0.352453 0.320556
threshold=6.5000000000000009 27.233362143474505 578.35000000000014 199.45000000000002 172.50000000000003 2024.5000000000002 0.49381207028265856 252.73333333333338 454.50000000000006 50.925925925925931 49.050000000000004 455.25000000000006 77.500000000000014 17.348484848484851 30.211111111111112 9.4782214156079885 0.86088949244610424 38.900000000000006 12.016666666666667 0.44158805031446546 37.31666666666667 13.828919860627179 20.216517857142861 15.100000000000001 10.309523809523812 618.10000000000014 30.414285714285715 574.25000000000011 41.03231041432322 0.37844626922446079
decision_type=8 10 10 10 10 2 10 2 10 8 10 10 8 8 8 10 10 10 10 10 10 10 8 8 8 8 10 10 2 10
left_child=1 2 21 4 5 8 7 14 -2 13 11 22 -13 -10 -7 -16 17 20 24 -20 25 -1 -11 -24 -19 26 27 28 -3 -23
right_child=3 16 -4 -5 -6 6 -8 -9 9 10 -12 12 -14 -15 15 -17 -18 18 19 -21 -22 29 23 -25 -26 -27 -28 -29 -30 -31
leaf_value=0.0017189999999999905 0.00076580999999999568 0.029176998599999979 -0.0093728385000000271 -0.057115664236380342 -0.15524555224668216 -0.0033887871000000034 0.1420862500381381 -0.027518353020675845 -0.17219295000000001 -0.059234189999999999 0.060765809999999996 -0.051265140000000001 -0.14136994860000002 -0.11470314 0.056447198982127425 -0.0086529770999999832 -0.065135621399999996 -0.0085760514000000048 -0.076516481400000017 0.079623948600000008 -0.063276532442260919 -0.00010800000000001474 -0.16443670859999998 0.0027286199999999859 0.13348351859999999 0.10448184568365274 0.14309137859999999 -0.013049051400000023 -0.001723001400000026 -0.060108000000000016
leaf_weight=220.94414309598505 1017.3849244825542 418.25559973903 59.905507743358612 96.239648059010506 61.882287293672562 142.33855420351028 291.75428569316864 101.95432013273239 32.427160331979394 81.977211881428957 73.174410069361329 74.445730436593294 107.0772763621062 59.65429980866611 470.09283989667892 94.003132522106171 37.389914769679308 51.835654187947512 42.069410800933838 48.543284803628922 48.997942851856351 20.265950389206409 26.374070327728987 186.61334399133921 1776.6403250582516 95.173564970493317 108.49975487962365 49.398416519165039 214.06861379183829 18.387455645948648
leaf_count=1127 6664 2127 63 147 159 164 326 110 98 312 215 133 197 247 526 107 126 135 80 125 149 225 93 720 5933 110 432 56 1146 164
internal_value=0.000548816 0.00110489 -0.000561475 -6.32752e-05 2.40356e-05 9.6546e-05 0.000656359 6.98515e-05 -0.000274829 -0.00104517 -0.000608776 -0.00107502 -0.00264306 -0.00361563 0.000469453 0.000930935 0.00128919 0.00133935 0.00159125 -0.000463323 0.000820846 0.000204127 -0.000104364 0.000549918 0.00169326 0.000971485 0.000765398 0.000504006 0.000714608 -0.00257942
internal_weight=6127.77 3210.38 319.503 2917.39 2821.15 2759.27 1100.14 808.389 1659.13 641.744 549.662 476.488 181.523 92.0815 706.435 564.096 2890.87 2853.48 1919.09 90.6127 934.394 259.598 294.965 212.987 1828.48 885.396 790.222 681.723 632.324 38.6534
internal_count=22216 11998 1579 10218 10071 9912 1233 907 8679 2015 1670 1455 330 345 797 633 10419 10293 6273 205 4020 1516 1125 813 6068 3871 3761 3329 3273 389
is_linear=0
shrinkage=0.03


Tree=5
num_leaves=31
num_cat=0
split_feature=19 15 78 80 8 6 56 28 63 8 74 74 75 39 75 61 61 23 0 75 79 16 53 15 37 58 12 49 46 74
split_gain=2.70961 0.611727 0.92635 0.572889 0.794811 0.529675 0.64248 0.517322 0.5038 0.534565 0.50372 0.461233 0.563946 0.567319 0.613921 0.598094 0.944638 0.784395 0.624142 0.885101 0.519873 0.458788 0.457331 0.438542 0.701565 0.414978 0.44397 0.513512 0.365849 0.705487
threshold=6.366666666666668 60.839743589743598 40.550000000000004 5.8500000000000005 130.50000000000003 43.660758356684234 171.32251464855153 6.2792207792207799 446.10000000000008 87.500000000000014 -25.986904761904764 -15.333333333333341 195.80000000000004 28.192633810280871 183.56666666666669 502.30000000000007 454.50000000000006 19.387500000000003 38.500000000000007 171.42500000000004 45.500000000000007 3.5000000000000004 0.31060899035809059 35.964285714285722 8.9722198405213067 275.06388888888893 54.050000000000004 100.00631313131315 0.28217396638449271 -20.172916666666662
decision_type=8 10 2 2 8 10 2 8 10 10 8 8 10 10 10 8 10 8 2 10 2 2 10 8 8 2 10 2 10 10
left_child=5 2 3 4 7 -1 -7 -2 9 -9 -5 28 13 15 -15 16 -13 20 19 -19 -18 -22 -8 24 -17 26 -3 -28 -12 -30
right_child=1 25 -4 10 -6 6 22 8 -10 -11 11 12 -14 14 -16 23 17 18 -20 -21 21 -23 -24 -25 -26 -27 27 -29 29 -31
leaf_value=0.01723842154199998 -0.09952994460114413 0.018151854389285606 -0.057480120787280278 -0.050365164299999994 -0.11281811429999998 0.12947901304199996 0.022448587241999964 -0.0035697842999999983 0.0059824557000000087 -0.089260428599999997 0.010533904200000012 0.00079845570000000696 -0.03760327385678474 -0.029365164299999986 -0.095165693486999978 0.0088158357000000086 0.00863157419999999 -0.0045647240580000137 -0.051500922899999996 -0.16697640150000001 0.0024855714000000082 -0.12196042859999999 -0.061251412758000008 0.053098168429776563 -0.056985514950245411 0.14726038634844663 -0.11396516429999999 0.0097578380035021409 -0.059365164299999988 0.013239474289035389
leaf_weight=1519.0404776427895 32.911088893190026 205.02822787314653 46.987707415595651 67.657841991633177 27.369554899632931 1606.984621623531 54.058201877400279 20.336563201621175 94.23462300747633 15.606258353218434 264.51530877687037 668.45684224553406 53.125 89.621377235278487 47.027435839176178 75.655292350798845 67.038808636367321 30.431226866319776 49.027047647163272 66.388131648302078 30.425191044807434 65.383923750370741 113.2828367035836 402.44810288026929 81.181431442499161 138.57321858406067 34.821150127798319 34.978112423792481 46.409716635942459 60.353072764351964
leaf_count=6867 176 677 120 178 139 5038 140 172 225 98 520 4343 61 646 56 111 292 199 124 128 145 211 216 546 103 146 91 120 76 153
internal_value=0.000620088 -6.31894e-05 -0.000246699 -0.000162568 -0.00173554 0.00120417 0.00155627 -0.000923215 -6.29902e-05 -0.00303627 -2.34637e-05 5.92773e-05 -0.000147188 -4.96575e-05 -0.00189477 0.00011557 -0.00033219 -0.00170195 -0.00329197 -0.00467695 -0.000266527 -0.00167739 -0.000211631 0.00089707 -0.000446572 0.00100135 0.000323534 -0.00172738 0.00101703 -0.000462237
internal_weight=6109.36 2815.99 2402.59 2355.6 190.458 3293.37 1774.33 163.089 130.177 35.9428 2165.15 2097.49 1726.21 1673.08 136.649 1536.44 977.151 308.694 145.846 96.8194 162.848 95.8091 167.341 559.285 156.837 413.401 274.827 69.7993 371.278 106.763
internal_count=22117 9856 8822 8702 810 12261 5394 671 495 270 7892 7714 6965 6904 702 6202 5442 1099 451 327 648 356 356 760 214 1034 888 211 749 229
is_linear=0
shrinkage=0.03


Tree=6
num_leaves=31
num_cat=0
split_feature=29 42 4 75 28 15 19 68 34 53 75 49 70 70 71 72 38 74 16 89 40 63 35 3 24 8 73 3 90 42
split_gain=2.22744 0.642778 0.633985 1.18904 0.654337 0.593122 0.55372 1.15812 0.693817 0.498519 0.502955 0.489234 0.482524 0.473785 0.466553 0.599515 0.416981 0.403847 0.404547 0.41401 0.963969 0.428995 0.400493 0.395453 0.829585 0.40456 0.527794 0.387194 0.325179 0.311243
threshold=9.266194331983808 0.86088949244610424 53.050000000000004 195.4916666666667 26.418046132971508 72.912878787878796 10.41666666666667 3.9012195121951199 15.696153846153846 0.011883758751396524 188.23333333333338 183.19654222475543 33.224021592442647 34.8149704326175 -0.9959096664790702 199.45000000000002 1.8397435897435901 -26.945833333333322 12.500000000000002 2024.5000000000002 31.317703648664505 426.15000000000003 33.403068340306838 30.900000000000002 11.763888888888891 108.50000000000001 66.500000000000014 44.900000000000006 28.500000000000004 0.47743220607542219
decision_type=10 10 10 10 10 10 10 2 8 8 10 2 2 2 2 10 10 8 2 2 10 10 10 10 8 10 2 10 2 10
left_child=2 5 3 4 6 11 9 8 -8 10 -1 29 22 -4 -11 17 -15 -16 19 21 -21 -19 -10 -23 25 26 -25 -13 -18 -2
right_child=1 -3 13 -5 -6 -7 7 -9 12 14 -12 27 -14 16 15 -17 28 18 -20 20 -22 23 -24 24 -26 -27 -28 -29 -30 -31
leaf_value=-0.054071000870999981 0.02593527595373998 -0.071612135404260036 -0.069657944872371258 -0.055440845225873697 -0.056499307971000001 0.15559464265073997 -0.060672289931678565 -0.109717018113 0.031515790629000014 0.0039044118869999964 -0.16541404302599999 -0.0089405845752600129 0.012118447629000011 0.058662933795458547 -0.055946209370999998 -0.091330102153084361 -0.11414989944010505 0.0016728820290000002 -0.11816520657759826 -0.0032377340351427983 0.11507328187764289 0.00028130305374001184 -0.11644206797099999 -4.2067971000010474e-05 -0.16858911797099999 0.0074749612320000125 -0.10710025225499999 0.0088055554247399841 0.016557778701841708 0.12792783685073994
leaf_weight=16.666741883382205 2093.1722492817789 34.658218275755644 38.200308062136173 90.734375 33.01238738745451 460.70685757137835 28.697869701310992 39.44972294010222 19.549390191212296 610.00919018872082 11.364289045333861 55.569367067888379 97.821228248998523 421.34270589984953 30.83714560046792 27.897429959848523 23.528622506186366 253.18680110014975 42.468360424041748 148.70234078168869 193.43617898225784 268.65322094969451 40.390788678079844 87.167541489005089 52.134022964164615 45.287511494010687 52.974155589938164 69.981956610456109 25.028884852305055 721.44563048891723
leaf_count=229 8329 155 85 137 155 1003 88 152 96 2269 17 98 354 942 124 61 114 1981 73 165 225 1078 188 465 177 177 124 142 93 2893
internal_value=0.000626323 0.00113287 -1.8745e-05 -0.000240288 -9.41795e-05 0.00117459 -2.62433e-05 -0.00142457 -0.000423961 0.000146045 -0.00375429 0.00101711 0.000365674 0.000934933 0.000208394 -0.000134443 0.00119716 -2.9417e-05 6.32766e-05 0.00017514 0.00104002 -0.000215376 -0.00173645 -0.000719227 -0.00160816 -0.000657346 -0.00145249 -0.000810108 -0.00141368 0.00109888
internal_weight=6134.08 3435.53 2698.54 2190.44 2099.71 3400.88 2066.69 225.909 186.459 1840.78 28.031 2940.17 157.761 508.101 1812.75 1202.74 469.9 1174.85 1144.01 1101.54 342.139 759.403 59.9402 506.216 237.563 185.429 140.142 125.551 48.5575 2814.62
internal_count=22189 12620 9569 8335 8198 12465 8043 878 726 7165 246 11462 638 1234 6919 4650 1149 4589 4465 4392 390 4002 284 2021 943 766 589 240 207 11222
is_linear=0
shrinkage=0.03


Tree=7
num_leaves=31
num_cat=0
split_feature=18 70 71 19 26 43 68 19 67 7 78 51 5 53 73 46 56 15 35 50 5 66 43 37 59 51 63 53 62 43
split_gain=2.49028 0.92049 0.898815 0.729525 0.664965 1.04377 0.649806 0.981942 0.63617 0.838701 0.584072 0.574157 0.568553 0.604877 0.606874 0.719855 0.728623 0.531731 0.506275 0.50479 0.503493 0.479127 0.544517 0.468482 0.462228 0.704939 0.456086 0.439384 0.430549 0.426277
threshold=5.5000000000000009 32.080028462998108 2.5191019917582413 10.125000000000002 14.67278287461774 0.30637895960476608 5.3683214882943142 10.41666666666667 35.109903381642518 1.0000000180025095e-35 37.750000000000007 9.5083887646053373 44.519230769230781 0.48747292591585117 47.500000000000007 0.26302224633749327 76.186886281007546 23.966666666666672 36.853256021409457 8.5811594817119285 42.211111111111116 8.5000000000000018 0.7002415458937199 9.4405882352941202 2.2500000000000004 8.2043465884948734 461.75000000000006 0.49199238375252669 572.00000000000011 0.12793235133660666
decision_type=8 2 2 8 10 10 2 10 2 10 2 2 10 8 2 10 2 10 10 2 10 2 10 10 10 2 10 10 8 8
left_child=1 2 10 4 8 19 12 18 11 -10 21 23 13 14 20 17 -17 26 -8 -6 -5 22 -1 -2 25 -14 -16 -26 29 -3
right_child=3 28 -4 6 5 -7 7 -9 9 -11 -12 -13 24 -15 15 16 -18 -19 -20 -21 -22 -23 -24 -25 27 -27 -28 -29 -30 -31
leaf_value=0.05340885911712779 -0.0010966048012348395 -0.057265506313132208 -0.060629541737872175 0.00065736967239000683 0.0053322912681300003 -0.064162774717875265 0.032401902615136244 -0.11508307882760999 -0.16778944158950146 0.010966597543098085 -0.064424013380612127 0.027874438069016738 0.060601749672389994 0.0060917082723900059 -0.047718959962612197 -0.089142854917835204 -0.12026558032760999 0.00048161814990172581 -0.11225225032760998 -0.0072251270626122015 -0.098630058478677146 -0.05921402576987219 -0.055380909107129991 -0.061452375224872235 0.082293568876718029 -0.10549335990423242 -0.1046446185886122 -0.0031797396979964848 0.17029176511800656 0.064816584372127756
leaf_weight=320.03345279581845 639.25986639037728 27.724021751433611 25.084225552156568 238.04931592941284 63.664367940276861 53.763010600581765 43.648666262626648 40.981039116159081 26.731192238628864 1277.2459901422262 26.45728600397706 189.90283459797502 39.543331149965525 140.89662542380393 42.319253861904144 51.763732023537159 49.484165497124195 85.776661887764931 38.381853517144918 43.671072145923972 18.676546521484852 46.859656184911728 40.049394857138395 23.375592105090618 173.64055524207652 30.115857541561127 57.543880671262741 57.300384510308504 712.35145650804043 1517.2935923542827
leaf_count=1568 2889 136 123 1363 207 132 98 128 128 4524 114 529 186 530 134 118 107 205 110 93 80 207 184 60 341 64 82 90 779 6938
internal_value=0.00055078 0.00122907 3.50388e-06 1.28463e-05 0.000315543 -0.00153785 -0.000619951 -0.00266679 0.000454646 0.000871035 0.000328279 -0.000182505 -0.000361916 -0.000839175 -0.00129279 -0.00223853 -0.00426183 -0.00111809 -0.000747339 0.00018002 -0.000231353 0.000612617 0.000985131 -0.000599378 0.000724053 -0.00140399 -0.00259535 0.00136922 0.00147787 0.00119512
internal_weight=6141.59 2715.85 458.484 3425.74 2317.61 161.098 1108.12 123.012 2156.52 1303.98 433.4 852.538 985.11 684.51 543.614 286.888 101.248 185.64 82.0305 107.335 256.726 406.943 360.083 662.635 300.6 69.6592 99.8631 230.941 2257.37 1545.02
internal_count=22247 10049 2196 12198 8562 432 3636 336 8130 4652 2073 3478 3300 2619 2089 646 225 421 208 300 1443 1959 1752 2949 681 250 216 431 7853 7074
is_linear=0
shrinkage=0.03


Tree=8
num_leaves=31
num_cat=0
split_feature=23 72 61 40 52 47 15 43 62 27 43 38 5 33 74 52 82 52 58 22 61 23 52 45 78 29 73 65 27 37
split_gain=2.04725 0.65458 0.721058 0.595479 0.559291 0.52929 0.508836 0.485242 0.470204 0.583658 0.454133 0.703504 0.47657 0.75501 0.447992 0.975287 0.443328 0.397726 0.392159 0.542973 0.366375 0.775811 0.797634 0.851758 0.686583 0.772833 0.866352 0.586611 0.561866 0.535103
threshold=17.267857142857146 201.07500000000002 529.85000000000014 29.047394963952129 0.19484831593913618 0.58571428571428574 23.041666666666668 0.98648648648648662 642.85000000000014 178.95866275129887 0.71323250393017845 1.7559523809523812 45.256578947368432 1.0500000000000003 10.558333333333339 0.47911991734830195 15.15 0.47535641889062002 226.11269841269845 175.0661375661376 454.50000000000006 2.9000000000000004 0.46893931702034053 0.14319890635680113 28.750000000000004 3.6043478260869573 58.500000000000007 4.5000000000000009 145.51599576491108 7.745182951953951
decision_type=10 10 8 8 8 10 8 10 10 10 10 8 10 10 10 10 2 10 2 10 10 10 10 8 2 8 2 10 10 8
left_child=1 2 7 -4 -5 10 -6 20 9 -7 12 16 13 14 18 -16 -12 -8 19 -2 -1 22 23 -22 -25 -26 -27 28 29 -23
right_child=5 -3 3 4 6 8 17 -9 -10 -11 11 -13 -14 -15 15 -17 -18 -19 -20 -21 21 27 -24 24 25 26 -28 -29 -30 -31
leaf_value=0.00027275174609706185 0.014998734585963937 -0.054374530497527003 -0.062217125582353823 -0.020187972292942797 -0.0071802193893361283 0.12287208684096391 0.056176650279331393 -0.16041872359118295 -0.0027571008451531516 -0.061281108769166044 0.17941959561858753 -0.031017694159946083 0.085732650419812817 -0.059739969046752328 0.0027045906083173143 -0.078830308581412406 -0.083071717559036057 -0.008268224277930435 0.053644978297726922 -0.058376720649465939 0.0018918218099582961 -0.051576366024902925 0.01667219484183451 -0.045549027260367039 -0.11034599918783294 -0.075001265414036053 -0.16365757738217154 0.0080701049164270434 -0.062665953967773844 0.003896633975097057
leaf_weight=1035.6370415259153 703.09853133931756 38.90799698792398 103.68336952477694 99.776838421821594 91.667216002941132 994.94870726950467 548.7841919735074 26.678175712004304 107.25511187314987 26.118649641051888 49.990761481225491 42.317245524376631 975.10571538284421 42.791568847373128 54.649077946320176 18.870089320465922 27.833013219758868 111.55903613567352 211.28399330377579 44.404110532253981 65.376241909340024 40.307597070932388 63.356021482497454 78.991496324539185 75.454558936879039 36.977621978148818 39.672651797533035 226.75965557992458 26.649876983836293 119.71332859247923
leaf_count=6836 3292 92 116 114 102 3841 692 127 112 78 205 142 2972 153 369 81 93 128 241 144 178 199 146 220 195 136 77 604 74 460
internal_value=0.000507487 -8.4503e-05 -2.99437e-05 0.000638005 0.000899564 0.00101523 0.00117963 -0.000377789 0.00154226 0.00174059 0.000740652 -0.00104576 0.000845793 0.00040961 0.000572762 -0.00166941 0.000652065 0.00147023 0.000746251 0.000422444 -0.000317287 -0.000810938 -0.00182744 -0.00247906 -0.00333121 -0.00450426 -0.00661344 7.60488e-05 -0.00116604 -0.000480548
internal_weight=6128.62 2829.95 2791.04 955.471 851.787 3298.67 752.01 1835.57 1128.32 1021.07 2170.34 120.141 2050.2 1075.1 1032.31 73.5192 77.8238 660.343 958.787 747.503 1808.9 773.259 359.829 296.473 231.096 152.105 76.6503 413.43 186.671 160.021
internal_count=22219 10496 10404 1152 1036 11723 922 9252 4031 3919 7692 440 7252 4280 4127 450 298 820 3677 3436 9125 2289 952 806 628 408 213 1337 733 659
is_linear=0
shrinkage=0.03


Tree=9
num_leaves=31
num_cat=0
split_feature=18 6 72 26 22 63 62 78 50 42 62 62 62 15 32 73 62 58 45 62 23 73 20 68 89 51 62 2 7 0
split_gain=1.49249 0.922393 0.658844 1.44782 0.59591 1.60698 0.958395 0.724521 0.648617 0.513783 0.511019 0.485582 0.475795 0.553804 0.51068 0.87919 0.462831 0.990213 0.455984 0.542749 0.414421 0.502848 0.446323 0.435704 0.415953 0.387669 0.603637 0.540855 0.600451 0.539495
threshold=6.5000000000000009 30.850735383861366 205.20000000000002 6.9829957489372347 175.0661375661376 580.85000000000002 489.95000000000005 37.750000000000007 9.8850518978536002 0.86088949244610424 487.30000000000001 436.45000000000005 639.35000000000014 30.345238095238098 8.0835076708507696 38.500000000000007 433.35000000000008 158.10555555555558 0.46915760869565221 646.60000000000014 28.845238095238098 86.500000000000014 0.81666666666666676 -5.9467227695675993 2024.5000000000002 7.9709961997088454 625.15000000000009 39.833333333333336 24.153778172147053 6.5000000000000009
decision_type=8 10 8 10 10 10 8 2 2 10 10 8 10 8 8 2 10 2 10 10 8 2 10 2 2 2 10 8 10 2
left_child=1 12 9 -4 6 8 10 18 -6 11 20 16 13 14 15 -1 -3 -18 19 25 24 22 23 -22 -2 -8 27 28 -27 -29
right_child=4 2 3 -5 5 -7 7 -9 -10 -11 -12 -13 -14 -15 -16 -17 17 -19 -20 -21 21 -23 -24 -25 -26 26 -28 29 -30 -31
leaf_value=-0.00057558096641892927 -0.00042943491054588275 0.035502777976475046 0.25643536873608114 -0.076137550406106577 0.0051928551037523406 -0.056212704008991497 0.082827177960699591 -0.031878418133651859 -0.056674223250196519 -0.069569835610221092 -0.16040368767091609 0.085296143234824998 -0.048532050492653384 0.054457823521097931 -0.0011748608467440657 -0.057991971800088055 0.010412571980735015 -0.086310222671630438 0.076211788307505288 -0.013334262786789827 -0.16139139986255563 -0.10054543459647207 -0.086755724855484065 -0.00096943911841409049 0.090838819131921586 0.0022366894740700302 0.083851246744842206 -0.026086963079125714 -0.082370231331095681 0.048496716796597686
leaf_weight=24.410081395879388 865.11532909423113 591.6031518895179 16.612163808196787 12.921629579737781 119.60100235231221 58.842512905597687 137.67996003106236 120.40318149328232 26.93353470787406 31.279636517167091 29.931354641914368 1929.3916268646717 41.555903613567352 166.30593813583255 301.90867052599788 24.007047384977341 35.21096158772707 21.929819671437144 335.51208523660898 150.01731497049332 37.522545702755451 69.907505452632904 31.325312066823244 452.5916507653892 42.066127359867096 64.953784108161926 92.905507743358612 64.486318666487932 77.454979028552771 140.56789531558752
leaf_count=156 4980 4376 173 66 484 64 207 151 59 95 69 4287 43 726 1665 83 180 81 412 156 154 133 158 2509 53 102 96 154 103 173
internal_value=0.000439381 0.000887018 0.0011213 -0.003265 -5.12433e-05 -0.00160527 6.6971e-05 0.00070737 8.58715e-05 0.00117217 -0.000429236 0.00121887 -0.000220616 3.04803e-05 -0.000646083 -0.00347328 0.000507809 -0.00204804 0.00095727 0.000534282 -0.000350208 -0.000967407 -0.000643699 -0.000417607 5.27366e-05 0.000951402 0.000514463 -6.21263e-05 -0.00147665 0.000922652
internal_weight=6114.95 3197.14 2638.95 29.5338 2917.82 205.377 2712.44 1183.98 146.535 2609.42 1528.46 2578.14 558.188 516.632 350.326 48.4171 648.744 57.1408 1063.58 728.066 1498.53 591.347 521.44 490.114 907.181 578.048 440.368 347.463 142.409 205.054
internal_count=22148 11931 9258 239 10217 607 9610 1554 543 9019 8056 8924 2673 2630 1904 239 4637 261 1403 991 7987 2954 2821 2663 5033 835 628 532 205 327
is_linear=0
shrinkage=0.03


Tree=10
num_leaves=31
num_cat=0
split_feature=1 19 51 75 90 63 63 62 46 19 78 86 54 42 62 24 51 27 89 73 46 58 22 75 37 65 67 78 39 74
split_gain=1.77043 0.758639 0.883599 0.563585 0.850752 0.537087 0.792954 0.524326 0.598158 0.737986 0.832495 0.571154 0.49427 0.482004 0.467255 0.502212 0.555208 0.468781 0.399621 0.735291 0.363107 0.627062 0.443272 0.45063 0.403137 0.369581 0.339587 0.537559 0.573509 0.359762
threshold=37.669333333333334 10.41666666666667 8.8352618648090608 191.92500000000004 53.500000000000007 615.50000000000011 603.80000000000007 662.85000000000014 0.37528280542986431 10.833333333333334 30.850000000000005 1.0000000180025095e-35 201.95000000000002 0.33400537634408606 436.75000000000006 4.0625000000000009 8.3659587172728482 177.1750789126904 2024.5000000000002 78.500000000000014 0.3302948504983389 219.64305555555561 178.64957264957266 190.12500000000003 8.8934908911866106 5.5000000000000009 34.290994623655919 34.050000000000004 24.004098360655743 -21.227380952380951
decision_type=8 10 2 10 2 8 10 10 10 8 2 2 2 10 10 10 2 10 2 2 10 2 10 10 10 8 2 2 8 8
left_child=1 3 -3 5 12 6 13 8 14 18 -11 -9 -5 20 15 16 -2 -16 19 -10 22 25 23 24 26 -22 29 -28 -29 -1
right_child=7 2 -4 4 -6 -7 -8 11 9 10 -12 -13 -14 -15 17 -17 -18 -19 -20 -21 21 -23 -24 -25 -26 -27 27 28 -30 -31
leaf_value=-0.054284224450899497 -0.0018437846701625025 -0.05434754014010823 -0.093601181255047697 0.0030261158987807189 -0.054619198918633816 0.054032094930238389 -0.023817918478319454 0.011256807442808742 0.028734912988165301 0.00078130707409588488 -0.14369852782947362 -0.02040948879558489 -0.0056176819053566406 0.060011728907179568 0.060667663949414807 0.026145276969530753 -0.11228594515519752 -0.014453601151275839 0.058003439459501004 -0.089928852462819217 -0.051009103474287922 -0.15724729021625075 -0.061147076693948872 0.079064542248177078 0.0082157543142998436 0.012389014011474648 0.0056838378033878187 0.0050766954630065836 -0.064933724753702723 -0.002108990038851042
leaf_weight=23.761022798717022 142.20973661914468 73.424976708367467 38.749652005732059 100.04674398899078 99.427592754364014 137.9156282171607 40.429913938045502 218.95432013273239 136.84724466875196 40.99427156150341 40.991953672841191 119.46141135692596 113.53090423345566 237.11892256513238 2313.7403541170061 671.3215993270278 31.821435706689954 98.402804169803858 62.922822713851929 37.933439970016479 108.17823944427073 24.984629372134805 52.568163551390171 109.27154934406281 242.76272163167596 45.770055705681443 237.25979709066451 14.223240604624154 16.477935262024403 516.11058433540165
leaf_count=87 1162 412 102 134 122 171 46 227 804 135 111 124 116 1493 5233 4885 145 186 72 73 555 42 178 146 998 161 1020 113 98 3094
internal_value=0.000449003 -0.000225247 -0.00261841 -9.74339e-05 -0.00127055 0.000106381 -4.27778e-05 0.000833305 0.000940063 -0.000297454 -0.00273368 -0.000294615 -0.000198809 6.14556e-05 0.00106157 0.000453918 -0.000978352 0.00127425 0.000550755 -0.000190523 -0.000151892 -0.00140947 3.47129e-05 0.000157805 -3.36565e-05 -0.000677178 -0.000355933 0.000515854 -0.00315711 -0.000788792
internal_weight=6147.61 2232.01 112.175 2119.84 313.005 1806.83 1668.92 3915.6 3577.19 319.69 81.9862 338.416 213.578 1628.49 3257.5 845.353 174.031 2412.14 237.704 174.781 1391.37 178.933 1212.44 1159.87 1050.6 153.948 807.833 267.961 30.7012 539.872
internal_count=22245 9088 514 8574 372 8202 8031 13157 12806 1195 246 351 250 7985 11611 6192 1307 5419 949 877 6492 758 5734 5556 5410 716 4412 1231 211 3181
is_linear=0
shrinkage=0.03


Tree=11
num_leaves=31
num_cat=0
split_feature=29 89 75 75 68 37 57 67 63 2 17 63 62 62 58 76 13 28 53 52 30 72 2 73 0 52 3 13 29 45
split_gain=1.73058 0.872479 1.30259 0.586097 0.652239 0.557457 0.892216 0.513359 0.52638 0.489768 0.423028 0.535305 0.416066 0.632208 0.398572 0.7023 0.406975 0.364327 0.498071 0.359179 0.646765 0.349093 0.342631 0.345386 0.3336 0.368971 0.338959 0.333718 0.333464 0.328757
threshold=6.011111111111112 2024.5000000000002 194.67500000000004 168.80833333333337 7.4877768190969229 10.335585585585589 9.4749154332339618 36.000529661016955 645.9000000000002 11.16666666666667 4.5000000000000009 622.40000000000009 436.75000000000006 432.17142857142863 190.80892857142859 1.0000000180025095e-35 0.87301587301587313 10.281746031746033 0.29515291565844098 0.58208678107922451 18.919655751716824 201.07500000000002 31.833333333333339 64.500000000000014 3.5000000000000004 0.31461109302073159 83.500000000000014 4.8285714285714292 3.8397435897435903 0.30368444846292952
decision_type=10 2 10 10 2 10 2 2 8 10 8 10 8 10 2 2 10 8 10 8 10 10 10 2 2 10 10 10 8 8
left_child=1 3 10 22 5 6 12 8 -2 -9 29 28 13 17 16 -16 -14 -5 -19 21 -21 24 -1 -24 25 -11 27 -26 -12 -3
right_child=7 2 -4 4 -6 -7 -8 9 -10 19 11 -13 14 -15 15 -17 -18 18 -20 20 -22 -23 23 -25 26 -27 -28 -29 -30 -31
leaf_value=0.0032510015027569007 0.00084846601559216111 0.018134901343233222 -0.028985527596373226 0.0010552753902423407 -0.11641100154870899 0.15192600537540335 -0.15093287192534369 -0.029239022870787473 0.046078383188866319 -0.088478615954094009 -0.0041315328396582009 -0.01802776258823844 -0.052141337262550623 -0.16188359671344182 0.0027291719316550186 -0.10935973095708786 0.0075441421005283523 -0.16587714831827702 -0.0540646942607673 0.15259611770544484 -0.091956789412142206 -0.022301755402689083 -0.00048951364481961688 -0.10919472621191136 0.033103557254437095 0.016591037377618731 0.18006616528486022 0.11737620573368754 0.048766043189150225 0.12876511532120105
leaf_weight=208.50860790722072 1235.3397930860519 113.28974181413651 192 72.801831468939781 57.413403034210205 41.436019748449326 45.035747975111008 46.962668659165502 104.31177818030119 21.082547886297107 103.25824439525604 139.51022374629974 78.47361196577549 46.583228632807732 105.01772952079773 93.45819328725338 157.24279253184795 26.054194778203964 35.865703970193863 25.661754684522748 20.176254831254482 48.57987198792398 194.54346242919564 33.572589889168739 1614.7488835994154 44.257432824000716 238.42415312118828 645.65634062699974 142.45036143064499 185.97476762533188
leaf_count=2060 5238 130 192 288 148 93 115 180 122 119 121 149 265 117 243 192 386 122 123 188 88 81 1954 114 5979 180 455 2356 167 213
internal_value=0.000485303 -0.000219564 0.000499139 -0.000746236 -0.00124928 -0.000994189 -0.0012068 0.000846394 0.000365743 0.00108417 0.0011116 0.000452283 -0.00090387 -0.00210688 -0.000397843 -0.00138503 0.000435718 -0.00104815 -0.00272048 0.00113802 -0.00147149 0.00118435 0.000129513 -0.000672595 0.00123219 -0.000873296 0.00128758 0.00117311 0.00129309 0.00195596
internal_weight=6117.69 2072.49 876.483 1196.01 759.382 701.969 660.533 4045.2 1339.65 2705.55 684.483 385.219 615.497 181.305 434.192 198.476 235.716 134.722 61.9199 2658.59 45.838 2612.75 436.625 228.116 2564.17 65.34 2498.83 2260.41 245.709 299.265
internal_count=22178 7192 972 6220 2092 1944 1851 14986 5360 9626 780 437 1736 650 1086 435 651 533 245 9446 276 9170 4128 2068 9089 299 8790 8335 288 343
is_linear=0
shrinkage=0.03


Tree=12
num_leaves=31
num_cat=0
split_feature=18 41 26 5 74 79 28 10 72 61 9 68 64 38 58 67 79 62 58 46 7 1 15 11 55 7 2 37 0 31
split_gain=1.57456 0.554317 0.682677 0.9757 0.738178 0.568746 0.962962 1.17578 0.809982 0.714644 0.533705 0.473982 1.0803 0.787207 0.687249 0.589998 0.7266 0.688439 0.53256 0.507546 0.618846 0.440322 0.429276 0.679683 0.416598 0.395631 0.735491 0.640118 0.367771 0.335528
threshold=6.5000000000000009 3.7184304222347708 15.419580419580422 39.360389610389618 -25.986904761904764 50.500000000000007 39.440972222222229 1.0000000180025095e-35 199.45000000000002 503.55000000000007 0.13392857142857145 3.9012195121951199 0.25962962962962971 1.1003875968992249 214.67063492063497 30.066228070175445 45.500000000000007 480.15000000000003 219.64305555555561 0.3302948504983389 33.925963754615687 37.469788243884636 57.738636363636367 36.550000000000004 197.67142857142861 26.16533966754184 34.166666666666679 8.4137047508456622 163.50000000000003 1.1641459315877924
decision_type=8 10 10 8 8 2 8 8 10 8 8 2 2 10 2 2 2 8 2 8 10 10 8 10 2 8 10 10 2 8
left_child=21 2 4 -4 -2 8 9 -8 11 -7 -9 15 13 -13 -14 16 18 19 -6 -17 24 22 23 28 -21 26 -3 -28 -1 -19
right_child=1 25 3 -5 5 6 7 10 -10 -11 -12 12 14 -15 -16 17 -18 29 -20 20 -22 -23 -24 -25 -26 -27 27 -29 -30 -31
leaf_value=0.0021263353420588604 -0.048052112478448074 0.073771549887641397 -0.00020775000132717378 -0.071534552540043525 0.00045023653809612703 0.00081803733583619921 -0.1610599209973807 -0.086797720380603086 -0.049879126501873594 0.086497497359368639 0.0023783814296508819 0.06656702178084048 -0.056051647200315781 -0.1163387960991291 -0.095467780445789296 0.00057633729705608872 -0.11494236540278936 0.068186311583361456 -0.047258810799302782 0.00084445192029105611 -0.15848381069054185 0.069176751615224699 0.059421457155674234 -0.067100801356602804 -0.11801946490569419 0.011143474789934707 -0.0013816183899485156 -0.15117364815513545 -0.061960287662668881 0.014800433476680998
leaf_weight=717.17399132996798 74.409009899944067 76.921503322198987 49.908226627856493 40.884001798927784 136.46787173114717 476.58944442495704 36.044002922251821 27.872413175180554 38.234375 295.29102251678705 131.47907027415931 68.648355480283499 33.564983185380697 31.838725961744785 40.535742968320847 188.99776753038168 25.47269344702363 108.84362900257111 74.588241383433342 62.908428011462092 19.821060299873352 2214.3862767424434 184.6194385048002 37.201317330822349 25.853945152834058 499.32645186409354 77.561236713081598 27.746718510985374 37.677238523960114 240.2777109593153
leaf_count=3405 194 336 125 86 863 2353 137 111 53 371 523 221 181 99 54 1100 83 142 99 397 100 7672 648 94 81 1694 341 85 81 359
internal_value=0.000472314 -3.23852e-05 -0.000261387 -0.00279479 -0.000152534 -4.59627e-05 0.000483968 -0.00139261 -0.000513646 0.000960196 -0.00027169 -0.000356305 -0.00177989 0.000251961 -0.00450193 -7.32108e-05 -0.00135207 0.000395891 -0.000760563 -0.000663154 -0.00228766 0.000932441 0.000401256 9.68124e-05 -0.00118108 0.000715685 -0.000478856 -0.00209938 0.000294012 0.00129791
internal_weight=6101.14 2910.09 2228.53 90.7922 2137.74 2063.33 967.276 195.395 1096.05 771.88 159.351 1057.82 174.588 100.487 74.1007 883.231 236.529 646.703 211.056 297.581 108.583 3191.06 976.672 792.053 88.7624 681.556 182.229 105.308 754.851 349.121
internal_count=22088 10188 7732 211 7521 7327 3495 771 3832 2724 634 3779 555 320 235 3224 1045 2179 962 1678 578 11900 4228 3580 478 2456 762 426 3486 501
is_linear=0
shrinkage=0.03


Tree=13
num_leaves=31
num_cat=0
split_feature=19 19 68 67 12 89 62 45 22 32 60 15 73 19 53 39 51 25 82 63 54 34 63 28 62 47 68 25 62 62
split_gain=1.22069 0.73844 1.53869 0.666231 0.696869 0.651155 0.726759 0.845643 0.75529 1.09631 0.606587 0.514414 0.991979 0.673598 0.486908 0.715344 0.489232 0.486718 0.462872 0.462448 0.473451 0.431097 0.395253 0.430083 0.540814 0.378228 0.423304 1.0609 0.459013 0.62401
threshold=5.4500000000000011 10.125000000000002 3.9012195121951199 29.593490173847318 30.31666666666667 2024.5000000000002 646.60000000000014 0.34466259693119955 142.00456621004568 9.6245805369127542 544.15000000000009 22.033333333333335 96.500000000000014 8.2250000000000014 0.011883758751396524 19.06379731379732 9.7837218337218346 1.0000000180025095e-35 14.350000000000003 596.80000000000007 217.5071428571429 15.222527472527473 603.80000000000007 13.527863777089786 509.40000000000003 0.58571428571428574 11.556349206349207 22.146489863217301 436.75000000000006 435.55000000000007
decision_type=8 10 2 2 10 2 10 10 10 8 8 10 2 10 8 10 2 10 2 10 2 10 8 8 10 10 2 10 8 10
left_child=25 3 10 4 11 14 8 -8 -7 -10 21 12 13 22 15 -5 -16 -15 -18 20 -13 -3 23 -2 -25 26 28 -28 29 -1
right_child=1 2 -4 5 -6 6 7 -9 9 -11 -12 19 -14 17 16 -17 18 -19 -20 -21 -22 -23 -24 24 -26 -27 27 -29 -30 -31
leaf_value=0.0099336029789818692 0.0039367379454960496 -0.11688414707408067 -0.092603747032415626 -0.15546095926805517 -0.10197245334418298 0.079917554228569651 -0.030080748643122584 0.067422899929791752 -0.05022686886907362 0.03002784545063086 0.051346423006608612 0.00081196802291807482 -0.053680158867339935 -0.058321121199086799 0.0011448143131952949 0.0054080293295219618 -0.15788663152937471 -0.1638297367449463 -0.008257433227406432 0.051507727128488029 -0.0087988322265212752 -0.041164158908442383 0.10940857172312078 -0.0013831522437895228 -0.061310158905219889 0.10976432993997748 0.034608697331989506 -0.092083085113882079 0.071408541053840965 -0.084091459683686795
leaf_weight=423.58097216114402 59.28681474737823 32.769884191453457 58.230341533198953 11.450642975047232 29.989567397162318 590.78099822998047 158.19211703538895 98.461411356925964 88.796833038330078 174.71965575218201 96.907074004411697 196.33222459256649 43.293107330799103 20.142425378784537 1305.9194475747645 11.581196226179598 36.803365839645267 25.708526510745287 29.582572784274817 55.905507743358612 26.092500045895576 112.19514209404588 36.315303355455399 120.2122895848006 22.216273546218872 954.77294167131186 63.265478298068047 43.139156211167574 1135.5836737286299 18.665686206892133
leaf_count=3334 297 129 188 123 77 670 165 103 102 197 107 978 58 139 6669 120 126 135 105 59 39 620 45 690 30 3650 216 90 2758 65
internal_value=0.000464819 9.25628e-05 -0.00132671 0.00022851 -0.000638387 0.000448488 0.000990062 -0.000408624 0.00141025 7.39963e-05 -0.000264336 -0.000413106 -0.00121797 -0.000564357 1.68924e-05 -0.00421647 9.09609e-05 -0.00385249 -0.00240187 0.000533978 -8.30724e-05 -0.00148871 8.24904e-05 -0.000440165 -0.0013319 0.000950109 0.000679019 -0.00114489 0.000802666 -1.73339e-05
internal_weight=6080.89 3441.89 300.102 3141.78 635.495 2506.29 1110.95 256.654 854.297 263.516 241.872 605.505 327.175 283.882 1395.34 23.0318 1372.31 45.851 66.3859 278.33 222.425 144.965 238.031 201.715 142.429 2639.01 1684.23 106.405 1577.83 442.247
internal_count=22084 11971 1044 10927 2547 8380 1237 268 969 299 856 2470 1394 1336 7143 243 6900 274 231 1076 1017 749 1062 1017 720 10113 6463 306 6157 3399
is_linear=0
shrinkage=0.03


Tree=14
num_leaves=31
num_cat=0
split_feature=11 89 40 75 47 49 76 75 62 65 43 47 35 81 60 52 15 13 81 26 2 5 90 34 72 88 80 28 56 75
split_gain=1.56595 1.0528 0.997789 1.19192 0.994654 0.702142 0.705543 0.543083 0.692819 0.679635 0.508669 0.768389 0.532622 0.761775 0.493946 0.488188 0.463989 0.399513 0.404069 0.380758 0.30976 0.541015 0.307676 0.546117 0.729918 0.820785 0.294894 0.481852 0.507277 0.522623
threshold=19.211111111111112 2024.5000000000002 36.120433624330722 192.73333333333338 0.21111111111111114 185.27708475734792 1.0000000180025095e-35 183.92500000000004 436.75000000000006 3.5000000000000004 0.71323250393017845 0.5634920634920636 32.669966996699678 6.1500000000000012 489.10000000000008 0.45274952884030495 72.912878787878796 3.5777777777777779 21.750000000000004 14.67278287461774 39.833333333333336 35.303846153846159 7.5000000000000009 18.45804195804196 175.07500000000002 1.0000000180025095e-35 7.9500000000000011 24.136809269162214 78.641016230239572 171.2416666666667
decision_type=10 2 10 10 8 2 2 10 8 8 10 10 8 2 8 10 10 10 2 10 8 10 2 8 8 2 2 10 2 10
left_child=1 7 3 15 -5 10 -7 22 -9 -10 16 12 -12 -14 17 20 19 18 -11 -2 21 -3 -1 24 -24 -26 27 28 29 -25
right_child=5 2 -4 4 -6 6 -8 8 9 14 11 -13 13 -15 -16 -17 -18 -19 -20 -21 -22 -23 23 26 25 -27 -28 -29 -30 -31
leaf_value=0.0039788915434478683 0.069926970902413899 0.013509886691139296 0.084572271910549557 -0.062275168821961976 -0.00114138354657725 -0.068454356025210578 0.046686850052539225 -0.13352967614313127 -0.09180296002825146 -0.055838373196337263 0.066134597108895507 0.058174585201023907 -0.0070091747574653595 -0.070714630292579114 0.017507293761304187 -0.0058890154762774758 0.17359895300461908 0.01934810743967982 -0.040263853182626569 -0.052998089465678064 0.064372191942573834 -0.069054273074438149 -0.012313719875256134 -0.049276093868611794 -0.051349018855095761 -0.1563828474274804 0.00073696915684799962 -0.063114720564567142 0.0011325680721563103 -0.16256327318951252
leaf_weight=335.79683033563197 1873.602830644697 153.38736659288406 433.39363163709641 123 153 73.179794384166598 77.480363193899393 61.736132621765137 80.114363193511963 86.934554100036621 33.435546489432454 59.528097715228796 29.576576856896281 39.071990966796875 64.297889232635498 118.89445781707764 391.45027732104063 69.295659065246582 93.864120006561279 43.293958498165011 198.91177278757095 91.289741814136505 303.96187858842313 14.534326819702985 37.393348749727011 34 900.40168262086809 19.791563414037228 95.279283324256539 11.649901032447813
leaf_count=1997 6972 180 486 123 153 132 136 98 134 138 86 184 71 145 144 142 828 110 149 78 228 108 2013 202 291 68 5777 139 744 33
internal_value=0.000386204 -3.08409e-05 0.000656441 5.18147e-05 -0.00155957 0.000939959 -0.00104314 -0.000426666 -0.00134746 -0.00087926 0.0010613 -0.000562885 -0.00213519 -0.00363075 -0.000246766 0.000843854 0.0011752 -0.000850503 -0.00159051 0.00098206 0.00130088 0.000582289 -0.000186359 -0.000379861 -0.00135932 -0.00406757 -2.59523e-05 -0.00129534 -0.000568009 -0.00418363
internal_weight=6101.55 3480.93 1271.88 838.483 276 2620.62 150.66 2209.05 456.243 394.507 2469.96 161.612 102.084 68.6486 314.392 562.483 2308.35 250.094 180.799 1916.9 443.589 244.677 1752.81 1417.01 375.355 71.3933 1041.66 141.255 121.464 26.1842
internal_count=22089 13457 1420 934 276 8632 268 12037 773 675 8364 486 302 216 541 658 7878 397 287 7050 516 288 11264 9267 2372 359 6895 1118 979 235
is_linear=0
shrinkage=0.03


Tree=15
num_leaves=31
num_cat=0
split_feature=23 78 50 90 52 51 43 61 46 58 23 31 24 53 72 81 22 80 61 51 7 66 63 56 36 22 54 63 40 7
split_gain=1.51909 0.716215 0.601079 0.694944 1.12508 0.603882 1.19233 0.664997 0.588361 0.701991 0.667158 0.479379 0.472216 0.470777 0.44327 0.547853 0.61753 0.905473 0.897458 0.669544 0.610906 0.623626 0.602028 0.548697 0.672366 0.691501 0.509611 0.599997 0.432564 0.358406
threshold=17.267857142857146 40.650000000000013 10.500316589278178 65.500000000000014 0.38460191786748948 9.3031883349974809 0.36852425180598564 633.55000000000007 0.2104033448106247 267.45000000000005 12.35416666666667 3.7629085489194085 18.414285714285715 0.29271744936572169 192.22500000000002 5.6500000000000012 57.359307359307365 8.3500000000000032 447.90000000000003 8.3937548599216836 51.302436505990372 1.0000000180025095e-35 492.10000000000008 118.9916493659439 3.8027777777777785 147.95620002386923 177.63333333333335 481.65000000000003 33.832554517133964 13.251413643590002
decision_type=10 2 2 2 10 2 10 8 10 2 8 8 10 10 8 2 8 2 10 2 10 2 10 2 8 8 2 8 8 10
left_child=1 2 3 5 11 7 8 14 -7 10 -10 -5 29 -4 15 -1 17 18 -17 -19 21 23 -23 -18 25 -25 27 -26 -16 -2
right_child=12 -3 13 4 -6 6 -8 -9 9 -11 -12 -13 -14 -15 28 16 20 19 -20 -21 -22 22 -24 24 26 -27 -28 -29 -30 -31
leaf_value=0.0049758056730342523 -0.058481151696909088 -0.044900333785383058 -0.047594718735018651 -0.12127834141737395 0.0022679214663179526 -0.0011082872228938799 0.022312869762034414 0.029006153126266029 0.006002950732095935 -0.08739444238139106 -0.1171884634972441 -0.052163687282954868 0.10478865912667337 0.064754387141306866 -0.0071934819595166309 -0.10639456831994874 0.00042718850461968659 0.0022968607569167298 -0.14840119538133342 -0.11920848137145774 -0.12619464143206927 -0.0011544952201571678 0.033932509648322097 -0.0081710882005006091 -0.014431555651985945 -0.11147470894809743 0.0093753583866683417 -0.077945780252882513 0.08978606772863959 0.0089694449452456648
leaf_weight=440.11029732041061 54.190829200670123 46.292271940037608 43.313298687338829 36.021023288369179 42.507196441292763 72.640350529924035 67.342867251485586 245.32095094025135 53.912234731018543 56.333484292030334 74.163075333461165 35.520895984023809 1290.0841784980148 126.96477251499891 38.655120464041829 26.252708388492465 131.07009903900325 131.74172126874328 37.702407883480191 40.0904261469841 21.74501433596015 504.09328699298203 217.08554657176137 30.629354711622 78.520869335159659 40.529968496412039 37.219680042937398 19.684291124343872 117.19215848483145 1915.0330558028072
leaf_count=1853 273 115 139 130 107 172 208 351 155 63 185 71 5085 275 88 178 700 777 89 170 63 2827 329 162 502 168 107 46 400 6268
internal_value=0.000322951 -0.000187828 -0.0001252 -0.000238679 -0.00251809 -0.000132969 -0.00133771 4.86938e-05 -0.00226752 -0.00316416 -0.00191057 -0.00479107 0.000763655 0.00159621 -0.000140214 -0.000276521 -0.000582799 -0.00197044 -0.00498905 -0.000824558 -0.000278468 -0.000173803 0.000324473 -0.00123586 -0.00219548 -0.0045362 -0.000941308 -0.00206947 0.001388 0.000470997
internal_weight=6071.96 2812.66 2766.36 2596.09 114.049 2482.04 324.392 2157.64 257.049 184.409 128.075 71.5419 3259.31 170.278 1912.32 1756.48 1316.37 235.787 63.9551 171.832 1080.58 1058.83 721.179 337.654 206.584 71.1593 135.425 98.2052 155.847 1969.22
internal_count=22056 10430 10315 9901 308 9593 783 8810 575 403 340 201 11626 414 8459 7971 6118 1214 267 947 4904 4841 3156 1685 985 330 655 548 488 6541
is_linear=0
shrinkage=0.03


Tree=16
num_leaves=31
num_cat=0
split_feature=23 27 71 1 75 21 7 22 72 53 2 68 32 16 28 72 48 78 63 36 50 37 61 63 72 50 5 28 36 47
split_gain=1.46553 0.7342 1.01325 0.824764 0.567176 0.717445 0.565615 0.50873 0.46568 0.506222 0.54505 0.429672 0.539362 0.542544 0.425722 0.418859 0.415162 0.552756 0.6835 0.46419 0.439016 0.426661 0.578425 0.575361 0.55477 0.768508 0.420664 0.367988 0.46365 0.827802
threshold=12.52777777777778 177.1750789126904 1.1391333982473208 45.246211251435135 187.05000000000004 0.78888888888888908 21.649761828653613 135.94620643956509 201.07500000000002 0.48329897298827956 62.416666666666679 5.3683214882943142 9.5016778523489958 8.5000000000000018 28.9247641509434 201.07500000000002 125.00090130317713 29.650000000000002 603.80000000000007 2.4916666666666671 9.0356972646507874 8.8461832734977364 453.95000000000005 591.65000000000009 182.33516483516487 9.5398879206236824 37.806250000000006 13.867595818815333 3.2018518518518522 0.31666666666666671
decision_type=10 10 2 10 10 10 10 10 10 8 10 2 10 2 8 8 2 2 10 8 2 10 8 8 10 2 10 10 8 10
left_child=8 3 4 27 5 -3 7 -5 9 10 16 12 13 -11 -12 -8 19 -18 20 -1 26 23 -23 -21 25 -24 -19 28 -2 -30
right_child=1 2 -4 6 -6 -7 15 -9 -10 11 14 -13 -14 -15 -16 -17 17 18 -20 21 -22 22 24 -25 -26 -27 -28 -29 29 -31
leaf_value=0.0058591900061250079 0.0051005151230630432 -0.06314986165368161 -0.064012629063148876 0.03006293205194259 0.015818125062860389 0.075170030124662196 0.13067602250066845 -0.065175976723292756 -0.046279208827954832 0.0021975005240238319 0.051458941781120364 -0.056307686938393393 0.088411891850101482 -0.038721749971060371 -0.063992972616422797 -0.027561848368871267 -0.0017684033802978494 0.010301472782417113 -0.094619518328679625 -0.02798902625625669 -0.11022125301804485 0.0050225201630745 -0.10248851798713685 0.05394380244107802 -0.026641946198125863 -0.070006936381246679 -0.12841867139972651 0.0063770509008666387 -0.0079372941004287427 -0.066163845253647394
leaf_weight=60.813350861892104 44.315662458539009 34.623325228691101 48.416761104017496 43.674939095973969 71.650898337364197 23.79148312471807 1226.9338178690523 33.290700593963265 35.823425129055977 255.45552265457809 168.58375933393836 56.551211865618825 138.6840871013701 66.950411774218082 66.821048025041819 36.085856651887298 100.94405921734869 43.452540332451463 30.34960412979126 759.46320441737771 23.838725186884403 92.671940252184868 56.009624935686588 167.0339909568429 101.19742870330811 60.392552066594362 29.97997347638011 2106.91665735282 95.728675059974194 36.443735510110855
leaf_count=255 164 108 106 263 81 141 4045 132 83 1194 470 171 238 132 183 114 350 207 32 4074 69 377 116 199 119 111 135 8038 334 139
internal_value=0.000304722 0.000667009 -0.00120673 0.000759614 0.000181293 -0.00199414 0.00135022 -0.00113511 -0.00029028 -0.000236102 -0.000478436 0.000587902 0.000891347 0.000216007 0.00086262 0.00150245 -0.00068572 -0.00186207 -0.00316625 -0.000477235 -0.00190149 -0.000603606 -0.00156464 -0.000280428 -0.00240681 -0.00381079 -0.000724644 0.000412586 -0.000899825 -0.00178757
internal_weight=6116.89 3801.87 178.482 3623.39 130.066 58.4148 1339.99 76.9656 2315.02 2279.19 1761.55 517.641 461.09 322.406 235.405 1263.02 1526.15 228.565 127.621 1297.58 97.2712 1236.77 310.272 926.497 217.6 116.402 73.4325 2283.4 176.488 132.172
internal_count=22180 13665 436 13229 330 249 4554 395 8515 8432 6697 1735 1564 1326 653 4159 6044 793 443 5251 411 4996 723 4273 346 227 342 8675 637 473
is_linear=0
shrinkage=0.03


Tree=17
num_leaves=31
num_cat=0
split_feature=11 89 40 75 60 25 32 53 46 53 49 1 54 75 55 1 54 15 48 67 80 7 29 19 72 24 51 24 68 49
split_gain=1.32283 0.698487 0.907441 0.747476 0.758436 0.636402 0.617967 0.62431 0.573897 0.747357 0.573584 0.488814 0.539046 0.652278 0.519246 0.430968 0.474926 0.404837 0.396653 0.375585 0.36632 0.365297 0.362255 0.361797 0.476373 0.331063 0.445223 0.322061 0.305167 0.294527
threshold=15.707142857142857 2024.5000000000002 28.337789661319075 184.32500000000002 453.40000000000003 24.959546925566347 9.3347701149425308 0.40865253804505214 0.31592582492500687 0.38097773647761674 187.5611972257631 45.246211251435135 206.57142857142858 191.45000000000002 212.51726190476191 31.463723776223777 252.73333333333338 30.964285714285719 126.29636428900189 34.703500203500212 15.850000000000003 21.52173319374306 5.6026315789473697 10.29166666666667 171.87500000000003 14.612500000000002 8.506821683296474 19.527777777777782 -4.4191523051995878 163.56860978477062
decision_type=10 2 8 10 8 10 10 10 10 10 2 10 2 10 2 8 2 8 2 2 2 10 8 10 10 10 2 10 2 2
left_child=1 3 -3 23 22 8 7 19 15 -10 11 12 14 18 17 -4 -17 -2 -14 -6 -12 27 -5 29 28 -16 -27 -13 -25 -1
right_child=10 2 5 4 6 -7 -8 -9 9 -11 20 21 13 -15 25 16 -18 -19 -20 -21 -22 -23 -24 24 -26 26 -28 -29 -30 -31
leaf_value=-8.3113549420037449e-05 -0.0088973564234649943 -0.076494626372543201 -0.0016156678318793726 -0.14713028015151097 -0.048439226178203072 -0.027267355882768747 0.014548490972118943 -0.084344214480470747 -0.062667732591343908 0.065363658843055603 -0.010525264085102392 -0.069710066107691829 -0.010648675036194322 -0.036542449300151637 0.092127785102930571 0.094778781492352471 -0.0042269867003018385 0.037853154382576366 0.056864184013428493 0.0022082827615292275 0.0050249789186934991 0.13351952766235689 -0.041791698142326188 -0.15415458698015769 -0.15151770535125061 0.1261939553146178 -0.013622699701403408 0.1250607499120498 0.0036530407501733728 0.015864343433549491
leaf_weight=1417.1906806640327 178.76400081627071 94.541721165180206 144.28974181413651 62.996053695678711 46.033994197845459 91.415731489658356 86.950179100036621 64.885935306549072 90.129122197628021 103.27242684364319 61.288036109879613 31.363021010532975 71.407497748732567 112.16086477041245 189.61742173135281 577.96998274326324 95.573218584060669 703.81317809782922 121.22814413160086 64.974724769592285 72.376242868602276 1096.726067379117 62.996053695678711 15.729479186236857 40.407083770260215 149.47382992506027 81.791348529979587 18.4166838247329 74.796112988144159 67.873028878122568
leaf_count=8950 1142 103 161 100 76 104 139 103 99 114 110 139 134 115 266 651 103 3690 176 148 138 3539 100 109 180 279 129 138 554 409
internal_value=0.000422788 2.82746e-06 0.000575935 -0.000339522 -0.00151863 0.000818314 -0.00059635 -0.00161623 0.00103527 -0.000432581 0.000888181 0.000981366 0.000643309 -0.000491241 0.000908781 0.0013825 0.00170082 0.000494292 0.000568046 -0.000240953 -0.00102535 0.0014546 -0.00342283 -5.50449e-05 -0.00156061 0.00177472 0.0010061 -0.00104225 -0.000337531 7.86562e-05
internal_weight=6090.45 3202.03 1197.19 2004.83 388.837 1102.65 262.845 175.895 1011.23 193.402 2888.43 2754.76 1608.26 304.797 1303.46 817.833 673.543 882.577 192.636 111.009 133.664 1146.51 125.992 1616 130.933 420.883 231.265 49.7797 90.5256 1485.06
internal_count=22198 12203 1335 10868 666 1232 466 327 1128 213 9995 9747 5931 425 5506 915 754 4832 310 224 248 3816 200 10202 843 674 408 277 663 9359
is_linear=0
shrinkage=0.03


Tree=18
num_leaves=31
num_cat=0
split_feature=44 55 53 7 74 72 55 60 40 37 73 63 72 7 15 71 31 37 82 82 37 60 55 54 74 70 15 65 47 39
split_gain=2.07124 1.05376 0.593868 0.692401 0.626686 0.513593 0.532584 1.1513 0.473489 0.835307 0.954947 0.597433 0.469804 1.75408 0.481058 0.454582 0.550916 0.722041 0.413144 0.533694 0.486371 0.650715 0.400301 0.522454 0.387011 0.386878 0.680863 0.465702 0.409513 0.514483
threshold=0.42629304867200407 337.46250000000003 0.50073327537717949 34.604351042684463 -25.986904761904764 201.07500000000002 295.42500000000007 672.20000000000016 32.97394168361911 9.0657116781080145 75.500000000000014 563.70000000000016 205.20000000000002 40.54503668086295 32.738636363636367 -2.4877563625737209 7.8137460127591716 8.5555981922060216 3.7500000000000004 10.15 9.2003344481605378 631.30000000000007 166.86250000000004 147.42222222222225 -13.608333333333333 18.792078392621875 14.225000000000001 4.5000000000000009 0.73214285714285732 28.192633810280871
decision_type=8 2 8 10 8 10 2 10 10 10 2 8 8 10 8 2 10 8 2 2 10 10 2 2 10 2 10 8 10 8
left_child=12 2 3 4 -2 6 7 8 25 11 -11 -10 14 -14 24 16 17 -5 -4 -20 21 22 23 -21 -1 26 -6 28 29 -27
right_child=1 -3 18 15 5 -7 -8 -9 9 10 -12 -13 13 -15 -16 -17 -18 -19 19 20 -22 -23 -24 -25 -26 27 -28 -29 -30 -31
leaf_value=0.014142152555761357 -0.038479494407546479 -0.040452963790235816 -0.064891686034355703 0.0051035883862067342 0.00042530417332959036 -0.0445953772951342 0.015343372797166984 -0.054634649133341789 -0.036118389958093071 -0.037042514928185603 -0.11465003746559185 0.066800780481932207 0.087747762016162328 -0.089780111507777358 0.070836684386061846 0.018194540499169347 0.063965449366280444 -0.062826301760312439 0.031402261342212731 0.0083242789464294774 0.055158258493025636 -0.059834397728322476 0.004163312601954656 -0.070564246665581323 -0.0025165240204763073 0.0021391253632291286 -0.053383521712939731 0.013653876429525948 0.18835030836714017 -0.047695380093604113
leaf_weight=164.49442661739886 51.067719087004662 58 34.921499721705914 94.148759698495269 43.557701012119651 27.398818846791983 126.19211703538895 38.937005162239075 667.43303509429097 77.349880799651146 65.90272568166256 89.990043021738529 20.853626262396578 10.250667560845612 2340.3897657543421 414.30642545223236 58.87311527132988 79.893274456262589 243.21119232103229 21.079127153381705 50.332251293584704 27.937005162239075 134.35097295418382 28.071365160867572 466.86819935590029 153.65143966116011 26.246793426573277 346.60911357775331 37.214735982939601 131.63529019057751
leaf_count=478 161 58 70 375 212 49 133 41 3753 212 102 111 289 40 7731 1195 145 127 708 167 127 30 626 153 2504 625 119 1075 176 591
internal_value=0.000342051 -0.000198165 -0.000121811 -0.000314576 -0.000605435 -0.0005129 -0.000449645 -0.000591171 -0.000468286 -0.00092966 -0.00302236 -0.0005304 0.000904716 -0.00270873 0.000943435 0.000531348 -0.000527592 -0.00137526 0.000780549 0.000999999 5.87008e-05 -0.000574767 8.41149e-05 -0.00220583 0.000208152 9.45864e-05 -0.00201452 0.000317296 -0.000502468 -0.000890422
internal_weight=6131.17 3128.31 3070.31 2530.41 1883.19 1832.12 1804.72 1678.53 1639.59 900.676 143.253 757.423 3002.86 31.1043 2971.75 647.222 232.915 174.042 539.903 504.982 261.771 211.438 183.501 49.1505 631.363 738.915 69.8045 669.111 322.501 285.287
internal_count=22183 11141 11083 9202 7360 7199 7150 7017 6976 4178 314 3864 11042 329 10713 1842 647 502 1881 1811 1103 976 946 320 2982 2798 331 2467 1392 1216
is_linear=0
shrinkage=0.03


Tree=19
num_leaves=31
num_cat=0
split_feature=23 62 82 89 75 62 2 35 74 44 63 49 49 64 77 17 27 17 82 27 28 55 15 56 13 78 38 3 75 81
split_gain=1.03588 0.650404 1.4234 1.17402 0.737174 0.686161 0.678729 0.571809 0.737348 0.537571 0.465562 0.461888 0.455726 0.54062 0.43674 0.985707 0.435287 0.42843 0.419937 0.412413 0.423222 0.386198 0.411123 0.370268 0.44209 0.55376 0.871038 0.410986 0.358349 0.486456
threshold=17.527777777777782 662.85000000000014 9.6500000000000004 2024.5000000000002 183.92500000000004 439.95000000000005 19.833333333333339 35.091936572199735 -11.350000000000007 0.9294019933554819 645.9000000000002 119.86567411660444 168.82697458799137 0.33100409037787309 1.0000000180025095e-35 3.5000000000000004 148.80951003644358 3.5000000000000004 11.15 148.43801910299007 34.626368613138695 295.42500000000007 101.10000000000001 148.87913896723506 4.6333333333333337 23.850000000000005 0.46751054852320678 72.450000000000017 182.2416666666667 27.150000000000006
decision_type=10 10 2 2 10 8 8 10 8 8 10 2 2 2 2 10 10 10 2 10 10 2 10 2 10 2 10 10 10 2
left_child=1 3 -3 4 -1 -6 -5 8 11 -8 -11 -7 16 14 17 -16 19 -14 -19 20 21 22 23 24 25 26 -2 -27 29 -18
right_child=12 2 -4 6 5 7 9 -9 -10 10 -12 -13 13 -15 15 -17 28 18 -20 -21 -22 -23 -24 -25 -26 27 -28 -29 -30 -31
leaf_value=-0.00087333518229657512 0.023055491695266193 0.0072805752797682598 -0.043130211909358354 -0.0059591367259930967 -0.12928208994746862 0.0078243703101429137 0.092951468861206171 -0.14160509629912008 0.070508103572296851 0.043933319908318946 -0.018339343533773214 -0.059339785934184319 0.048690862944669754 0.034899372403053179 -0.043901229009055576 -0.0020045577651078526 0.037953407110166863 -0.057189542835137983 0.065745450636865807 -0.10714092018506088 0.11495459931701719 0.088899032779477402 -0.11437187566080292 -0.036696294808810752 0.087270499742871641 0.00027646792218057216 -0.12186795074130001 0.15934172347171494 0.15142595005134415 -0.070491188655325901
leaf_weight=1363.8516654614359 14.786953005939724 98.667710840702057 113.66771084070206 138.28974181413651 69.295659065246582 63.626014232635498 284.48499137163162 99.611889839172363 61.179336547851562 343.85504299402237 157.33542168140411 77.485146045684814 51.844368599355221 54.047283641993999 75.528536766767502 103.23151607625186 161.11298546753824 59.196536349132657 59.069627339020371 28.786891648545861 490.64585578627884 169.39841651916504 21.990103732794523 34.81596303358674 421.23769981600344 961.75632446818054 16.559267837554216 51.945348672568798 419.48769754171371 20.310033669695258
leaf_count=8728 128 103 118 155 110 101 321 163 141 401 166 123 133 122 173 189 861 94 110 62 1851 176 52 78 2229 4323 94 142 503 98
internal_value=0.00029968 -0.000114473 -0.00170823 1.33909e-05 -0.00044657 -0.00162996 0.000876669 -0.00100457 -8.48941e-05 0.00121771 0.000624345 -0.00127667 0.000669399 -0.000273646 -0.000707812 -0.0017391 0.000804532 0.000379739 -0.000618971 0.00060952 0.000657086 0.0004317 0.000279967 0.000340726 0.000414077 8.29931e-05 -0.00378128 0.000206095 0.00152016 0.000403258
internal_weight=6087.1 2871.35 212.335 2659.01 1735.05 371.198 923.965 301.902 202.29 785.675 501.19 141.111 3215.75 402.918 348.871 178.76 2812.83 170.111 118.266 2211.92 2183.14 1692.49 1523.09 1501.1 1466.29 1045.05 31.3462 1013.7 600.911 181.423
internal_count=22048 10630 221 10409 9366 638 1043 528 365 888 567 224 11418 821 699 362 10597 337 204 9135 9073 7222 7046 6994 6916 4687 222 4465 1462 959
is_linear=0
shrinkage=0.03


Tree=20
num_leaves=31
num_cat=0
split_feature=44 5 62 67 55 78 53 8 72 42 2 56 72 62 76 37 64 81 73 35 55 75 1 64 64 23 75 90 54 37
split_gain=1.34026 0.943278 0.681653 0.686747 0.645922 0.622294 0.565913 0.678651 1.10229 0.605446 0.593283 0.526858 0.641207 0.535538 0.531107 0.49657 0.495391 0.750077 0.575697 0.611581 0.48786 0.77025 0.449111 0.653513 1.21378 0.962996 0.444872 0.439538 0.432901 0.927792
threshold=0.41322564974495996 21.516666666666669 584.95000000000016 20.038690476190478 337.46250000000003 41.650000000000006 0.43817051705170523 71.500000000000014 188.75000000000003 0.098099362444364263 51.166666666666679 171.32251464855153 202.15000000000003 501.95000000000005 1.0000000180025095e-35 10.245814787095759 0.039441275602800106 3.6000000000000001 74.500000000000014 29.446148602590323 284.62500000000006 192.53333333333336 38.126329787234049 0.15108695652173917 0.28724251735518386 8.0555555555555571 185.52500000000003 7.5000000000000009 185.23750000000004 9.0657116781080145
decision_type=8 10 10 2 2 2 8 10 10 10 10 2 10 8 2 10 2 2 2 8 2 10 10 2 2 8 8 2 2 10
left_child=1 2 3 -1 5 6 7 8 10 15 20 12 13 -3 -13 16 18 -18 19 -8 21 -2 23 -9 -25 -26 27 -21 29 -24
right_child=4 11 -4 -5 -6 -7 9 22 -10 -11 -12 14 -14 -15 -16 -17 17 -19 -20 26 -22 -23 28 24 25 -27 -28 -29 -30 -31
leaf_value=0.023513014090347371 -0.0036188582673862156 0.024253846426249916 -0.055458028650776384 -0.059477299159527403 -0.021234901011975012 -0.042107911943451891 -0.050068012811777481 0.00025425610852477295 -0.072120394457599338 -0.0083291210874506128 -0.13411302808874714 -0.044301059968895745 -0.031133883180513591 0.16200761608788572 0.20055730921114445 0.076042930875224485 -0.049726560396992407 0.020199393594374834 -0.083876549039676687 0.17623463410204038 0.010101553598408424 -0.083852681001712573 0.0053504505050519799 -0.093460798004893972 -0.088540524007270208 0.0029415946020555548 0.019948439903537511 -0.044050730286534855 0.051074548276851921 -0.069355907508924466
leaf_weight=60.529415911063552 524.84611381776631 1619.514709584415 32.762203097343445 31.33162440918386 57 32.097238594666123 42.479091055691242 376.10674376226962 82.226154960691929 32.442081214860082 22.415834875777364 83.228231823071837 27.498031411319971 1012.4057889133692 89.665714820846915 92.577311877161264 40.974771425127983 468.4112938400358 39.83507364988327 32.221666043624282 35.730705678462982 21.874013423919678 494.97286501899362 30.700224276632071 31.572098897770047 100.74718445725739 93.828880250453949 102.87051972746849 324.96449596434832 88.170575505122542
leaf_count=446 2702 8571 34 189 57 50 143 1275 121 116 103 181 53 1190 189 174 112 1551 53 172 38 39 2475 116 125 305 169 638 537 182
internal_value=0.000306828 0.000766095 -0.00177886 -0.000434193 -0.000121803 -6.33217e-05 -1.93463e-05 -0.000290011 -0.00106565 0.000591211 -0.000619146 0.000878662 0.000983008 0.00103112 -0.000722791 0.000735665 0.000498886 0.00107426 -0.00044323 5.62412e-05 -0.000430145 -0.000653911 7.87153e-05 -0.000606499 -0.0021867 -0.00091611 0.000673058 -0.000429636 0.000485734 -3.70647e-06
internal_weight=6126 2956.94 124.623 91.861 3169.06 3112.06 3079.97 2134.33 687.093 945.641 604.867 2832.31 2659.42 2631.92 172.894 913.199 820.621 509.386 311.235 271.4 582.451 546.72 1447.23 539.126 163.02 132.319 228.921 135.092 908.108 583.143
internal_count=22106 10853 669 635 11253 11196 11146 8018 3003 3128 2882 10184 9814 9761 370 3012 2838 1663 1175 1122 2779 2741 5015 1821 546 430 979 810 3194 2657
is_linear=0
shrinkage=0.03


Tree=21
num_leaves=31
num_cat=0
split_feature=23 8 82 90 72 72 75 54 45 72 72 2 54 4 60 47 1 28 62 80 7 54 78 54 2 64 60 37 32 75
split_gain=1.2519 0.640172 0.601876 0.55552 1.16782 0.861896 0.826414 0.856683 0.680609 0.516829 0.937607 0.485782 0.570054 0.893754 0.473306 0.44516 0.438583 0.417042 0.427861 0.452057 0.412323 0.421092 0.359829 0.352465 0.345318 0.484364 0.339006 0.337686 0.315727 0.289604
threshold=2.9000000000000004 116.50000000000001 11.250000000000002 16.500000000000004 199.45000000000002 182.54195804195805 188.23333333333338 183.27500000000001 0.31288665388372355 175.07500000000002 176.06666666666669 72.166666666666671 186.35000000000005 56.707142857142863 586.75000000000011 0.23611111111111113 43.817255996691493 15.754310344827589 625.15000000000009 10.350000000000003 7.3840256937436353 260.80000000000007 29.350000000000005 209.33333333333337 6.8333333333333348 0.053222963615762314 667.00000000000011 8.4276562360267651 8.7409287460048901 174.55000000000004
decision_type=10 10 2 2 10 8 10 2 10 10 10 10 2 10 8 10 10 8 10 2 8 2 2 2 10 2 10 10 8 10
left_child=3 20 11 17 5 6 9 -8 23 -5 -11 12 -3 16 -4 -13 -14 28 19 -19 -2 24 27 -7 25 -22 29 -21 -1 -26
right_child=1 2 14 4 -6 8 7 -9 -10 10 -12 15 13 -15 -16 -17 -18 18 -20 22 21 -23 -24 -25 26 -27 -28 -29 -30 -31
leaf_value=0.002136603489391944 -0.11791502800047358 0.042913984955017172 0.06043993655535107 -0.0033441365833042978 -0.045938413363790426 0.0082545438310240495 -0.12613124264183204 -0.0065603432227958874 0.078316551552314123 -0.15371808779818849 -0.038528046982234949 -0.035568403372733079 -0.0072162274738927067 -0.08082578999798988 0.2277102757908904 0.16351006331417614 0.13559493577386592 -0.11737693770471323 0.11393329931455599 -0.0030383879364400102 0.0054219275498283799 -0.012444138757658445 0.035086591717187657 -0.076565700514738308 0.001924338532456189 -0.063758148554736618 -0.0079358490358579382 -0.10887250407378814 0.083778306681035128 0.013505252232392864
leaf_weight=115.19076447375119 25.191333463415504 292.67074170708656 552.31381294503808 368.64262907765806 31.149802684783936 86.415971055626869 101.5351448059082 95.033688724040985 148.11653095297515 20.154667306691408 36.747523864731193 81.236389530822635 92.810429414734244 130.83444773033261 274.57950515300035 246.48477506637573 75.169358933344483 39.199642749503255 27.696528613567352 51.241564782336354 30.823099343106151 95.366919100284576 49.439158884808421 67.297423958778381 1295.6952480003238 28.208410469815135 81.429913938045502 27.319758117198944 110.26990141905844 1438.2101972252131
leaf_count=534 117 1151 2263 2215 33 159 145 109 222 71 209 171 129 165 293 480 116 211 38 265 127 110 256 75 9683 122 87 91 240 2193
internal_value=0.000393433 0.000624582 0.00108101 -0.000403188 -0.000802912 -0.000606641 -0.00124421 -0.00284791 0.000707253 -0.000498488 -0.00313343 0.000551818 3.78972e-05 -0.000882361 0.0016679 0.00147643 0.000565638 0.000504776 -0.000510334 -0.00108557 0.000358205 0.000391132 -0.00021228 -0.000689613 0.00045639 -0.00179597 0.000504238 -0.00146743 0.00138065 0.000561215
internal_weight=6116.48 4741.02 1746.1 1375.45 955.093 923.944 622.114 196.569 301.83 425.545 56.9022 919.206 591.485 298.814 826.893 327.721 167.98 420.357 194.897 167.2 2994.93 2969.73 128 153.713 2874.37 59.0315 2815.34 78.5613 225.461 2733.91
internal_count=22080 17207 4768 4873 3238 3205 2749 254 456 2495 280 2212 1561 410 2556 651 245 1635 861 823 12439 12322 612 234 12212 249 11963 356 774 11876
is_linear=0
shrinkage=0.03


Tree=22
num_leaves=31
num_cat=0
split_feature=19 15 42 18 7 73 68 62 58 41 15 81 61 3 24 81 73 62 48 7 61 63 73 58 5 53 49 60 63 58
split_gain=1.07591 0.813225 0.79966 0.592567 0.605001 1.37804 0.615081 0.842372 0.573626 0.563482 0.78544 0.798033 1.07138 0.721868 1.06617 0.561811 0.58531 0.54276 0.541856 1.11914 0.521385 0.847672 0.50151 0.447031 0.524883 0.419954 0.450552 0.383993 0.382712 0.346907
threshold=10.125000000000002 62.961538461538467 0.76948380566801633 1.5000000000000002 5.3613172337033168 86.500000000000014 11.878041869072407 603.85000000000002 214.67063492063497 3.7184304222347708 48.035714285714292 25.550000000000008 489.98333333333341 60.100000000000009 8.0500000000000025 12.150000000000002 24.500000000000004 472.05000000000007 121.98755477225548 37.839992001227394 606.85000000000014 457.80000000000001 94.500000000000014 278.48333333333341 59.025000000000006 0.37003134439655727 185.27708475734792 667.00000000000011 449.05000000000007 263.79682539682545
decision_type=8 8 10 10 10 2 2 10 2 10 8 2 10 8 8 2 2 10 2 8 8 8 2 2 8 10 2 10 10 2
left_child=1 3 8 28 5 15 25 -8 -3 10 11 18 -13 17 -15 16 -5 -12 22 -20 21 -16 -2 24 -11 27 -27 29 -1 -6
right_child=9 2 -4 4 6 -7 7 -9 -10 23 13 12 -14 14 20 -17 -18 -19 19 -21 -22 -23 -24 -25 -26 26 -28 -29 -30 -31
leaf_value=0.019388295923974119 0.0020044305454449416 0.017813773609142748 -0.087515351884575959 -0.056522417848142839 -0.00090950027492158185 -0.10501663840162932 -0.0018275614680076423 -0.081443471184243721 0.11295504256779293 0.003023678709697517 -0.037372205572767901 -0.028408917233116393 -0.12184558175667093 -0.058609558915994349 0.0072663061845336325 0.027748773384315556 0.0038925168457080586 0.037519768064972134 -0.090134301469419462 0.0035402065274971971 0.046061620555766722 -0.060056176626468512 -0.096816903303254515 0.092442418613606581 -0.13047403526122262 0.0079780830804752605 -0.0066509794768779785 -0.02019353502882942 0.1717868018970819 0.080907177321288354
leaf_weight=137.70355163514614 161.66354640945792 837.24603748321533 42.432567400857806 15.357851907610891 1289.0814599934965 25.335666835308075 79.002456605434418 37.968502581119537 539.29359862394631 225.60686904191971 94.431541841477156 35.010733798146248 35.014191210269928 29.656000817194581 64.421867176890373 50.570506559684873 18.457732800394297 141.17987883836031 64.712469052523375 38.172393336892128 53.396108001470566 56.612360812723637 27.914287805557251 72.952135324478149 25.22320275567472 1456.944043237716 62.672809336334467 67.636213421821594 177.18117997609079 149.06587994098663
leaf_count=967 685 3442 106 159 6655 33 295 39 603 870 394 180 46 66 438 298 71 184 186 131 126 138 39 82 90 5053 123 73 435 163
internal_value=0.000285952 0.000475099 0.0010823 0.000233312 0.000112783 -0.00206682 0.000189521 -0.00193579 0.00120801 -0.000551296 -0.000977319 -0.00200915 -0.00486501 -0.00012405 -0.00142646 -0.000194782 -0.00313712 0.00100536 -0.00131111 -0.00305276 -0.00051657 -0.00160277 -0.000354853 0.000503955 -9.99907e-05 0.000272305 0.000623974 -8.27736e-05 0.00147383 2.18355e-05
internal_weight=6111.92 4985.95 1418.97 3566.98 3252.09 109.722 3142.37 116.971 1376.54 1125.97 802.185 362.488 70.0249 439.698 204.086 84.3861 33.8156 235.611 292.463 102.885 174.43 121.034 189.578 323.782 250.83 3025.4 1519.62 1505.78 314.885 1438.15
internal_count=22170 18515 4151 14364 12962 561 12401 334 4045 3655 2613 1267 226 1346 768 528 230 578 1041 317 702 576 724 1042 960 12067 5176 6891 1402 6818
is_linear=0
shrinkage=0.03


Tree=23
num_leaves=31
num_cat=0
split_feature=23 27 62 2 15 3 28 62 67 72 75 61 30 68 43 17 51 70 44 60 72 62 42 54 3 55 49 48 8 70
split_gain=1.03899 0.535591 0.718682 0.86932 0.622149 0.492448 0.452086 0.474347 0.686231 0.749698 0.531996 1.19865 0.704986 0.497214 0.962235 0.525186 0.78473 0.46297 0.401663 0.602151 0.454682 0.428675 0.397625 0.527971 0.998143 1.06976 0.534831 0.504978 0.651732 0.707705
threshold=12.788888888888891 177.1750789126904 591.85000000000014 63.416666666666679 63.236111111111121 37.45000000000001 24.735087719298249 472.60000000000008 30.411768056504901 175.26785714285717 176.02500000000003 498.90000000000003 10.814376381658706 3.7404304815019072 1.0000000180025095e-35 6.5000000000000009 9.3031883349974809 35.679178067098817 0.023913913723098042 586.75000000000011 193.07500000000002 587.30000000000007 0.44912747707778772 194.9041666666667 53.70000000000001 281.49722222222232 161.14771737923624 137.38656112739753 72.500000000000014 32.227977448907687
decision_type=10 10 8 10 10 10 10 10 2 10 10 8 10 2 8 10 2 2 10 10 8 10 10 2 10 2 2 2 10 2
left_child=6 4 3 5 22 -3 7 10 9 -9 -1 12 17 15 -15 16 -10 -12 21 20 -20 -6 23 26 27 -26 -2 28 -25 -30
right_child=1 2 -4 -5 18 -7 -8 8 13 -11 11 -13 -14 14 -16 -17 -18 -19 19 -21 -22 -23 -24 24 25 -27 -28 -29 29 -31
leaf_value=-0.001631066748443226 0.0040263825095189082 -0.068614836117828967 0.0050597397879568245 -0.095653925465263717 0.10395811320183264 0.044942647546818745 -0.051690554904911319 0.0010808139588193999 0.032656577128291939 -0.047356837981980184 -0.097224350492971526 0.018542650575058755 -0.032171848219105868 -0.046353344515740545 0.03973833302693746 0.059849798669518756 -0.034278241341528203 -0.12584232804715506 0.081349603486976951 0.24933027012714593 -0.026850518539601676 -0.062995455053442811 0.08569177431726184 0.045498357160012999 -0.011947189489551074 -0.052099299789343058 0.041228740109697223 0.033043274151874379 -0.055530094731601094 -0.0044071219929443474
leaf_weight=812.05712460540235 1416.6301559135318 32.834456797689199 59.52912650257349 32.444332981482148 65.43134954944253 44.886340595781803 43.682198666036129 95.204182436689734 484.064831584692 142.87756174057722 56.308792650699615 82.460136234760284 78.303789854049683 78.110565099865198 99.769058058038354 184.19288344308734 104.09070837497711 75.147736549377441 315.08841481991112 275.22674697637558 32.43373991549015 52.842512905597687 698.746378345415 62.647444263100624 68.917725538834929 64.52440619468689 233.93541245721281 163.03718440979719 52.758274096995592 113.21035137027502
leaf_count=6153 6894 100 66 102 169 157 158 201 736 196 99 166 135 125 142 249 131 127 1258 294 73 58 2895 141 142 67 580 252 90 229
internal_value=0.000262722 0.000569725 -0.00107313 -0.00250037 0.00064711 -0.000749806 -0.000234704 -0.000176376 0.000239536 -0.00119753 -0.00062375 -0.00171912 -0.00291989 0.000600476 -0.000826105 0.000929675 0.000490042 -0.00425439 0.0014217 0.00172565 0.000891455 -0.000179745 0.000446996 0.000246795 -0.000581022 -0.00281139 0.000510341 0.000184123 -0.000724555 -0.00170651
internal_weight=6121.39 3785.12 169.694 110.165 3615.43 77.7208 2336.27 2292.59 1188.31 238.082 1104.28 292.22 209.76 950.228 177.88 772.348 588.156 131.457 741.023 622.749 347.522 118.274 2874.41 2175.66 525.095 133.442 1650.57 391.653 228.616 165.969
internal_count=22185 13567 425 359 13142 257 8618 8460 1780 397 6680 527 361 1383 267 1116 867 226 1852 1625 1331 227 11290 8395 921 209 7474 712 460 319
is_linear=0
shrinkage=0.03


Tree=24
num_leaves=31
num_cat=0
split_feature=19 90 47 89 40 15 62 41 58 43 37 22 90 90 29 60 13 3 22 48 78 73 48 29 53 3 0 85 82 72
split_gain=0.901114 0.628198 1.13692 0.684502 0.731393 0.813646 0.671837 0.616039 0.617253 0.543672 0.563563 0.70813 0.512336 0.764923 0.782279 0.670008 0.502751 0.479148 0.449079 0.943522 0.429236 1.28186 0.40687 0.606745 0.393053 0.36852 0.347191 0.348534 0.344287 0.653353
threshold=10.125000000000002 65.500000000000014 0.21111111111111114 2024.5000000000002 36.120433624330722 95.708333333333357 523.15000000000009 3.6844476055002375 217.81666666666669 0.71323250393017845 9.3494186046511647 142.88451012588948 49.500000000000007 54.500000000000007 4.2880184331797242 662.85000000000014 3.5277777777777781 36.45000000000001 145.3198014018692 125.16311923550863 33.95000000000001 80.500000000000014 133.95105675539821 15.4134295227525 0.45455780964806553 36.100000000000009 3.5000000000000004 1.5000000000000002 10.050000000000002 171.87500000000003
decision_type=8 2 10 2 10 10 10 10 2 10 8 10 2 2 8 10 10 10 8 2 2 2 2 10 10 10 2 2 2 10
left_child=1 3 -3 6 5 9 17 12 24 10 11 -5 15 -14 -15 20 -13 25 19 -4 -2 -22 23 -12 28 -1 27 -19 -9 -30
right_child=7 2 18 4 -6 -7 -8 8 -10 -11 22 16 13 14 -16 -17 -18 26 -20 -21 21 -23 -24 -25 -26 -27 -28 -29 29 -31
leaf_value=-0.00039898599864787162 0.0024115198384956171 -0.074637663885870259 0.037998969106646172 0.055083834256038897 0.10246266908602714 -0.076370538557580026 -0.11171138654229827 0.0069419499395098148 0.092296721591344708 -0.0035424466847950417 0.032907132187629487 0.00032206063496243364 -0.090746163337402777 -0.044132647093350547 0.0089842763000444401 -0.068527083103993511 -0.067741102889019952 0.087717494015731534 0.13360296754995496 -0.045553188880378667 0.0015244550321643802 -0.1339210698300389 0.12479106311274177 -0.017002774141512241 0.0090830647701708057 -0.05649308854021623 0.022034733765750998 -0.11131391342967217 -0.040679394099872417 -0.13766579347694125
leaf_weight=1319.3660900183022 416.48996505327523 71.72302357852459 56.39516169205308 228.19838207960129 270.19838207960129 91.685025811195374 19.165927886962891 52.097648413851857 178.62349706143141 124.14643716812134 197.78265058994293 157.52753871679306 46.86678040958941 50.813753988593817 79.872639738023281 33.17480206489563 88.034629940986633 25.794987915083766 77.794056221842766 40.596017308533192 65.474123783409595 25.539091110229492 548.15583473443985 105.55903613567352 47.251569353044033 20.663590306416154 1515.7344453297555 29.10445973649621 69.883340680971742 34.187774838879704
leaf_count=7443 1580 199 197 261 303 102 35 249 232 139 218 173 176 133 160 34 100 169 134 92 326 32 602 120 218 114 7828 237 366 110
internal_value=0.000272717 0.00044414 -0.00102963 0.000520968 0.000979268 0.000725875 0.000237398 -0.000504055 0.000468455 0.000899609 0.00107749 0.000247365 -0.00102129 -0.00241508 -0.00121613 -0.000559968 -0.00086911 0.000275113 0.000280339 -0.00107723 -0.000285592 -0.00214001 0.00153853 0.000654031 -0.000660398 -0.000141568 0.00063048 -0.00169329 -0.00138473 -0.00237402
internal_weight=6087.9 4987.63 246.508 4741.12 1811.29 1541.09 2929.83 1100.27 382.044 1449.4 1325.26 473.761 718.231 177.553 130.686 540.678 245.562 2910.66 174.785 96.9912 507.503 91.0132 851.498 303.342 203.42 1340.03 1570.63 54.8994 156.169 104.071
internal_count=22082 18466 622 17844 2018 1715 15826 3616 1175 1613 1474 534 2441 469 293 1972 273 15791 423 289 1938 358 940 338 943 7557 8234 406 725 476
is_linear=0
shrinkage=0.03


Tree=25
num_leaves=31
num_cat=0
split_feature=6 27 75 45 49 55 19 68 5 61 52 53 69 55 5 32 63 62 51 1 55 0 72 31 73 56 31 0 68 82
split_gain=1.05143 0.914856 0.68242 0.727637 1.20208 0.69449 0.721018 0.809213 0.551834 0.494358 0.632426 0.423576 0.758732 0.64454 0.441928 0.427089 0.809147 0.422469 0.725473 0.53105 0.521285 0.453629 0.760648 0.417632 0.406187 0.408943 0.589341 0.366125 0.364676 0.313544
threshold=52.657793319357573 177.1750789126904 194.67500000000004 0.20530382859149984 150.76295408279216 304.72857142857146 10.41666666666667 3.9012195121951199 43.452272727272735 507.75000000000006 0.30652387419065402 0.49007632019051739 22.500000000000004 297.90416666666675 53.612500000000004 7.9232609495767399 492.10000000000008 619.80000000000007 8.797998091136721 48.335238095238104 189.91111111111113 13.500000000000002 174.22500000000002 14.298990971853426 38.500000000000007 136.1841568631381 5.5514406552754822 183.50000000000003 -2.0749149659863941 2.7000000000000006
decision_type=10 10 10 10 2 2 10 2 10 8 10 8 2 2 8 8 10 10 2 10 2 2 8 10 2 2 10 2 2 2
left_child=2 8 5 4 -4 6 11 9 -2 10 -8 13 14 27 15 16 -13 20 19 -19 21 22 -10 -3 25 26 -17 29 -12 -1
right_child=1 23 3 -5 -6 -7 7 -9 17 -11 28 12 -14 -15 -16 24 -18 18 -20 -21 -22 -23 -24 -25 -26 -27 -28 -29 -30 -31
leaf_value=0.076162747807528783 -0.027014712612827129 -0.07275476116045354 -0.043041257357770514 0.0029552534781037685 0.00066929817485851376 0.058595248781155608 -0.14583579448652148 -0.096388748753812759 -0.0035475616847731217 0.022328933846918933 -0.094416990390581795 0.0026874071517415119 -0.083164916485763685 -0.058566286082217839 -0.022211738687423193 0.0015044398081403676 -0.14963212701515732 -0.022331454572977073 -0.037747667287738595 0.26016394443171109 0.12303225326116607 0.055213581316228777 -0.14938483376509734 -0.022454415356217623 0.076607115253426186 0.072069829529779625 -0.064901131223562072 0.046688675752358549 0.0088105728270656773 -0.0011042983761310409
leaf_weight=90.203792756423354 40.294973041862249 41.366105644032359 123.84375 95.015625 82 190.20943200588226 30.50740908831358 36.480240883305669 43.114236876368523 56.567690223455429 30.0345728546381 79.767585163936019 25.10425828397274 32.730705678462982 51.559972228482366 115.5023135971278 23.095340490341187 103.4299139380455 138.87401032447815 183.66771084070206 708.83093693479896 240.40419057011604 11.866342727094887 48.846027720719576 333.14949374273419 90.902449836954474 24.5019127484411 133.74487705528736 53.432482626289129 2888.399836378172
leaf_count=301 88 126 177 96 82 203 196 150 456 80 144 621 60 35 203 833 37 109 143 188 1316 1409 115 101 740 315 148 294 302 13140
internal_value=0.000223221 0.000895551 -5.69206e-06 -0.00138439 -0.00238314 9.13894e-05 8.88342e-06 -0.0017119 0.00107579 -0.000829452 -0.00196179 0.00010091 0.000744325 -5.13992e-05 0.000925691 0.00113306 -0.000639692 0.00117382 0.000380988 0.00124084 0.00150942 0.000448629 -0.00198661 -0.00202193 0.0014569 0.000486889 -0.000530394 -6.69473e-06 -0.000587319 -7.58645e-05
internal_weight=6147.45 1560.69 4586.75 300.859 205.844 4285.89 4095.68 207.022 1470.48 170.542 113.974 3888.66 743.583 3145.08 718.479 666.919 102.863 1430.19 425.972 287.098 1004.22 295.385 54.9806 90.2121 564.056 230.907 140.004 3112.35 83.4671 2978.6
internal_count=22208 4051 18157 355 259 17802 17599 872 3824 722 642 16727 2957 13770 2897 2694 658 3736 440 297 3296 1980 571 227 2036 1296 981 13735 446 13441
is_linear=0
shrinkage=0.03


Tree=26
num_leaves=31
num_cat=0
split_feature=44 62 68 60 72 34 15 51 22 55 4 74 60 43 55 73 3 52 65 35 15 27 58 68 80 4 0 70 7 1
split_gain=0.799808 0.868025 0.804125 0.722689 0.644209 0.60041 0.499728 0.497247 0.48507 0.57827 0.474374 0.466514 0.969576 0.728586 0.708905 0.6636 0.640719 0.562995 0.697405 0.906905 0.520296 0.439327 0.45968 0.4164 0.678406 0.407345 0.419273 0.781061 0.387043 0.458395
threshold=0.41322564974495996 651.85000000000002 2.4558353462157823 625.15000000000009 199.45000000000002 11.541958041958043 63.654761904761912 7.7229446303980627 107.21835572592953 235.97500000000005 49.050000000000004 -4.6249999999999991 662.85000000000014 0.5133038348082597 287.32777777777784 109.50000000000001 59.900000000000006 0.38161452214774377 5.5000000000000009 38.010372840094213 21.516666666666669 177.1750789126904 230.25000000000003 11.878041869072407 15.250000000000002 43.105555555555561 114.50000000000001 41.437885802469147 23.292166052892334 38.5207843137255
decision_type=8 10 2 8 10 8 10 2 10 2 10 8 8 10 2 2 10 10 10 10 8 10 2 2 2 10 2 2 8 8
left_child=1 3 -3 5 6 10 7 25 9 -7 -1 12 13 15 16 17 -13 -9 19 20 -19 22 23 -10 -25 26 -2 -28 -22 -30
right_child=4 2 -4 -5 -6 8 -8 11 21 -11 -12 14 -14 -15 -16 -17 -18 18 -20 -21 28 -23 -24 24 -26 -27 27 -29 29 -31
leaf_value=0.022211314424740721 0.0019032053498529722 0.0036718039402495527 -0.026732072102796971 0.16267264252730657 -0.03745422292764853 -0.00030296889781769029 0.029290451226962763 0.0038654476535481173 0.037674075635822715 -0.054914660958065763 -0.098866506491721948 -0.0012836066950838365 -0.065044860797101089 -0.044341514110761961 0.035374783853743715 -0.10816780991581523 -0.072082383023622965 -0.062235833841189254 0.0077350507506622262 -0.11097456758835866 0.013887973058740606 -0.0091912015829760212 0.20630588170998423 -0.10772412112815845 0.013979962109400708 0.033525368232711086 0.00017596097104783049 -0.057636429074444169 -0.030658084352332325 0.0074942111406858958
leaf_weight=29.002384899184108 274.27862861379981 148.98581755161285 108.08030980825424 323.73270437866449 114.54461250081658 217.26845206879079 367.84158664755523 478.75924981757998 1717.8055696114898 42.230498000979424 29.292895298451185 757.62936491705477 62.565942339599133 46.629496494308114 190.41573148965836 48.280072093009949 54.457409918308258 36.959623485803604 134.17375471442938 67.255210248753428 66.135653432458639 60.980311565101147 180.00498785078526 43.402173865586519 51.905633069574833 231.18689827993512 67.657184965908527 47.884164877235889 71.928167730569839 74.584560828283429
leaf_count=108 2160 156 112 364 168 1573 969 1387 7675 62 92 3340 71 145 203 73 165 128 297 193 179 188 214 156 198 1186 192 114 178 210
internal_value=0.000137827 0.000493644 -0.00116895 0.000652571 -0.000191245 0.000470622 -0.000108671 -0.000249554 0.000546803 -0.000673416 -0.00251105 -0.000471014 -0.000901118 -0.000677372 -4.10713e-06 -0.000500385 -0.000390791 -0.000320217 -0.00107964 -0.00184555 -0.00100306 0.000701209 0.000778228 0.000633893 -0.00128707 0.000495246 -9.70172e-05 -0.00160504 -0.00042342 -0.00128107
internal_weight=6145.86 2952.69 257.066 2695.63 3193.17 2371.89 3078.62 2710.78 2313.6 259.499 58.2953 2089.77 1087.27 1024.71 1002.5 978.076 812.087 929.796 451.037 316.863 249.608 2054.1 1993.12 1813.11 95.3078 621.007 389.82 115.541 212.648 146.513
internal_count=22256 10898 268 10630 11358 10266 11190 10221 10066 1635 200 6569 2861 2790 3708 2645 3505 2572 1185 888 695 8431 8243 8029 354 3652 2466 306 567 388
is_linear=0
shrinkage=0.03


Tree=27
num_leaves=31
num_cat=0
split_feature=90 44 52 70 3 46 7 65 27 73 28 39 25 62 41 35 85 73 27 62 68 16 62 36 55 3 1 26 80 4
split_gain=0.777687 0.976635 0.726634 0.782704 0.638257 0.622031 0.560021 0.577169 0.824324 0.730857 0.55236 0.587633 0.538935 1.41064 0.533103 0.574699 0.48819 0.769458 0.455245 0.454427 0.913409 0.950279 0.551647 0.684775 0.450205 0.449212 0.646801 0.42598 0.442787 0.716228
threshold=65.500000000000014 0.47156334231805935 0.37026805811336211 39.375353107344644 32.63333333333334 0.26302224633749327 51.302436505990372 5.5000000000000009 160.22399203583873 71.500000000000014 2.0555555555555558 11.35416666666667 22.660984512882308 498.95000000000005 1.4037037037037041 36.673944687045129 2.5000000000000004 92.500000000000014 43.080255357957149 642.85000000000014 -3.265876745435015 5.5000000000000009 445.75000000000006 1.6770833333333337 295.42500000000007 73.100000000000009 59.429971988795522 14.315852923447862 4.5000000000000009 33.414285714285718
decision_type=2 10 10 2 10 10 10 10 10 2 8 8 10 10 8 10 2 2 10 10 2 2 8 8 2 10 10 10 2 8
left_child=4 -2 3 -3 6 19 7 8 14 -10 -7 -12 24 -14 -1 27 -9 18 -18 22 -21 -22 -6 -24 -13 26 -25 28 29 -16
right_child=1 2 -4 -5 5 10 -8 16 9 -11 11 12 13 -15 15 -17 17 -19 -20 20 21 -23 23 25 -26 -27 -28 -29 -30 -31
leaf_value=0.040730305728115014 0.00077218216394896004 -0.069748260112017416 -0.0058651470380890382 -0.1046627006781739 0.0031188300282403558 -0.12416538218784624 -0.084567376182767148 0.01921181751405366 -0.0020532334815345265 -0.066155516848222462 -0.095900511296970289 0.00046228988983363636 0.0057316265061440582 -0.092117963692688209 -0.0091676907587296512 0.0049363547611479403 -0.087465593458137258 -0.10564733925018156 0.016298270328486131 0.12736650898678625 0.0766236067131673 -0.031691912974280576 -0.022561911568952001 0.047488741622290345 0.097605508075773673 0.14995333031642133 -0.060956257113471315 -0.054581204864208747 -0.0044490602231626927 -0.10933840046414084
leaf_weight=114.32148195244372 181.8527352809906 35.681911498308182 43.271268244832754 37.278540689498186 871.50222446024418 32.818545183166862 23.950178386643529 360.07966221682727 46.665536982938647 39.273890227079391 29.638457952067256 575.06831936910748 68.150791643187404 32.974754333496094 39.410287065431476 197.94379616901278 52.829106070101261 32.811138063669205 124.73948559165001 97.461411356925964 114.87401032447815 142.66771084070206 124.5752352103591 1271.1294701192528 91.111807227134705 286.30486583895981 67.91265301220119 23.69046881236136 886.40335654094815 18.570674700662494
leaf_count=481 453 102 97 98 5833 177 54 1272 188 56 97 2300 321 38 224 1120 187 44 416 102 119 147 271 2860 94 423 145 54 4228 136
internal_value=0.000158499 -0.00133314 -0.00346829 -0.00527506 0.000235818 0.000462297 -0.000203847 -0.000146239 -0.00048081 -0.00330777 -0.000263818 -0.000104333 5.82724e-05 -0.00197133 -0.000288624 -0.000480699 0.000654515 -0.000492205 0.000295999 0.000664743 -0.00034176 -0.00127732 0.000801126 0.00110811 0.000368858 0.00127245 0.00104042 -0.000781865 -0.000679383 -0.00319716
internal_weight=6064.96 298.084 116.232 72.9605 5766.88 3806.19 1960.69 1936.74 1366.28 85.9394 829.763 796.944 767.306 101.126 1280.34 1166.02 570.459 210.38 177.569 2976.43 355.003 257.542 2621.42 1749.92 666.18 1625.35 1339.04 968.075 944.384 57.981
internal_count=22137 750 297 200 21387 12927 8460 8406 6487 244 3027 2850 2753 359 6243 5762 1919 647 603 9900 368 266 9532 3699 2394 3428 3005 4642 4588 360
is_linear=0
shrinkage=0.03


Tree=28
num_leaves=31
num_cat=0
split_feature=47 0 1 4 37 2 37 33 24 80 70 55 62 78 55 54 57 61 90 58 45 32 6 7 4 63 43 0 1 10
split_gain=0.909228 0.75468 0.542503 1.27517 0.745912 0.507998 0.527544 0.565412 0.534712 0.571251 0.532601 0.543792 0.470305 0.608581 0.443494 0.931813 0.641461 0.425009 0.41361 0.603617 0.427777 0.422067 0.488652 0.835739 0.462727 0.387488 0.384341 0.414766 0.535589 0.628268
threshold=0.58571428571428574 4.5000000000000009 39.336158192090402 57.050000000000004 10.505725190839696 56.833333333333336 10.089572192513371 0.76388888888888895 2.2678571428571432 11.750000000000002 40.313274793388437 233.90000000000003 603.85000000000002 28.550000000000004 278.40833333333336 209.33333333333337 9.5425354485597325 683.85000000000014 66.500000000000014 230.25000000000003 0.43763412017167386 7.2801673640167373 66.008584795409348 43.483157612468268 42.105555555555561 569.30000000000007 0.74660188203456557 8.5000000000000018 53.544466403162062 0.23611111111111113
decision_type=10 2 10 10 10 10 10 8 8 2 2 2 10 2 2 2 2 10 2 2 8 10 10 10 10 8 10 2 10 10
left_child=2 12 3 4 5 6 7 8 9 -1 14 -12 13 -2 15 16 -9 18 20 -20 21 24 26 -24 -4 -3 27 28 29 -23
right_child=1 25 17 -5 -6 -7 -8 10 -10 -11 11 -13 -14 -15 -16 -17 -18 -19 19 -21 -22 22 23 -25 -26 -27 -28 -29 -30 -31
leaf_value=-0.14345684977498571 -0.075915211394946877 0.023308455332798496 -0.057653387539423562 -0.068939584655640665 0.04162554926192745 0.019280269060741373 -0.065577001081932873 -0.0043672260509194467 0.0052342822968934975 -0.032626238467050372 -0.044469088393322059 -0.033654657473860913 -0.064521115089589978 0.022613619888451657 0.0050776515907006142 -0.048900056743507704 -0.1114662246521069 0.33620621870339157 0.0010864379714241972 -0.086873322228798289 0.02869871256403167 -0.1184104803891283 -0.072749485101590766 -0.0043952200236955716 0.07468568618584083 0.13330690701929584 -0.090196506535938151 0.0034738609037154567 0.041614460292215903 -0.055019569737863164
leaf_weight=18.021028585731983 21.027826340869069 972.82538402453065 47.547649715095758 48.306984415277839 196.68671377003193 178.16678665950894 51.599444340914488 834.1331083625555 484.22305241413414 36.679195074364543 110.37808517552912 51.117118895053864 19.968502581119537 50.54249544814229 148.953577876091 87.161687847226858 28.364807078614831 52.762203097343445 56.486534528434277 45.461411356925964 1091.7312629837543 33.522520881146193 37.948709834367037 46.283427070826292 152.67094139382243 393.43883819133043 34.984444465488195 730.21907342970371 35.042545245960355 26.891997111961246
leaf_count=107 134 4439 303 98 546 516 127 4229 2001 189 470 62 21 304 166 172 87 54 180 50 3625 140 108 126 875 431 87 2329 114 86
internal_value=0.000195794 0.000849494 -8.60881e-06 -0.000340308 -0.000234476 -0.000405702 -0.000553124 -0.000466259 0.000346542 -0.00243836 -0.000813877 -0.00241749 -0.0017744 -0.000607777 -0.000576164 -0.000814914 -0.000513985 0.000306768 0.000246036 -0.00161348 0.00033147 -7.36485e-05 -0.000338999 -0.00250581 0.00117408 0.00102646 -0.000124273 7.98845e-06 -0.00184108 -0.00353184
internal_weight=6123.15 1457.8 4665.34 2273.79 2225.48 2028.8 1850.63 1799.03 538.923 54.7002 1260.11 161.495 91.5388 71.5703 1098.61 949.66 862.498 2391.55 2338.79 101.948 2236.84 1145.11 944.893 84.2321 200.219 1366.26 860.661 825.676 95.4571 60.4145
internal_count=22176 5329 16847 8770 8672 8126 7610 7483 2297 296 5186 532 459 438 4654 4488 4316 8077 8023 230 7793 4168 2990 234 1178 4870 2756 2669 340 226
is_linear=0
shrinkage=0.03


Tree=29
num_leaves=31
num_cat=0
split_feature=44 72 1 70 1 69 37 72 34 72 82 49 80 61 55 11 37 22 61 3 75 82 43 23 62 33 63 63 2 16
split_gain=0.828266 0.604099 0.505923 0.853881 0.782802 0.630886 0.596123 0.538796 0.965881 0.515027 0.675734 0.45657 0.712405 0.452835 0.426688 0.421274 0.407318 0.493669 0.883398 0.394258 0.382411 0.376601 0.364497 0.829187 0.571206 0.509861 0.416625 0.543617 0.397975 0.361934
threshold=0.40560125342734049 199.45000000000002 38.126329787234049 40.452221545952533 37.899367088607598 4.5000000000000009 9.9585481099656388 189.85000000000005 16.26136363636364 192.87500000000003 3.6500000000000008 177.02223589595903 14.15 417.35000000000008 337.46250000000003 15.105555555555556 9.4405882352941202 59.761904761904766 459.55000000000007 78.100000000000009 188.40833333333336 10.950000000000001 0.68957644465438528 35.707142857142863 625.15000000000009 1.0500000000000003 641.20000000000016 622.40000000000009 91.500000000000014 3.5000000000000004
decision_type=8 10 10 2 10 2 10 10 10 10 2 2 2 8 2 10 10 8 10 10 10 2 10 10 10 10 8 10 10 2
left_child=11 2 3 4 6 29 7 16 -9 10 -4 13 -13 20 -12 -8 17 18 -2 22 -1 -7 26 24 25 -24 27 28 -15 -5
right_child=1 -3 9 5 -6 21 15 8 -10 -11 14 12 -14 19 -16 -17 -18 -19 -20 -21 -22 -23 23 -25 -26 -27 -28 -29 -30 -31
leaf_value=-0.00013969974772864546 0.001222064428166214 -0.030894816343989093 -0.053355846315662057 -0.038041481403174898 -0.09413276782216265 -0.048160314385937916 0.040366040468240612 -0.017485853442119156 0.0027545768798669058 0.095010416139718307 0.0054692919047344014 -0.087728994249995626 0.0055580764942490422 0.046898249794170031 -0.10298729205803679 -0.0027846460893104384 -0.06240137223195838 0.0021496174552071332 -0.083374623952087917 0.15914239379497208 -0.13107572043763702 -0.09730982991072909 0.048335043170682476 -0.065053323617200121 -0.023187844245445927 -0.087490611339860011 0.20915017530678121 -0.090970037167979148 -0.1151544373641306 0.0077860076238047294
leaf_weight=419.67370859161019 77.781751720234752 103.90918939933181 61.121311455965042 33.718724720180035 26.9746785890311 39.647004222497344 155.9904263522476 77.237928628921509 74.674749583005905 167.17409241199493 1276.5810134988278 58.964224986732006 83.104183405637741 1358.8513437025249 28 47.50073373503983 69.318148145452142 831.09694454073906 44.512680225074291 299.87336774170399 24.609085321426392 36.132870826870203 235.40757172368467 40.727044260129333 69.143304646015167 35.89644749648869 203.74206324666739 49.968502581119537 30.282715169712901 35.084448300302029
leaf_count=3712 595 159 181 145 62 104 410 98 106 209 4871 120 167 4917 28 114 199 3730 160 451 39 124 704 103 71 92 230 51 60 97
internal_value=0.000207912 -0.000126253 -5.00458e-05 -0.000432153 -0.000205399 -0.00261925 -0.000104471 -0.000364435 -0.0020254 0.000336278 0.000143264 0.000573711 -0.00107974 0.000658928 0.000288618 0.00139058 -0.000115979 4.64892e-05 -0.00172516 0.000826643 -0.000218214 -0.0044892 0.000675588 -0.000159864 0.000328423 0.000949381 0.00086941 0.000688672 0.000799817 -0.000524886
internal_weight=6096.7 3186.46 3082.55 1549.67 1405.09 144.583 1378.11 1174.62 151.913 1532.88 1365.7 2910.24 142.068 2768.18 1304.58 203.491 1022.71 953.391 122.294 2323.89 444.283 75.7799 2024.02 381.174 340.447 271.304 1642.84 1439.1 1389.13 68.8032
internal_count=22109 11392 11233 5944 5474 470 5412 4888 204 5289 5080 10717 287 10430 4899 524 4684 4485 755 6679 3751 228 6228 970 867 796 5258 5028 4977 242
is_linear=0
shrinkage=0.03


Tree=30
num_leaves=31
num_cat=0
split_feature=5 8 82 78 58 48 8 52 62 78 49 3 2 53 61 73 54 45 61 80 80 54 46 19 19 54 75 89 52 23
split_gain=0.781704 0.82233 0.574432 0.605558 0.886287 0.595277 0.573377 1.03368 0.575943 0.543759 1.02108 0.534798 0.549209 0.527836 0.56536 0.532532 0.483602 0.704565 0.461623 0.502457 0.736762 0.585198 0.569528 0.454764 0.38272 0.910092 0.521745 0.419856 0.864309 1.13966
threshold=47.112500000000004 180.50000000000003 6.2500000000000009 30.750000000000004 237.37500000000003 200.0380698581898 83.500000000000014 0.32864266371604117 489.95000000000005 37.750000000000007 87.82621574007338 47.45000000000001 17.416666666666668 0.067889900989745552 453.05000000000007 111.50000000000001 211.95000000000005 0.24756455121535992 653.95000000000016 2.4500000000000006 3.4500000000000006 260.80000000000007 0.32449982449982456 2.7750000000000004 10.41666666666667 180.57500000000002 195.80000000000004 2024.5000000000002 0.46893931702034053 24.050000000000004
decision_type=10 10 2 2 2 2 10 8 8 2 2 8 10 10 8 2 2 8 8 2 2 2 8 10 10 2 10 2 10 8
left_child=1 9 3 -2 23 6 7 -4 13 18 -11 12 -12 14 -8 -15 -10 -18 19 -1 22 24 -21 -5 26 -26 27 -22 -29 -30
right_child=2 -3 5 4 -6 -7 8 -9 16 10 11 -13 -14 15 -16 -17 17 -19 -20 20 21 -23 -24 -25 25 -27 -28 28 29 -31
leaf_value=0.069775486643276305 0.061201009649056545 -0.075424170756516487 -0.084071584215820797 -0.11986008549891405 -0.088122904213712841 -0.047904094411022759 -0.0076305123022369515 0.0086180186974901523 0.16077479996689628 -0.11865025429356495 -0.036312695603575175 -0.016323186711817088 0.011340871766357612 0.040259236103430948 -0.11809593374051215 -0.09104945291559377 -0.021395829588337981 0.13556758476703326 0.017888984399183305 -0.063318821444631912 -0.00031833762235365269 -0.032979830362067593 -0.068650644798951846 0.11732749228053076 -0.021891706495439169 -0.074736978749981281 -0.055930911149121645 0.030160531160920417 0.057011070608886098 -0.058622909573938946
leaf_weight=107.28281707130373 215.47007539868355 44.107490811496973 38.222459282726049 49.62664595618844 69.185864150524139 55.153824247419834 20.584421729668978 65.801041733473539 445.00731525197625 35.312675412744284 34.981663629412651 34.15477079898119 120.66949255019426 648.24639867059886 11.226184222847222 19.390036046504974 111.45600897073746 316.87302486598492 212.05965468287468 22.861317997798324 2353.0840057749301 61.239363163709641 24.659925894811749 57.439638938754797 122.84304948709905 42.412026986479759 37 534.98729771375656 90.52753871679306 83.114939749240875
leaf_count=474 455 84 174 115 71 106 244 260 549 134 121 118 418 3409 49 30 124 348 313 111 12402 76 108 180 600 118 37 614 106 99
internal_value=0.000177987 -7.09992e-05 0.000642236 -0.000394439 -0.00169381 0.000876795 0.000978053 -0.00117072 0.00112083 -2.46154e-05 -0.00145269 -0.000567767 0.000185873 0.000478346 -0.00323825 0.000660008 0.00163425 0.00091147 6.2829e-05 -2.01563e-05 -8.4713e-05 -3.11503e-05 -0.00375477 2.3524e-05 2.37911e-05 -0.00137848 9.8995e-05 0.00014231 0.000781931 -0.00105278
internal_weight=6084.98 3961.3 2123.68 391.722 176.252 1731.96 1676.81 104.024 1572.78 3917.19 225.119 189.806 155.651 699.447 31.8106 667.636 873.336 428.329 3692.07 3480.01 3372.73 3325.21 47.5212 107.066 3263.97 165.255 3098.71 3061.71 708.63 173.642
internal_count=22047 15933 6114 821 366 5293 5187 434 4753 15849 791 657 539 3732 293 3439 1021 472 15058 14745 14271 14052 219 295 13976 718 13258 13221 819 205
is_linear=0
shrinkage=0.03


Tree=31
num_leaves=31
num_cat=0
split_feature=90 52 22 15 39 61 42 62 34 33 38 19 68 53 0 39 22 70 54 33 75 74 65 22 1 0 60 75 55 87
split_gain=0.463591 0.832061 1.54181 0.506769 0.483939 0.505949 0.479262 0.630519 0.526972 0.980773 0.443652 0.400784 0.590125 0.389187 0.468419 0.667902 0.509215 0.436911 0.96304 0.410073 0.636788 0.404332 0.818111 0.933325 1.00219 0.373907 0.368682 0.545997 0.36636 0.396121
threshold=65.500000000000014 0.30011636927851054 131.59033948507638 62.961538461538467 21.859172387490471 466.95000000000005 0.58465741908364877 600.20000000000016 12.30075187969925 1.8819444444444446 1.6282894736842108 1.5500000000000003 14.007549857549856 0.49395822947642171 22.500000000000004 16.803846153846155 177.43546550251497 19.173611111111114 203.08333333333334 0.31666666666666671 190.25833333333335 -22.308333333333319 6.5000000000000009 142.88451012588948 37.669333333333334 186.50000000000003 460.45000000000005 169.45833333333334 295.42500000000007 1.5000000000000002
decision_type=2 10 8 10 10 10 10 10 8 10 10 8 2 8 2 8 10 2 2 10 10 8 10 8 10 2 8 10 2 2
left_child=3 2 -2 10 5 -3 8 -8 9 -5 11 -1 13 17 -15 -16 19 18 26 20 -17 22 23 24 -19 28 27 -13 -23 -30
right_child=1 4 -4 6 -6 -7 7 -9 -10 -11 -12 12 -14 14 15 16 -18 21 -20 -21 -22 25 -24 -25 -26 -27 -28 -29 29 -31
leaf_value=0.11514584578228024 -0.10274955758019444 -0.03367746083248116 -0.0098121791006896501 -0.11962952068964842 -0.068672828503044764 0.1201253478392358 0.092491403275398953 -0.039466081880690104 0.06776894976207469 0.010318931165113943 -0.02671544927663597 0.0051084642971198279 -0.052426295176408899 0.022894074307957542 -0.046018779537768638 0.045686936842584937 -0.031340182805249979 -0.035778769616207941 -0.051376375032194527 0.031188332695495934 -0.036931700014272199 -0.00037809806521863718 0.012008266041158792 -0.0060113505180380755 -0.054600818536367224 0.06940927088249281 0.01730109216650777 -0.063064925460503865 0.05323767026266836 -0.001021697709847904
leaf_weight=279.70247526653111 37.221574954688549 47.631115015596151 58.906811308115721 30.414389222860336 48.79613696038723 105.37801304459572 88.639286249876022 57.667710840702057 788.47408602759242 58.222553038969636 45.710417203605175 47.998845648020506 70.427928604185581 282.18670700490475 48.204563887789845 147.72197679057717 34.846065266057849 45.437673982232809 30.712878389284015 262.29108035005629 48.987751543521881 2787.518674172461 55.00237500295043 82.906491637229919 43.09877934679389 109.79756107926369 43.602632086724043 51.615721449255943 114.25511187314987 129.46141135692596
leaf_count=1213 154 206 117 90 112 146 218 62 2011 219 193 541 186 1411 106 601 73 118 47 723 55 12337 113 156 97 230 107 146 119 134
internal_value=0.000163496 -0.000988594 -0.00327003 0.000222992 0.000108916 0.000939646 0.000828301 -0.000757273 0.00109335 -0.00109045 9.2742e-05 0.000121534 5.19593e-05 9.61919e-05 0.000682905 0.000165969 0.000497126 -4.05157e-05 -0.00150232 0.000764569 -0.000270441 3.54101e-05 -0.00118605 -0.00220493 -0.00432872 0.000123818 -0.000451598 -0.00145524 6.12293e-05 0.00117417
internal_weight=6082.84 297.934 96.1284 5784.91 201.805 153.009 1023.42 146.307 877.111 88.6369 4761.49 4715.78 4436.07 4365.65 824.238 542.051 493.847 3541.41 173.93 459.001 196.71 3367.48 226.445 171.443 88.5365 3141.03 143.217 99.6146 3031.24 243.717
internal_count=22041 735 271 21306 464 352 2600 280 2320 309 18706 18513 17300 17114 2969 1558 1452 14145 841 1379 656 13304 484 371 215 12820 794 687 12590 253
is_linear=0
shrinkage=0.03


Tree=32
num_leaves=31
num_cat=0
split_feature=24 34 90 72 52 63 89 45 67 54 71 29 2 71 5 26 22 31 45 58 19 36 4 73 71 72 58 46 34 73
split_gain=0.831958 1.07773 0.611229 0.736119 0.724715 1.14309 0.658558 0.570453 0.801243 0.743651 0.515061 0.700792 0.678169 0.538301 0.507738 0.50292 1.06534 0.611041 0.493129 0.585027 0.461917 1.06248 0.55973 0.655977 0.671201 0.51807 1.09498 0.447187 0.387639 0.389469
threshold=15.866071428571431 11.541958041958043 12.500000000000002 199.45000000000002 0.15254835662075486 504.85000000000008 2024.5000000000002 0.49381207028265856 22.400854700854701 181.14583333333337 -0.16695702671312593 4.6055555555555561 29.833333333333339 4.3469999999999986 51.405882352941184 14.67278287461774 188.05843637814124 13.346055979643767 0.095491388044579545 213.20833333333334 10.583333333333334 3.4694444444444446 54.894444444444453 41.500000000000007 -0.16695702671312593 149.35789473684216 260.47500000000008 0.23114816218264497 12.30075187969925 7.5000000000000009
decision_type=10 8 2 10 10 10 2 10 2 2 2 8 10 2 8 10 10 10 8 2 10 8 10 2 2 8 2 10 8 2
left_child=2 -2 6 4 5 -4 18 15 -9 10 -10 12 -12 27 -8 17 -17 20 -1 -20 22 -22 25 24 -24 26 -6 -14 -27 -30
right_child=1 -3 3 -5 7 -7 14 8 9 -11 11 -13 13 -15 -16 16 -18 -19 19 -21 21 -23 23 -25 -26 28 -28 -29 29 -31
leaf_value=0.02267144383823691 -0.086456177074177867 0.064635387243473813 0.0089792029145257593 -0.025700087996892808 -0.016238493346604432 -0.13186283597523143 0.076257755171311906 -0.076778285613696998 0.012050568047993116 0.13332680187429946 0.0045187964332592846 0.0064589157795061558 -0.080185436754631162 -0.025709450659949049 -0.0032711218243048732 -0.084844999929037046 -0.00033278059397286338 0.035553503524592162 -0.00097535260638901276 -0.13353014147681236 -0.12479755910224768 -0.0027993211740539189 -0.051087394635176406 0.067506473259395169 0.012762621537132195 0.046375029995834219 -0.11250471000917736 -0.05391708795614767 0.056896679864734262 -0.0052084145844515546
leaf_weight=134.60167738236487 25.62521094456315 1836.3168159332126 25.62690906971693 101.99134227819741 36.710059171542525 20.235618591308594 281.13538724184036 40.672674842178822 133.80437553860247 227.90204179473221 30.793356131762266 88.544644981622696 18.228699946776032 23.045449730008841 103.89132529497147 58.035932624712586 97.733331626281142 65.129680868238211 426.08283992297947 52.650377117097378 33.374431636184454 75.703172462061048 43.986260311678052 199.21142661571503 61.217572277411819 63.839569779112935 8.9999999999999982 20.176104094833136 118.58360864967108 1748.1066707968712
leaf_count=703 105 7077 304 126 680 36 316 158 587 423 143 418 90 83 114 145 209 140 2448 126 108 268 186 329 252 176 9 110 953 5470
internal_value=0.000172096 0.000702393 -5.55207e-05 -0.000250131 -0.000170699 -0.00387438 0.000595465 -0.000116318 0.000731208 0.00103746 9.05865e-05 -0.000951712 -0.00276814 -0.0045658 0.00156619 -0.000305848 -0.00195332 -0.000200557 -1.54752e-05 -0.000466972 -0.000279165 -0.00217734 -0.000187466 0.00100795 -0.000902804 -0.000372022 -0.00349421 -0.00669761 -0.000296325 -0.000375348
internal_weight=6201.96 1861.94 4340.01 3341.65 3239.66 45.8625 998.362 3193.8 583.167 542.495 314.593 180.788 92.2436 61.4503 385.027 2610.63 155.769 2454.86 613.335 478.733 2389.73 109.078 2280.66 304.415 105.204 1976.24 45.7101 38.4048 1930.53 1866.69
internal_count=22292 7182 15110 11403 11277 340 3707 10937 2012 1854 1431 844 426 283 430 8925 354 8571 3277 2574 8431 376 8055 767 438 7288 689 200 6599 6423
is_linear=0
shrinkage=0.03


Tree=33
num_leaves=31
num_cat=0
split_feature=72 3 32 41 90 64 19 15 11 6 32 46 46 32 15 62 90 45 30 60 20 79 0 75 75 32 72 67 74 71
split_gain=0.915557 0.864168 0.589087 0.574395 0.820979 0.539831 0.636678 0.918733 0.877944 0.568693 0.548301 0.397361 0.456082 0.533024 0.494033 0.589996 0.404645 0.548593 0.50341 0.544177 0.646236 0.581927 0.581388 0.441657 0.445854 0.40228 0.404101 0.419528 0.622763 0.612399
threshold=201.07500000000002 71.450000000000017 8.3340874811463053 3.5676379504504512 34.500000000000007 0.34158934642026434 6.7083333333333348 101.10000000000001 20.211111111111112 64.693092878672005 19.100000000000005 0.44468918257464518 0.35764119601328909 8.6157491797302246 40.029411764705891 468.7000000000001 63.500000000000007 0.061381475667189961 25.500200080032016 489.95000000000005 0.41428571428571431 43.500000000000007 26.500000000000004 190.95833333333334 190.12500000000003 9.8923745173745186 184.40000000000003 39.95611165464107 -12.996428571428565 -1.2086111111111106
decision_type=10 10 8 10 2 2 8 10 10 10 10 10 10 10 10 8 2 10 10 10 10 2 2 10 8 10 10 2 10 2
left_child=1 5 3 4 -3 6 7 10 9 11 -1 12 16 -14 15 -15 18 -18 19 23 21 22 -21 24 25 26 27 28 29 -8
right_child=-2 2 -4 -5 -6 -7 8 -9 -10 -11 -12 -13 13 14 -16 -17 17 -19 -20 20 -22 -23 -24 -25 -26 -27 -28 -29 -30 -31
leaf_value=0.0096785362211361196 -0.029000989194177536 -0.10619169007092107 0.11118716787968308 0.040359625544463769 0.049872835910997559 0.016707062687342109 0.0004772911394536727 -0.076650961317338978 -0.019581869231561723 -0.15214675273487163 -0.078374638903050617 0.059954172100383722 0.0016096438953048773 -0.085183455279501011 -0.088989874909779332 0.065608362571553225 -0.063569849946239487 -0.022073163468348082 -0.078993312650636638 0.003505517870713399 0.10199260395891195 0.027862114251213117 -0.029038560759515327 -0.10718595137536779 0.06171461552509485 0.014902869893156584 -0.10350040315029843 0.0044931536727493967 -0.0029690545760428845 -0.11182675853322209
leaf_weight=2573.242550868541 100.42165339924395 22.720279673114419 498.15657440945506 61.130054352805018 19.349326841533184 534.73979775607586 39.982290452346206 28.519357722252607 64.259154304862022 33.214344950392842 25.395646573975682 108.52691008709371 90.378131030127406 53.938548643141985 70.96133691817522 37.330183885991573 38.301306307315826 78.996035687625408 48.464452721178532 100.96052426099777 167.96800369769335 205.86335843801498 132.70572830736637 65.635935306549072 51.336815476417542 79.569169376045465 59.98560655862093 253.95672752708197 367.86399415135384 87.518822493031621
leaf_count=10105 180 138 883 228 110 2551 172 64 102 85 67 362 483 200 149 65 85 191 145 126 208 264 161 151 88 277 131 1492 2445 470
internal_value=0.000149221 0.000196961 0.00127474 -0.000782187 -0.00343878 7.67147e-05 -2.28142e-05 0.000293878 -0.000394586 -0.000291503 0.000353528 -0.00023005 -0.000324792 -0.00151504 -0.00253855 -0.00105957 -0.000155038 -0.00185031 -3.43381e-05 5.70263e-05 0.000765284 0.000158738 -0.000864214 -0.000371072 -0.000203575 -0.000361631 -0.000562279 -0.000370622 -0.000878289 -0.00267632
internal_weight=6101.39 6000.97 601.356 103.2 42.0696 5399.61 4864.87 2627.16 2237.72 2173.46 2598.64 2140.24 2031.72 252.608 162.23 91.2687 1779.11 117.297 1661.81 1613.35 607.498 439.53 233.666 1005.85 940.213 888.877 809.307 749.322 495.365 127.501
internal_count=22178 21998 1359 476 248 20639 18088 10236 7852 7750 10172 7665 7303 897 414 265 6406 276 6130 5985 759 551 287 5226 5075 4987 4710 4579 3087 642
is_linear=0
shrinkage=0.03


Tree=34
num_leaves=31
num_cat=0
split_feature=66 19 52 68 72 89 54 7 62 82 68 27 45 66 75 52 22 8 80 78 23 78 32 58 26 53 82 58 35 35
split_gain=0.703439 0.742485 1.002 0.770758 0.649213 0.763551 1.15757 1.04479 0.83769 0.642966 0.731842 0.566349 0.559426 0.662772 0.475314 0.391594 0.772505 0.38779 0.403106 0.386921 0.393868 0.358566 0.368992 0.367122 0.485042 0.340608 0.330274 0.315501 0.386873 0.525614
threshold=15.500000000000002 10.583333333333334 0.26554230037757742 3.9012195121951199 201.07500000000002 2024.5000000000002 245.96388888888893 31.893964945498748 523.15000000000009 12.550000000000002 9.4506535131535188 138.60004741583694 0.061381475667189961 1.5000000000000002 188.50833333333335 0.13473573719127421 165.32795698924735 49.500000000000007 7.5500000000000007 40.650000000000013 24.81666666666667 32.45000000000001 11.342342342342343 177.70436507936512 15.01173708920188 0.56004953818631709 14.050000000000002 149.00138888888895 37.844152563778742 39.277560339204179
decision_type=2 10 10 2 10 2 2 8 10 2 2 10 8 2 10 8 8 10 2 2 10 2 10 2 10 10 2 2 8 8
left_child=1 4 -3 14 5 8 9 -8 15 10 12 -9 13 -7 -4 16 -1 -14 -19 20 27 22 23 24 -22 -2 -24 -17 -29 -30
right_child=25 2 3 -5 -6 6 7 11 -10 -11 -12 -13 17 -15 -16 19 -18 18 -20 -21 21 -23 26 -25 -26 -27 -28 28 29 -31
leaf_value=-0.010053823648061453 0.057945861668482715 -0.1181304887922859 -0.051067848657957431 -0.088791240534546664 -0.031418450289056134 -0.0057108491840318857 -0.028480585501224148 0.050328928550752494 -0.12685454098521456 0.10388567540281086 -0.06010408384639946 -0.015572219101216256 -0.0038229378579476363 0.0026677787016145425 0.081385118676141927 0.0051806964325669912 -0.14147311939321539 -2.8104634598289378e-05 0.10904060775241754 -0.058912864297170527 0.0055119638272807057 0.073835728230077585 -0.0006623397053964464 0.056375798233334141 -0.10411263613645678 -0.036107333640579005 -0.096792564294409161 0.00012603065484989795 -0.11189751998639753 -0.0051858888815102585
leaf_weight=31.222412806004286 510.90197660401464 51.343021612614393 92.612735740840435 28.454100180417299 89.459350258111954 89.177934587001801 93.922822713851929 113.81101548671722 22.102684497833252 455.17314970493317 96.066127359867096 103.77951806783676 91.335421681404114 122.76533561944962 55.614836871623993 388.00354194268584 9.8970173262059671 168.05507743358612 667.44870907068253 27.43360404483974 576.42310292087495 343.66645040176809 18.812792304903269 174.21118807420135 27.171101581305265 34.967132527381182 17.671540800482035 850.89565243013203 80.33108807168901 695.98730542324483
leaf_count=343 1488 198 453 110 172 103 103 120 43 515 107 111 100 137 65 3226 85 199 751 140 3329 1837 129 528 84 109 90 3625 400 3540
internal_value=0.000170355 6.97582e-05 -0.00160301 -0.000519846 0.000141276 0.000184535 0.000645705 -0.00103236 -9.83881e-05 0.000955441 0.000599297 0.00011282 0.000811829 -0.000576531 0.000358597 -5.78029e-05 -0.00293162 0.00112959 0.0013324 -1.99777e-05 1.12376e-05 0.000451939 0.000108493 0.000248295 -0.000102471 0.00119719 -0.00279904 -0.000242091 -0.000425376 -0.000909201
internal_weight=6128.72 5582.85 228.025 176.682 5354.82 5265.36 2001.54 311.513 3263.83 1690.02 1234.85 217.591 1138.78 211.943 148.228 3241.73 41.1194 926.839 835.504 3200.61 3173.17 1157.96 814.29 777.805 603.594 545.869 36.4843 2015.22 1627.21 776.318
internal_count=22240 20643 826 628 19817 19645 2246 334 17399 1912 1397 231 1290 240 518 17356 428 1050 950 16928 16788 5997 4160 3941 3413 1597 219 10791 7565 3940
is_linear=0
shrinkage=0.03


Tree=35
num_leaves=31
num_cat=0
split_feature=1 50 73 54 46 54 76 72 17 72 67 7 56 72 30 64 47 66 38 89 5 35 28 76 50 15 78 69 31 63
split_gain=0.78281 0.947011 0.653202 0.799392 0.604938 0.672417 0.646969 0.776107 0.596759 0.562242 0.525932 0.509868 0.627951 0.503533 0.504275 0.691995 0.615333 0.518473 0.497593 0.687265 0.701921 0.59203 0.449029 0.440579 0.414102 0.4842 0.48456 0.612044 0.389817 0.369647
threshold=38.005319148936174 10.682875449044051 69.500000000000014 233.40000000000003 0.38496824276640801 139.40555555555559 1.0000000180025095e-35 168.08496732026148 335.50000000000006 201.07500000000002 46.25396825396826 16.084568108249037 124.20442298735439 195.37500000000003 24.460887563713289 0.33554839279406573 0.21111111111111114 2.5000000000000004 0.40161290322580651 2024.5000000000002 33.904545454545463 37.437160540608822 10.605555555555556 1.0000000180025095e-35 9.1977998889439192 18.683333333333337 31.650000000000002 1.5000000000000002 4.1157245488695589 600.75000000000011
decision_type=10 2 2 2 10 2 2 8 8 10 2 10 2 8 10 2 10 2 8 2 10 8 8 2 2 8 2 2 10 8
left_child=1 2 10 8 9 -6 22 -8 18 11 24 12 -2 14 29 16 23 -18 -4 20 28 -22 -7 -16 -1 -26 -27 -28 -20 -13
right_child=4 -3 3 -5 5 6 7 -9 -10 -11 -12 13 -14 -15 15 -17 17 -19 19 -21 21 -23 -24 -25 25 26 27 -29 -30 -31
leaf_value=0.0014100489267706794 -0.11460120121598329 0.043142283518850924 -0.031681708258638197 -0.037328075745028839 0.061102767778740248 -0.095225960590123948 -0.00082233004105150434 -0.10520549275268756 -0.05753968994634763 -0.028583030048894578 -0.068667971198174735 0.0094239376542428581 -0.012364189366036902 0.13246910035342196 -0.10161733242838299 0.23874062046940056 0.033305256308578481 -0.032973419895758811 -0.048936867355073327 0.017628950602257425 -0.033680616807557906 -0.084912170780133578 0.0075625153328759652 -0.060402285718198723 -0.10088376580204635 0.017496079050576048 0.0039176937920223009 -0.047971664688354038 0.0095676253674172561 0.076705107062091812
leaf_weight=1206.3179595675319 26.069245973601937 252.15164745040238 74.63686728477478 74.344201743602753 82.464885674417019 29.083244480192661 38.692959424108267 70.355845073238015 74.7413290143013 69.707603270187974 31.186813976615667 1984.6191461514682 111.71800980716944 283.08326942101121 41.634388636797667 43.855818670243025 107.24544456228614 64.500591557472944 104.45309460163116 196.32437175512314 65.160925447940826 78.739920228719711 67.98909323848784 49.069179486483335 26.328502314165235 61.116985388100147 34.788180120289326 35.180001735687256 124.92815285921097 654.24513337016106
leaf_count=7080 153 727 136 87 392 101 210 158 125 109 110 8502 425 521 118 135 295 120 248 225 136 180 226 111 144 296 141 79 246 701
internal_value=9.95475e-05 -0.000317999 -0.000518759 -0.00120548 0.00037316 -0.000943911 -0.00185743 -0.00343217 -0.000895976 0.00048403 -0.00012762 0.0005395 -0.00124171 0.000615885 0.000499338 -0.000651307 -0.00123586 -0.000175366 -0.000598805 -0.000294677 -0.00104953 -0.00268412 -7.14547e-05 -0.00322008 -3.81319e-05 -0.00148025 -0.000717025 -0.0024062 -1.68748e-05 0.000633095
internal_weight=6164.73 2440.4 2188.25 793.329 3724.33 288.586 206.121 109.049 718.985 3435.75 1394.92 3366.04 137.787 3228.25 2945.17 306.305 262.45 171.746 644.243 569.606 373.282 143.901 97.0723 90.7036 1363.73 157.414 131.085 69.9682 229.381 2638.86
internal_count=22237 9960 9233 1383 12277 1087 695 368 1296 11190 7850 11081 578 10503 9982 779 644 415 1171 1035 810 316 327 229 7740 660 516 220 494 9203
is_linear=0
shrinkage=0.03


Tree=36
num_leaves=31
num_cat=0
split_feature=1 90 24 78 78 67 37 32 73 80 35 23 73 17 37 28 78 23 62 41 74 15 8 15 63 72 17 15 38 62
split_gain=0.830227 0.637864 0.791222 0.754821 0.635513 1.59518 0.512133 0.728082 0.99945 0.910021 1.15214 0.616004 0.478324 0.493023 0.724321 0.595723 0.42796 0.420486 0.747331 0.599107 0.609631 0.47063 0.412502 0.408448 0.408185 0.408104 0.393445 0.648524 0.504251 0.62036
threshold=44.436051794638807 65.500000000000014 10.732142857142859 33.650000000000013 21.450000000000003 53.506125789104523 10.703259647808171 10.101914962674458 93.500000000000014 11.350000000000003 29.638935417829892 35.267857142857146 126.50000000000001 341.50000000000006 8.6446583719311008 12.986111111111112 27.850000000000005 48.612500000000004 639.35000000000014 3.7184304222347708 -13.658333333333344 32.514705882352949 94.500000000000014 90.583333333333357 454.50000000000006 188.02500000000001 11.500000000000002 18.04545454545455 1.0000000180025095e-35 587.30000000000007
decision_type=8 2 8 2 2 2 10 10 2 2 10 10 2 10 10 10 2 8 8 8 8 8 10 10 10 10 10 10 8 8
left_child=1 6 3 -3 5 -2 7 12 9 10 -9 -8 13 16 15 -15 25 21 19 20 22 26 -19 -23 -21 -1 28 -28 -18 -30
right_child=4 2 -4 -5 -6 -7 11 8 -10 -11 -12 -13 -14 14 -16 -17 17 18 -20 24 -22 23 -24 -25 -26 -27 27 -29 29 -31
leaf_value=0.0049637725822480197 0.25288090098916388 -0.042470174258512253 0.0002188857911993941 -0.071522130077230933 0.024657937916479012 -0.13949365075954434 0.04218469735095521 -0.074833833174644579 -0.028898715040752549 0.013583232055719803 0.0070242964922725458 -0.0089658949153071828 -0.027614412435117384 0.054116534600094225 -0.14701931119604367 -0.05169629675443832 -0.046232332352042708 -0.081144051290378882 -0.061815309302078007 -0.023725037876115355 -0.026028549092210765 0.012169612564683296 -0.047459337961093244 -0.01874246620830812 0.03710037088018852 0.12141955442152423 -0.06104913320701176 -0.0018713086832806436 -0.0046677759390114561 0.092103386947772911
leaf_weight=411.4963996745646 28.048997014760971 58.300243273377419 95.396986573934555 38.552811615169048 2144.6131241284311 18.14420959353447 250.19538871943951 73.686676258221269 70.911412596702576 180.64478029869497 49.727186353877187 34.276962533593178 25 42.657498326152563 27.626781454309821 33.839496316388249 32.850880341604352 47.265870288014412 36.166432872414589 78.392497450113297 217.19117947481573 1203.7638148255646 47.023276535794139 29.183289045467973 94.579115318134427 88.503101481124759 27.355846548452973 23.69095023535192 526.85594156756997 71.349109292030334
leaf_count=2230 168 165 255 83 7193 111 736 164 82 452 82 132 25 192 97 181 153 112 45 416 919 4541 101 73 198 127 106 109 2816 79
internal_value=0.00013619 -0.000125426 -0.00180593 -0.00370132 0.000603722 -0.0028413 -3.82143e-05 -0.000139509 -0.00138548 -0.000631017 -0.00260605 0.00118282 1.33344e-05 4.79745e-05 -0.00197072 -0.000441372 0.000120221 -4.40107e-05 -0.000799151 -0.000483576 -0.00126832 0.000161589 -0.00326911 0.000511251 0.000928719 0.000918743 -0.000470271 -0.00297753 -0.000263066 -6.13924e-05
internal_weight=6107.29 3916.48 192.25 96.8531 2190.81 46.1932 3724.23 3439.76 374.97 304.059 123.414 284.472 3064.79 3039.79 104.124 76.497 2935.67 2435.67 520.618 484.452 311.48 1915.05 94.2891 1232.95 172.972 500 682.103 51.0468 631.056 598.205
internal_count=22143 14671 503 248 7472 279 14168 13300 780 698 246 868 12520 12495 470 373 12025 9668 1791 1746 1132 7877 213 4614 614 2357 3263 215 3048 2895
is_linear=0
shrinkage=0.03


Tree=37
num_leaves=31
num_cat=0
split_feature=90 72 63 6 72 80 68 55 37 52 28 8 36 45 18 73 2 63 25 54 38 20 43 71 23 29 53 45 3 68
split_gain=0.781496 1.12751 0.969086 0.78005 0.662683 0.583527 0.544314 1.04007 1.3022 1.43191 0.501164 0.49518 0.465847 0.457592 0.639823 1.03074 0.834154 0.974005 0.745156 0.457953 0.539072 0.429605 0.671042 0.423361 0.402368 0.586107 0.586843 0.395878 0.451996 0.39929
threshold=12.500000000000002 199.45000000000002 459.95000000000005 52.657793319357573 197.85000000000005 12.250000000000002 5.1881944444444459 192.05000000000004 8.1397756038454521 0.32356131151821077 24.136809269162214 174.50000000000003 1.7958333333333336 0.40560125342734049 6.5000000000000009 50.500000000000007 32.416666666666679 622.40000000000009 17.398183819482668 129.72777777777779 1.0471780604133547 0.21111111111111114 0.35726558664703001 -5.5019584548570046 40.894444444444453 19.765331664580732 0.36916609184240662 0.18535277358806773 22.633333333333336 -3.1894265232974894
decision_type=2 10 10 10 10 2 2 2 8 10 8 10 8 10 8 2 8 10 10 2 8 10 8 2 10 10 10 8 8 2
left_child=2 3 5 4 6 27 13 -8 -9 -10 -11 -4 -5 14 23 -16 -17 18 -18 20 -15 22 -14 -2 -23 26 -26 -1 -29 -30
right_child=1 -3 11 12 -6 -7 7 8 9 10 -12 -13 21 19 15 16 17 -19 -20 -21 -22 24 -24 -25 25 -27 -28 28 29 -31
leaf_value=0.011080461616817789 0.10868781672209162 -0.027045393453105998 0.068509862486638651 -0.070983626598619398 0.13386455190578234 0.0075041286355575654 0.0072870787178113527 0.019430499081362747 -0.067498025373804948 -0.09296676667273629 -0.00090906495848468432 -0.040988376983684405 -0.040124094201299268 0.0041496893287162571 0.00045145282990855103 -0.0035444689758483976 -0.017835063526241066 -0.057323363007539631 -0.03747048137449524 0.01296675502382651 -0.048670477627984744 0.12218360109806377 0.050104064103339459 -0.00012301736742030832 0.1695154223337299 0.10277465704763183 -0.067657717726631553 -0.081422473326566103 -0.10630724105789613 -0.0053792962113975839
leaf_weight=38.38802026771009 168.01130059920251 146.44348252750933 645.24523434787989 61.806055268272758 60.219552874565125 556.53349626623094 195.18599198013544 71.239508174359798 54.505813846364617 58.924223896116018 64.065283197909594 59.973994405940175 57.810251964256167 48.845784617587924 513.63128869608045 252.52036728709936 170.81971528381109 57.937005162239075 68.903265543282032 471.52002007886767 36.308846089988947 636.46093658730388 99.764302553609014 1123.4998204801232 46.100040983408689 218.03537595458329 53.055825565010309 16.746669869869947 22.842687733471394 65.887338766828179
leaf_count=261 696 189 1146 182 76 3169 1135 206 112 112 138 72 140 339 2797 535 403 60 137 1669 205 1701 191 4951 119 666 99 115 129 489
internal_value=0.000188434 4.0075e-06 0.000809334 8.69534e-05 -0.000142275 1.86078e-05 -0.000198644 -0.00117595 -0.00245842 -0.00382753 -0.00200332 0.00159352 0.00075407 -4.93053e-05 -0.000232179 -0.000776636 -0.00167768 -0.00275094 -0.00189183 0.000723471 -0.00129061 0.00089547 -0.000552836 0.000216543 0.00113511 0.000261075 -0.00164096 -0.00167776 -0.00262055 -0.00172375
internal_weight=6141.23 4735.61 1405.62 4589.17 3416.14 700.398 3355.92 443.921 248.735 177.495 122.99 705.219 1173.03 2912 2355.32 1063.81 550.18 297.66 239.723 556.675 85.1546 1111.23 157.575 1291.51 953.652 317.191 99.1559 143.865 105.477 88.73
internal_count=22239 16858 5381 16669 13571 4163 13495 1703 568 362 250 1218 3098 11792 9579 3932 1135 600 540 2213 544 2916 331 5647 2585 884 218 994 733 618
is_linear=0
shrinkage=0.03


Tree=38
num_leaves=31
num_cat=0
split_feature=18 73 75 47 49 55 46 46 19 75 48 31 36 73 40 32 70 35 82 32 0 80 78 49 60 59 60 9 26 77
split_gain=0.854695 0.582567 0.781551 0.867522 0.757869 0.73345 0.740017 0.775853 0.615482 0.5937 0.688622 0.581499 0.862275 0.558399 1.55965 0.550406 0.623086 0.531876 0.58822 0.513288 0.573882 0.469932 0.462223 0.429146 0.863393 0.504543 0.785322 0.560528 0.465953 0.745336
threshold=6.5000000000000009 53.500000000000007 195.80000000000004 0.5277777777777779 168.82697458799137 315.89047619047625 0.3302948504983389 0.43200568990042681 6.9000000000000012 185.77500000000003 104.08435666144919 3.551196643473109 3.0527777777777785 20.500000000000004 35.704476285805406 9.2318229715490023 31.595178422246097 35.223699256718128 11.950000000000001 9.0064377682403443 71.500000000000014 20.850000000000005 32.95000000000001 185.27708475734792 582.50000000000011 10.750000000000002 662.85000000000014 0.21111111111111114 3.0341388569236671 1.0000000180025095e-35
decision_type=8 2 10 10 2 2 10 10 10 8 2 8 10 2 8 10 2 10 2 10 2 2 2 2 10 10 10 10 8 2
left_child=23 9 3 4 5 6 11 8 -8 19 -11 12 -3 14 -12 16 -14 -18 -19 22 -21 -10 -2 25 -25 -1 27 28 29 -27
right_child=1 2 -4 -5 -6 -7 7 -9 21 10 13 -13 15 -15 -16 -17 17 18 -20 20 -22 -23 -24 24 -26 26 -28 -29 -30 -31
leaf_value=0.040406901586767546 -0.0055345848773559235 -0.10649817516926872 -0.058230767358004247 0.047174492256201225 -0.032463633091078165 0.13705461931738566 -0.082669039320665869 0.0048093143295078857 -0.10334466580074671 0.060533791541468727 -0.062739254345608703 0.0016897725909845018 -0.09396408640129994 0.0091346983828592028 0.046943382973920755 0.015756968964039789 0.010022909976724793 0.00092429524335145173 -0.088781742674234179 -0.040869042942344301 -0.097492809785152637 -0.00055502204156503859 0.0081537031124465989 0.012051274962490107 -0.062944012730513074 -0.050838306521183659 -0.018726115754337264 -0.032941338426370183 0.0050242912672591221 0.03331447571348408
leaf_weight=2789.6360231470317 454.91001209244132 77.388701379299164 71 159.06266327947378 80.587435930967331 64.937005162239075 48.374195404350758 60.049596793949604 70.486299224197865 278.87032133340836 102.34148097038269 435.18069583922625 39.408389091491699 112.41553789377213 92.960379421710968 91.222869321703911 70.155857048928738 58.659681439399719 64.986494094133377 162.98517478629947 25.640368148684502 51.910090819001198 225.18496460467577 79.826327748596668 65.095934808254242 32.891645364463329 35.730705678462982 30.621908692643046 141.57867390103638 45.116232119500637
leaf_count=10829 3976 163 71 284 147 67 93 143 142 336 124 822 112 133 177 148 177 140 145 885 81 123 1733 219 70 173 38 59 407 178
internal_value=0.000139426 -0.000234247 -0.000661085 -0.000500854 -0.000774172 -0.000572482 -0.000761462 -0.00226155 -0.00328804 0.000189265 0.000925846 -0.000345578 -0.00116711 -5.34218e-05 -0.0010215 -0.000483252 -0.00125496 -0.000545394 -0.00172434 -0.000308591 -0.00168882 -0.00212543 7.61356e-05 0.000475731 -0.00111453 0.000551002 -0.000647484 -4.59678e-05 0.000489697 -0.00136108
internal_weight=6119.22 2898.72 1443.41 1372.41 1213.35 1132.76 1067.82 230.82 170.771 1455.31 586.588 837.003 401.822 307.717 195.302 324.433 233.21 193.802 123.646 868.721 188.626 122.396 680.095 3220.5 144.922 3075.58 285.939 250.208 219.587 78.0079
internal_count=22195 10222 2777 2706 2422 2275 2208 501 358 7445 770 1707 885 434 301 722 574 462 285 6675 966 265 5709 11973 289 11684 855 817 758 351
is_linear=0
shrinkage=0.03


Tree=39
num_leaves=31
num_cat=0
split_feature=90 66 23 71 37 43 70 33 43 36 46 82 62 60 32 54 45 38 73 45 16 15 90 8 31 7 68 15 62 7
split_gain=0.565238 0.665081 0.768454 0.75168 0.699555 0.56842 0.780506 0.727891 0.526562 0.554658 0.536505 0.729736 0.675212 0.669772 0.968783 0.555515 0.643529 0.614391 1.82709 0.518088 0.614731 0.513774 0.465064 0.452008 0.784588 0.550568 0.443276 0.414223 0.403883 0.381777
threshold=65.500000000000014 1.0000000180025095e-35 41.050000000000004 -2.329356060606059 8.2729756582215614 0.71323250393017845 24.402515723270444 1.0500000000000003 0.3133486943164363 3.5939153439153446 0.26302224633749327 3.4500000000000006 651.85000000000002 489.95000000000005 10.177521008403362 156.91250000000005 0.054422048539695601 1.278584768624196 64.500000000000014 0.24129267024779069 6.5000000000000009 48.035714285714292 12.500000000000002 123.50000000000001 8.1452813626068785 26.16533966754184 5.3683214882943142 41.261363636363647 453.90000000000003 37.307964075564193
decision_type=2 2 8 2 10 10 2 8 10 10 8 2 10 8 10 2 8 10 2 10 2 8 2 10 10 10 2 10 10 10
left_child=5 -2 3 -3 -5 8 -7 -8 10 -10 13 -12 15 -1 -15 17 -17 29 -19 -11 -21 26 -9 24 25 -24 27 28 -18 -13
right_child=1 2 -4 4 -6 6 7 22 9 19 11 12 -14 14 -16 16 21 18 -20 20 -22 -23 23 -25 -26 -27 -28 -29 -30 -31
leaf_value=-0.0039630344678070447 0.065047651566493309 0.17751419965351267 -0.092087186747293132 -0.0018012585622561277 -0.078039236562909814 -0.058342820065471486 0.032869592020777237 0.023150942740340137 0.024328271505931427 0.011671021312406132 -0.054972144010328856 -0.021272032719689225 -0.034393607678569686 0.073696287657030082 -0.020375048783945509 -0.058945417488033502 -0.042530325444375482 0.0025753840506338309 -0.11464210419795402 -0.00147124982418954 -0.10328344508408031 0.061711252466139399 -0.073166427464639847 -0.099197662963995306 0.1923071713371993 -0.0078451409549862121 -0.068850034864096035 -0.057703073483566569 0.031747718992330753 0.051584640236431147
leaf_weight=673.66551572270691 52.215654626488686 59.234775509685278 63.177567265927792 78.315124094486237 52.003262333571911 49.395433325320482 136.8967190887779 37.746972352266312 2733.7745706997812 76.690924111753702 69.173658665269613 396.48589421249926 104.84251290559769 386.95270226150751 117.10420116782188 36.788707030937076 57.827610718086362 48.648061295971274 25.928253918886185 49.979383513331413 50.04354701936245 308.29309277795255 28.71941702067852 36.993325717747211 34.633775372058153 26.720763163641095 33.290112402290106 49.93199759349227 159.13569445721805 66.838164726272225
leaf_count=3722 164 138 127 222 99 199 496 121 10058 302 197 2100 110 499 142 114 377 329 53 355 101 814 117 62 71 93 106 155 388 243
internal_value=0.00013366 -0.00112313 -0.00175967 -0.00079438 -0.0020636 0.00019996 -0.000968316 -0.0003897 0.000275452 0.000550694 -4.06644e-05 -0.000447076 -0.000284532 0.000427658 0.00125359 -7.91024e-05 0.000514067 -0.000790304 -0.0032987 -0.00107405 -0.00248629 0.000748867 -0.00172791 -0.00259192 -0.0014158 -0.00360396 -0.000134836 0.000276697 0.000844907 -0.00038032
internal_weight=6101.45 304.946 252.731 189.553 130.318 5796.5 351.106 301.711 5445.39 2910.49 2534.91 1357.18 1288.01 1177.72 504.057 1183.17 645.267 537.9 74.5763 176.714 100.023 608.479 164.814 127.067 90.074 55.4402 300.185 266.895 216.963 463.324
internal_count=22074 750 586 459 321 21324 1159 960 20165 10816 9349 4986 4789 4363 641 4679 1954 2725 382 758 456 1840 464 343 281 210 1026 920 765 2343
is_linear=0
shrinkage=0.03


Tree=40
num_leaves=31
num_cat=0
split_feature=19 36 3 72 70 75 40 62 39 15 80 19 72 58 40 40 2 49 28 36 78 67 45 44 50 38 46 25 0 37
split_gain=0.598929 0.789752 0.922691 0.57412 0.510305 0.698249 0.512519 0.687663 0.634138 0.542681 0.542048 0.881133 1.32575 0.477717 0.526759 0.674142 0.454064 0.491637 0.492952 0.451268 0.557567 0.443621 0.432205 0.386638 0.380308 0.34717 0.395297 0.94949 0.678254 0.7416
threshold=10.125000000000002 3.4694444444444446 35.900000000000006 201.07500000000002 20.504658385093169 183.92500000000004 18.57298474945534 446.73888888888894 15.991596638655464 83.118589743589766 5.2500000000000009 7.291666666666667 166.87500000000003 200.1039682539683 35.489365526678966 37.791669907443428 71.166666666666671 173.46466737771087 25.982575757575763 3.4916666666666667 31.450000000000003 20.968984962406019 0.69416099773242645 0.0069204980842911884 11.551509587923299 1.3483316481294239 0.20416847590099871 14.955267992651171 100.50000000000001 9.8125678983259395
decision_type=10 8 10 10 2 10 8 8 10 8 2 10 10 2 10 10 10 2 10 10 2 2 10 8 2 10 10 8 2 10
left_child=3 2 -2 4 5 21 8 10 9 -6 11 -8 -13 14 -3 -16 17 22 -19 23 -21 -1 24 -18 25 26 -9 -28 29 -29
right_child=1 13 -4 -5 6 -7 7 16 -10 -11 -12 12 -14 -15 15 -17 19 18 -20 20 -22 -23 -24 -25 -26 -27 27 28 -30 -31
leaf_value=0.0086214764116975748 -0.042931927702484995 0.012971302261328995 -0.088198629975463114 -0.027797211112258541 0.080840605595539364 -0.0085616785456638662 -0.0044068707890307836 0.0089094225905859224 -0.032219572243523752 -0.063349485720508206 0.0010148660611171768 0.003645675289271919 -0.14726151058183434 0.013572601784203119 -0.13285969447297571 -0.051172544599592404 -0.015092588781161698 0.0030969989188588351 -0.018234888251989299 -0.065246457243785083 0.23699760737582604 -0.019029529376100463 0.038637890742558342 0.14194668435172927 0.15113774689209755 0.049193359623649575 0.023845292689873329 -0.0011691956771132173 -0.060020316982121402 -0.061013866419852819
leaf_weight=124.04039264470339 57.177463179454207 29.398841205984354 34.924128156155348 87.531028399243951 193.11238163337111 118.11236888170242 105.37116757035255 1681.4819491952658 84.66261319257319 33.87413396500051 1584.2891462258995 15.19648741185665 19.512438194826245 117.59401291422546 19.041665287688375 45.138952227309346 60.23495245911181 69.685372663661838 117.12943103909492 64.767075911164284 60.280127584934235 32.25481928512454 103.63562821410596 421.24461865238845 90.936605393886566 110.65693792700768 284.24586224369705 212.46067141927779 55.584531933069229 45.971533518284559
leaf_count=972 227 146 97 174 614 152 735 3911 156 86 10690 173 68 176 76 321 77 128 174 118 100 229 189 626 150 258 697 490 87 66
internal_value=0.000172154 -0.00112518 -0.00342704 0.000240451 0.000277713 -0.000982168 0.000341736 0.00041391 -0.000837539 -7.50191e-06 -7.354e-05 -0.00185545 -0.00592872 -0.000109823 -0.00169961 -0.00320735 0.000662664 0.000499629 -0.000982988 0.00140568 -0.00019886 0.000334504 0.000607116 0.00182195 0.000527231 0.000454197 0.000374019 -0.000287906 -0.00142285 -0.000768199
internal_weight=6079.55 303.275 92.1016 5776.27 5688.74 274.408 5414.33 5102.68 311.649 226.987 1724.37 140.08 34.7089 211.173 93.5795 64.1806 3378.32 2771.79 186.815 606.527 125.047 156.295 2584.97 481.48 2481.34 2390.4 2279.74 598.263 314.017 258.432
internal_count=22163 1043 324 21120 20946 1353 19593 18737 856 700 11666 976 241 719 543 397 7071 6150 302 921 218 1201 5848 703 5659 5509 5251 1340 643 556
is_linear=0
shrinkage=0.03


Tree=41
num_leaves=31
num_cat=0
split_feature=3 62 38 62 70 61 19 61 56 43 90 56 68 8 62 4 80 45 30 42 2 34 61 27 55 67 48 71 5 52
split_gain=0.702936 0.495668 0.467902 0.461747 0.630128 0.404459 0.677302 0.938928 0.649202 0.647835 0.636578 0.566078 0.738657 0.76232 0.476489 0.443267 0.44052 0.550124 0.766805 0.592941 1.0246 0.746868 0.408749 0.725896 0.65305 0.553482 0.363838 0.359856 0.356749 0.349366
threshold=73.90000000000002 681.1500000000002 1.8397435897435901 434.75000000000006 64.168051708217931 502.30000000000007 7.1000000000000005 492.10000000000008 183.6462648289876 0.05634920634920635 9.5000000000000018 145.61046771284563 2.7865401874750728 90.500000000000014 489.95000000000005 59.535714285714292 6.8500000000000005 0.1795639490250269 4.5983086680761112 0.075359675087767614 16.416666666666668 22.31666666666667 454.50000000000006 43.080255357957149 179.95138888888891 27.873851294903933 125.16311923550863 13.008741258741258 53.12916666666667 0.27786886541783623
decision_type=10 10 10 8 2 10 8 8 2 10 2 2 2 10 10 8 2 10 8 10 10 8 10 10 2 2 2 2 10 8
left_child=2 3 5 4 -2 6 8 14 -1 -9 29 16 13 -13 22 -15 -12 19 -19 20 -18 -22 27 24 -24 -25 -21 -8 -5 -7
right_child=1 -3 -4 28 -6 10 7 9 -10 -11 11 12 -14 15 -16 -17 17 18 -20 26 21 -23 23 25 -26 -27 -28 -29 -30 -31
leaf_value=0.0078110327057897416 0.020576108458031886 -0.028870314232645505 -0.15240905581212089 -0.0020401349561852042 -0.13956040209967768 0.12290559651836482 -0.0011583369331084191 -0.089355017126707861 -0.042811717612486734 -0.11175730535103383 -0.014210014010230792 -0.0089329901001024125 -0.019155531163293205 0.059938396798328748 0.010953725598322053 -0.017436995050420217 0.0051663126327567682 -0.0033570604573204348 0.077623741928177128 -0.0049927360784900628 0.006257890458287208 -0.049111677750548539 -0.032028064747805896 -0.13362456327614522 -0.11913048766017419 -0.0017458852908320299 0.15322944467906549 -0.15790135111943929 0.13022874955933844 0.013780346101466468
leaf_weight=1999.4638392850757 42.627239361405373 50.730705678462982 27.351905776187778 78.388997638598084 12.878947133198379 143.45541578531265 766.15047363564372 63.551573872566223 26.771518437191844 36.451744243502617 141.66410750150681 117.12309938669205 168.44780837371945 256.4733900912106 103.97641516849399 82.341919720172882 88.126618504524231 139.87917786836624 354.30201711878181 116.7401469014585 86.793534487485886 150.00678942352533 29.693118216469884 36.632391326129436 47.493047371506691 220.98888005688787 154.93984454870224 15.278228865936397 367.91828033141792 175.93364274501801
leaf_count=11012 277 53 132 136 159 159 5150 202 131 80 195 150 199 304 227 93 119 182 433 174 108 189 163 174 147 774 212 80 565 214
internal_value=0.00020596 0.0012254 0.000104265 0.00151136 -0.00105395 0.000123977 -8.30637e-05 -0.000611555 0.000261412 -0.00339151 0.000442242 0.000229027 -0.000506368 0.000121913 -0.000381131 0.000843314 0.000601702 0.000806167 0.00154536 0.000192313 -0.000671658 -0.00169804 -0.000562422 -0.0014378 -0.00397052 -0.000666553 0.00122429 -0.000186002 0.00183205 0.00167723
internal_weight=6102.57 552.544 5550.03 501.813 55.5062 5522.68 3346.45 1320.22 2026.24 100.003 2176.23 1856.84 624.386 455.938 1220.21 338.815 1232.45 1090.79 494.181 596.607 324.927 236.8 1116.24 334.807 77.1862 257.621 271.68 781.429 446.307 319.389
internal_count=22193 1190 21003 1137 436 20871 18140 6997 11143 282 2731 2358 746 547 6715 397 1612 1417 615 802 416 297 6488 1258 310 948 386 5230 701 373
is_linear=0
shrinkage=0.03


Tree=42
num_leaves=31
num_cat=0
split_feature=90 52 71 44 5 4 45 7 26 78 52 42 44 80 52 1 25 61 75 16 60 46 70 0 6 61 82 3 25 73
split_gain=0.665929 0.905855 1.0053 1.01682 0.589227 1.27281 0.531314 0.676455 1.32294 1.12563 0.514128 0.483416 0.471113 0.457997 0.721714 0.590672 0.432767 0.408232 0.480477 0.449384 0.402588 0.392502 0.457275 0.857499 0.426244 0.359849 0.499014 0.349298 0.46668 0.346379
threshold=65.500000000000014 0.38460191786748948 -3.8793101697926455 0.47156334231805935 44.806250000000006 59.050000000000004 0.37204760451632596 51.302436505990372 5.8892896781354063 28.950000000000003 0.55156185827828741 0.80267633369137148 0.0069204980842911884 7.0500000000000007 0.33960251419469567 47.288690476190482 18.922736295617657 650.60000000000002 195.80000000000004 6.5000000000000009 642.85000000000014 0.27234689996196276 51.583041958041967 55.500000000000007 50.667303868482414 467.50000000000006 7.1500000000000012 46.45000000000001 21.314044914949381 92.500000000000014
decision_type=2 10 2 10 10 10 8 8 8 2 10 10 8 2 8 10 8 8 10 2 8 10 2 2 10 8 2 10 8 2
left_child=4 2 -2 16 5 17 7 12 -9 -10 11 25 -6 14 -14 -16 -4 18 -1 -19 21 27 23 24 -23 29 -27 28 -15 -8
right_child=1 -3 3 -5 6 -7 10 8 9 -11 -12 -13 13 20 15 -17 -18 19 -20 -21 -22 22 -24 -25 -26 26 -28 -29 -30 -31
leaf_value=-0.00040551443503192172 0.075188181297940776 0.0088169785250993629 -0.047905455632300024 -0.061739081116864075 -0.094850457216427764 -0.043193432003549047 0.031794730712683725 -0.15056803357520393 -0.093440226232952575 0.011780262081340158 -0.069705560044151363 -0.034085271699783613 0.046001311060851799 0.026551278547623125 -0.0043525391766372845 -0.079427671454803339 -0.0052489341419514265 0.036504185015651731 -0.013973625019226344 -0.0085114991768794196 0.060643630553496114 -0.10663125214652067 0.10792608401843888 0.001101901380487825 -0.10937904515088942 0.048222834117541864 0.18250573576840884 0.072613794524158184 -0.048003458068760704 -0.11996508216314128
leaf_weight=3151.9507493376732 41.806496478617191 124.22692503407598 36.583802871406078 50.65753011032939 32.294606747105718 26.892708709463477 452.60809044539928 29.52553702890873 35.196234315633774 78.969959860667586 42.671100737527013 43.320884559303522 34.372837763279676 88.700975704938173 29.034431908279657 31.669208288192749 46.389306802302599 165.80621234327555 63.078125 78.445662647485733 89.662743113934994 21.674208423122764 75.823399536311626 67.821031410247087 23.737418347969651 271.24006450548768 590.75663911178708 245.77868524938822 38.0778430365026 26.090901285409927
leaf_count=13910 97 276 134 149 144 56 2552 139 104 223 185 70 103 395 74 131 93 269 68 93 96 103 363 164 100 330 811 844 122 53
internal_value=0.000114565 -0.00126232 -0.00264446 -0.00390774 0.000185478 -6.1996e-05 0.000552623 -8.58595e-06 -0.00189245 -0.000405486 0.000915191 0.0010157 0.000341045 0.000496183 -0.00143884 -0.00338561 -0.0018248 -1.05272e-05 -0.000100495 0.00116928 0.000780439 0.000480034 -0.000631094 -0.00183197 -0.00497421 0.00111691 0.00148295 0.00104406 -0.00023409 0.000456077
internal_weight=6134.86 299.664 175.437 133.631 5835.2 3486.17 2349.03 922.339 143.692 114.166 1426.69 1384.02 778.647 746.353 95.0765 60.7036 82.9731 3459.28 3215.03 244.252 651.276 561.614 189.056 113.233 45.4116 1340.7 861.997 372.558 126.779 478.699
internal_count=22251 749 473 376 21502 14396 7106 3105 466 327 4001 3816 2639 2495 308 205 227 14340 13978 362 2187 2091 730 367 203 3746 1141 1361 517 2605
is_linear=0
shrinkage=0.03


Tree=43
num_leaves=31
num_cat=0
split_feature=15 75 49 23 70 12 71 51 78 90 25 0 42 6 75 71 7 3 61 73 30 52 28 27 23 32 89 34 49 6
split_gain=0.689866 1.0529 0.786708 0.667568 0.44531 0.807073 0.54583 0.461034 0.434504 0.665339 0.765017 0.460776 0.510479 0.798611 0.424831 0.423282 0.516488 0.802644 0.507485 0.419376 0.631213 0.403255 0.358834 0.685124 0.355323 0.77725 0.520649 0.504116 0.693691 0.693672
threshold=63.236111111111121 195.80000000000004 170.05421465659299 24.211111111111112 32.387059369202241 33.527777777777786 -4.6116780045351478 9.5083887646053373 31.450000000000003 64.500000000000014 23.662418211559437 35.500000000000007 0.064839839839839861 32.571694719637456 190.41666666666671 1.0000000180025095e-35 50.633240057400762 78.100000000000009 422.85000000000008 69.500000000000014 14.567227844622609 0.53466595083215773 19.861904761904764 116.2869982149529 29.387500000000003 12.505319148936172 2024.5000000000002 17.866071428571434 187.5611972257631 39.47132703830642
decision_type=10 10 2 8 2 10 2 2 2 2 10 2 8 10 10 2 8 10 10 2 8 10 8 10 8 10 2 8 2 10
left_child=1 4 15 -3 5 7 21 8 14 10 11 -10 13 -13 19 16 22 -18 -17 -1 -21 -6 23 -2 26 27 -8 29 -29 -26
right_child=2 3 -4 -5 6 -7 24 -9 9 -11 -12 12 -14 -15 -16 18 17 -19 -20 20 -22 -23 -24 -25 25 -27 -28 28 -30 -31
leaf_value=0.00071707081822918177 0.011405506018973713 -0.042721892971330375 -0.013544319410213957 -0.02937661550976399 0.06679460547226844 -0.082784448147640521 -0.00070079778886342756 0.0093547584878228649 0.0019414839100461068 -0.062376189321380324 -0.042625998631291288 -0.0031891785905068114 -0.0015198143637951843 -0.071911137042999382 0.012088871316463926 -0.058054381189365394 -0.094607972430134607 0.034267078422674811 0.17104057622123159 -0.046848277673045176 -0.0020516204459531283 -0.091097239168153446 0.12401049995901021 -0.071831309835162643 -0.1204555990320426 -0.10224188104892221 0.041139908433606105 0.0016911010256443965 -0.031471959676502494 -0.011926164009575533
leaf_weight=326.71191625483334 82.422966342419386 93.03125 118.9286067597568 101.71875 491.18750110082328 58.007774455472827 1100.1184390801936 275.74650430493057 209.3151933029294 27.423662573099136 43.593129156157374 38.234935479238629 65.449719814583659 26.579542150720954 95.682704627513885 42.834899861365557 75.180737676098943 109.23867146298289 326.44096179865301 90.379041329026222 84.746924385428429 29.976635374128819 281.08719052933156 38.538400482386351 31.782486613839865 31.371106097474694 543.90698790550232 1037.566386628896 27.560469133779407 207.58963048644364
leaf_count=2424 244 95 245 147 1776 153 5809 931 1213 75 134 178 309 92 123 314 192 214 571 193 167 140 784 119 105 90 619 4025 73 665
internal_value=7.1055e-05 -7.61918e-05 0.000760725 -0.00223324 1.09932e-05 -0.000453474 0.000189091 -0.000295562 -0.000592846 -0.0013429 -0.00101147 -0.000524695 -0.00191833 -0.00378398 -7.60523e-05 0.00104725 0.000544728 -0.000766976 0.0018417 -0.000426105 -0.00160617 0.00108381 0.00114682 -0.000218446 3.22998e-05 -0.000330981 0.000327509 -0.000216861 6.31339e-05 -0.00145782
internal_weight=6112.35 5037.68 1074.67 194.75 4842.93 1341.87 3501.06 1283.86 1008.12 410.596 383.173 339.579 130.264 64.8145 597.521 955.744 586.468 184.419 369.276 501.838 175.126 521.164 402.049 120.961 2979.9 1335.87 1644.03 1304.5 1065.13 239.372
internal_count=22219 19536 2683 242 19294 5992 13302 5839 4908 2001 1926 1792 579 270 2907 2438 1553 406 885 2784 360 1916 1147 363 11386 4958 6428 4868 4098 770
is_linear=0
shrinkage=0.03


Tree=44
num_leaves=31
num_cat=0
split_feature=3 47 79 44 48 74 3 55 55 19 68 43 27 67 33 54 15 37 37 67 52 15 15 61 15 71 82 31 3 62
split_gain=0.694863 1.11512 0.647786 0.556928 0.47513 0.470691 0.505228 0.968792 0.458077 0.608822 1.00317 0.52381 0.705942 0.488199 1.42298 0.467207 0.413569 0.394047 0.638312 0.393322 0.477406 0.408072 0.448337 0.412744 0.51588 0.377433 0.440344 0.372704 0.437968 0.393059
threshold=73.100000000000009 0.35416666666666669 22.500000000000004 0.97259759759759767 200.0380698581898 -40.742857142857126 66.450000000000017 253.2166666666667 278.40833333333336 10.41666666666667 3.9012195121951199 0.67653316645807271 54.446640316205539 30.066228070175445 1.1055555555555558 209.33333333333337 48.519230769230781 9.2254434187324978 8.6227242634889123 25.445652173913047 0.20622140897030253 28.519230769230774 26.354166666666668 420.35000000000008 37.292857142857152 -3.2166666666666628 9.6500000000000004 5.3468132929615679 28.450000000000003 442.95000000000005
decision_type=10 10 2 8 2 8 10 2 2 10 2 8 10 2 10 2 10 10 10 2 10 10 10 10 10 2 2 10 10 8
left_child=4 2 -2 -4 5 -1 8 -8 9 13 -11 17 -13 14 15 16 19 18 25 -7 -21 22 27 24 -23 -10 -27 28 29 -22
right_child=1 -3 3 -5 -6 6 7 -9 11 10 -12 12 -14 -15 -16 -17 -18 -19 -20 20 21 23 -24 -25 -26 26 -28 -29 -30 -31
leaf_value=-0.029422829458428043 -0.028417733061531114 0.16342636796590645 0.039928968238280349 -0.043564758414016497 -0.038087810240939012 0.00083618830439778245 0.0028172163278958663 -0.082884368943894018 0.10731139139578404 -0.03293110428971676 -0.077517472577035673 0.012477319450972283 -0.033468189472677615 0.0018646438464254955 -0.11559514062808733 -0.026078194556359308 0.15175777219969147 0.068860417429486537 -0.023291269750291544 -0.060465077086670441 -0.05650369316095212 0.00365002443017131 -0.070307136557733449 0.019017167590080829 -0.0747319447241475 -0.0046877682433437142 0.070844690386622736 0.00027960879501347067 -0.103432493026217 0.016250356914643035
leaf_weight=32.090575516223907 45.563867202028632 369.79358766227961 133.87658678740263 44.896091759204865 57.895282566547394 394.90981719642878 151.5832179505378 112.00144255161285 107.57321858406067 165.26622273959219 35.523892682045698 93.857890486717224 100.42966651916504 3242.0588959846646 23.493092017248273 70.887132596224546 43.167915301397443 211.1130023598671 108.65183842182159 20.96728359721601 28.626189576461911 16.870098136365417 27.744973134249449 102.62470616959035 11.889846907928584 103.03219771385193 118.65183842182159 50.162057029083371 28.617413504049182 32.813791070133448
leaf_count=78 99 747 321 107 164 2323 649 120 115 715 140 103 109 13793 80 141 153 225 115 168 216 152 156 383 89 119 125 173 132 113
internal_value=4.58547e-05 0.00101956 -0.000647424 0.000172541 -5.96384e-05 -3.05886e-05 -8.73858e-06 -0.00128718 5.70727e-05 -6.84716e-05 -0.00167716 0.00069589 -0.000668103 1.08005e-05 -0.000627468 -0.000416467 -0.000197097 0.00110461 0.000588939 -0.000370589 -0.00115005 -0.000833757 -0.00180909 0.000417378 -0.00270052 0.00124627 0.000533808 -0.0011005 -0.002246 -0.000787477
internal_weight=6086.63 594.13 224.337 178.773 5492.5 5434.61 5402.52 263.585 5138.93 4295.62 200.79 843.31 194.288 4094.83 852.774 829.281 758.394 649.022 437.909 715.226 320.316 299.349 167.964 131.385 28.7599 329.257 221.684 140.219 90.0574 61.44
internal_count=22123 1274 527 428 20849 20685 20607 769 19838 18927 855 911 212 18072 4279 4199 4058 699 474 3905 1582 1414 790 624 241 359 244 634 461 329
is_linear=0
shrinkage=0.03


Tree=45
num_leaves=31
num_cat=0
split_feature=24 78 55 2 54 26 30 7 68 52 25 5 24 28 71 8 52 75 82 62 70 60 62 27 7 82 40 52 43 25
split_gain=0.728158 0.835166 1.32921 0.631326 0.822152 0.880193 0.582517 0.787473 0.460507 0.519525 0.460455 0.455171 0.451551 0.438216 0.761176 0.775958 0.702527 0.751785 0.661266 0.745898 1.42619 0.719625 0.992463 0.570194 0.644488 0.768714 0.750726 0.798822 0.684179 0.517864
threshold=18.414285714285715 37.650000000000013 311.12916666666678 69.833333333333357 206.57142857142858 6.9115057510022124 10.337703049301798 33.072722892697641 -3.1216489999675852 0.34456145709845792 28.053167222319708 46.767857142857146 9.7321428571428594 28.738852459016396 -4.3593171296296296 172.50000000000003 0.53845837754518755 176.02500000000003 7.5500000000000007 639.35000000000014 40.58729838709678 544.15000000000009 572.00000000000011 144.82955552492174 12.895153800677734 9.8500000000000032 29.934659181019445 0.37132855642212875 0.64858175006689878 21.713411970292707
decision_type=10 2 2 10 2 10 8 8 2 10 10 10 8 8 2 10 10 10 2 10 2 10 10 8 10 2 10 10 8 10
left_child=1 13 6 4 -2 -6 7 -3 -8 -10 11 -5 -11 18 -15 16 23 -18 -1 21 -21 22 -20 24 -16 26 27 -26 -27 -23
right_child=3 2 -4 10 5 -7 8 -9 9 12 -12 -13 -14 14 15 -17 17 -19 19 20 -22 29 -24 -25 25 28 -28 -29 -30 -31
leaf_value=0.011189576236042735 0.040657177258735293 -0.088637723924730336 -0.049674871401278485 -0.068275213751887637 0.080730258831032603 -0.10471738571385558 -0.022236530595420537 0.007707237828576869 0.058771090257188331 0.0087007623892213816 -0.031033433455422435 0.18231012936287921 -0.033267098269802689 0.055253452902513885 -0.11219005512311492 -0.10033545227292384 -0.0052061869329018502 -0.088735243443433254 -0.0013050089560216803 -0.025974901196066793 0.03626652250442778 0.061075270881382211 -0.054202994057777412 0.00026808930778103422 -0.0062975516254666969 0.026758135702711305 -0.007654384830671517 -0.078736930853855525 -0.041130315401775655 -0.0025628661411144439
leaf_weight=831.58816476538777 752.18576953560114 40.313598046079278 35 38.694453004747629 68.282696921378374 60.529992688447237 55.228949051350355 29.25645512714982 89.028386099264026 33.746966689825058 48.969449108466506 346.95232494361699 48.802868630737066 237.48439027741551 31.232093119993806 52.806971084326506 19.847447266802192 20.205706298351288 1722.421999534592 140.57321858406067 103.28660929203033 279.91152536869049 34.129122197628021 597.55619687587023 33.796851400285959 168.04949028976262 61.199642347171903 35.535395203158259 32.835550641641021 114.24092942476273
leaf_count=2560 3824 156 35 167 136 86 141 91 265 108 105 856 172 639 139 94 173 29 8629 148 107 312 43 1926 132 682 234 96 111 126
internal_value=-1.64866e-05 -0.000186364 -0.00163772 0.000609184 0.00014707 -0.00205813 -0.00097298 -0.00335345 -0.000231288 0.000538003 0.00154343 0.00189114 -0.00116932 -7.95433e-05 -0.000546525 -0.000892465 -0.000702909 -0.00454695 0.000107374 -0.000145792 -0.00171467 3.2811e-05 -0.000227287 -0.000537999 -0.00147464 -0.00107713 -0.00286002 -0.00497449 8.97851e-05 0.00118959
internal_weight=6163.69 4848.08 331.377 1315.61 880.998 128.813 296.377 69.5701 226.807 171.578 434.616 385.647 82.5498 4516.7 1290.55 1053.07 1000.26 40.0532 3226.15 2394.56 243.86 2150.7 1756.55 960.205 362.649 331.417 130.532 69.3322 200.885 394.152
internal_count=22322 17148 968 5174 4046 222 933 247 686 545 1128 1023 280 16180 4255 3616 3522 202 11925 9365 255 9110 8672 3320 1394 1255 462 228 793 438
is_linear=0
shrinkage=0.03


Tree=46
num_leaves=31
num_cat=0
split_feature=19 68 52 49 71 3 5 3 51 32 11 81 76 74 70 90 63 52 27 60 52 13 37 68 15 55 62 62 6 70
split_gain=0.514894 1.1761 0.793536 0.528271 0.870781 0.679216 0.625549 0.616988 0.743018 0.612875 0.561713 0.637802 0.463306 0.672561 0.459457 0.431571 0.795509 0.574868 1.1602 0.695884 0.538178 1.14159 0.475454 0.448714 0.426287 0.423427 0.719905 0.420877 0.486872 0.401877
threshold=10.41666666666667 3.9012195121951199 0.22779448433473395 185.27708475734792 1.7545893719806787 72.450000000000017 51.405882352941184 65.700000000000003 9.7837218337218346 10.401834862385323 54.350000000000001 20.750000000000004 1.0000000180025095e-35 -2.8250000000000024 49.429089026915122 30.500000000000004 469.55000000000007 0.43445750709798586 157.66351911561495 578.05000000000007 0.19281604834873659 3.5777777777777779 9.8851314962750205 1.0000000180025095e-35 59.033333333333339 281.49722222222232 600.20000000000016 470.05000000000007 27.999489966600219 32.080028462998108
decision_type=10 2 10 2 2 10 10 10 2 8 8 2 2 8 2 2 8 10 8 10 10 10 8 2 8 2 10 10 8 2
left_child=3 2 -2 5 12 7 9 14 10 -7 11 -9 13 -5 15 16 -1 20 19 -19 21 22 -17 27 25 26 -25 -22 -29 -4
right_child=1 -3 29 4 -6 6 -8 8 -10 -11 -12 -13 -14 -15 -16 17 -18 18 -20 -21 23 -23 -24 24 -26 -27 -28 28 -30 -31
leaf_value=-0.0017117085882439652 -0.039080301648073516 -0.060626091189529933 -0.07768689175278648 -0.077400361376548876 -0.047656811638790646 0.0001781887059199505 0.12059350798494604 0.044895989821627881 -0.083047417122993128 -0.064863047452035194 -0.13058679078621477 -0.079402760382068116 0.032150436825995256 0.025860852228762814 0.049455082696838397 0.068226839137187092 0.015731881500024966 0.0008502529239464929 -0.06245852617912076 -0.020779154650002647 -0.0010383923972631947 -0.080460482916779194 -0.054700902555440231 -0.0021916608172849639 -0.04149184767821644 0.0095858660987582656 -0.062214127535011293 -0.0021479909254168124 0.057166281062357764 0.019749174623131249
leaf_weight=1132.4974872935563 42.51994669623673 51.568304650485516 54.875387573614717 47.095582466572523 60.419890312477946 43.876879192888737 473.95171392150223 144.9702116176486 40.091195430606604 39.443891087546945 30.227991253137589 59.442590279504657 84.218417456373572 39.831251282244921 775.40074750967324 47.554093124344945 887.73263846337795 316.98913838155568 64.723157024011016 76.447228908538818 404.10595533624291 41.162758283317089 28.438063535839319 371.47663183324039 64.410769006237388 47.667710840702057 26.318106710910797 104.76027218811214 357.08408689312637 144.70825463160872
leaf_count=6529 143 168 230 101 122 122 998 490 71 90 58 183 190 101 3019 204 1634 1506 187 88 2435 197 132 1606 152 52 29 187 585 453
internal_value=8.60384e-05 -0.00113739 -0.000253164 0.000148059 -0.00125291 0.000206425 0.00119912 9.60421e-05 -0.0012836 -0.00118727 -0.000629024 -5.62527e-05 -0.000152298 -0.00167922 0.000176146 4.56461e-05 0.000352902 -0.000272508 -0.00120082 -0.00058289 1.29827e-05 -0.00193006 0.000263057 0.000179719 -0.000525701 -0.000193177 -0.000515148 0.000595199 0.00121284 0.000544644
internal_weight=6104.01 293.672 242.104 5810.34 231.565 5578.77 557.272 5021.5 274.732 83.3208 234.641 204.413 171.145 86.9268 4746.77 3971.37 2020.23 1951.14 458.16 393.436 1492.98 117.155 75.9922 1375.82 509.873 445.462 397.795 865.95 461.844 199.584
internal_count=22062 994 826 21068 514 20554 1210 19344 802 212 731 673 392 202 18542 15523 8163 7360 1781 1594 5579 533 336 5046 1839 1687 1635 3207 772 683
is_linear=0
shrinkage=0.03


Tree=47
num_leaves=31
num_cat=0
split_feature=24 85 78 54 3 22 64 38 74 7 49 79 56 22 7 1 90 45 54 79 7 25 63 27 22 61 15 90 68 73
split_gain=0.752305 0.51713 0.482625 0.815712 0.617037 0.717413 0.554431 0.540495 0.688946 0.675244 0.595887 0.532146 0.519309 0.50043 0.514483 1.13804 0.475668 0.46712 0.898854 0.50287 0.418837 0.600192 1.2317 0.625778 0.608131 0.613477 0.591009 0.47855 1.08652 0.456541
threshold=27.31666666666667 1.0000000180025095e-35 37.650000000000013 233.40000000000003 27.100000000000005 134.3654141104295 0.34051554278031487 0.97122153209109741 -24.516666666666662 29.857076213068641 179.58243145743148 12.500000000000002 92.292718883761808 25.657894736842106 46.744197461213723 51.101724137931043 25.500000000000004 0.32009852216748774 209.33333333333337 20.500000000000004 27.153360730751274 15.587906716938976 603.80000000000007 129.02224330023185 119.71796017677146 494.75000000000006 54.029411764705891 41.500000000000007 -3.1216489999675852 95.500000000000014
decision_type=10 2 2 2 8 8 2 8 8 8 2 2 2 8 10 10 2 10 2 2 10 10 10 10 10 8 10 2 2 2
left_child=1 -1 6 4 5 -4 7 8 9 -3 -10 -6 17 -14 20 -16 -12 18 19 -9 21 23 27 24 25 26 -15 28 -23 -22
right_child=-2 2 3 -5 11 -7 -8 12 10 -11 16 -13 13 14 15 -17 -18 -19 -20 -21 29 22 -24 -25 -26 -27 -28 -29 -30 -31
leaf_value=0.034979355739060233 0.1053838093970471 -0.087063412478092655 -0.069466790235216708 -0.044944557507952801 -0.067745092706430504 -0.001478237360720369 0.015135067060447883 -0.034538645482342714 0.0077189363545190834 -0.0010725595448762082 -0.012661751922895105 0.01269225950992884 -0.12171400715922615 -0.0281300024665691 -0.084379631052876464 -0.004220575784050426 -0.095679171420373119 0.010985630314832909 -0.085062210347551764 0.0091831019144109714 -0.0023295110024033816 -0.10218825237046245 -0.043772637373656428 0.063520322418691655 -0.039166311608330777 0.0099363678199909829 -0.13226466817603807 0.0019284557842113204 -0.012254371319356219 0.09743185160599864
leaf_weight=695.63471088930964 231.60224706679583 49.753413196653128 42.150160245597363 46.680903613567352 37.904213858768344 31.815344577655196 502.80821543186903 42.432410096749663 1786.5664035771042 49.348547015339136 41.121651165187359 182.58196028321981 31.959554946050048 225.15397800691426 83.020983994007111 111.09574674628675 47.207652434706688 313.59202647209167 65.218638982623816 205.1997177824378 654.56601607240736 31.792294466868043 35.730705678462982 76.626492148265243 40.27215014025569 138.13850384950638 16.668670183047652 72.280156699940562 143.11986373178661 94.53428190946579
leaf_count=2410 950 119 188 56 189 80 2299 109 6736 106 111 523 98 1353 183 232 114 1048 85 801 2406 103 38 302 185 250 113 278 630 123
internal_value=3.63853e-05 -2.96395e-05 -0.000132458 -0.00122152 -0.000629758 -0.00298104 -5.5751e-05 -0.000164705 0.000202311 -0.00222283 0.000331614 0.000168914 -0.000468889 -0.000733462 -0.000662997 -0.00211406 -0.00206002 0.000272289 -0.000547086 0.000282032 -0.0004775 -0.000963705 -0.00206414 -0.000334207 -0.00078971 -0.000412885 -0.00132205 -0.00129664 -0.0021416 2.92303e-05
internal_weight=6126.58 5894.98 5199.34 341.133 294.452 73.9655 4858.21 4355.4 1974 99.102 1874.9 220.486 2381.4 1754.96 1723 194.117 88.3293 626.443 312.851 247.632 1528.88 779.783 282.923 496.86 420.233 379.961 241.823 247.192 174.912 749.1
internal_count=22218 21268 18858 1036 980 268 17822 15523 7186 225 6961 712 8337 6294 6196 415 225 2043 995 910 5781 3252 1049 2203 1901 1716 1466 1011 733 2529
is_linear=0
shrinkage=0.03


Tree=48
num_leaves=31
num_cat=0
split_feature=70 7 37 70 48 23 23 54 61 70 61 65 89 81 26 22 7 23 60 27 46 55 19 62 15 15 63 62 54 60
split_gain=0.572305 0.894463 0.703523 0.58418 0.720895 0.852659 0.445467 0.792154 0.619011 0.673498 0.813425 1.01199 0.756344 0.690549 0.664707 0.612665 0.58334 0.552878 0.454999 0.734809 0.450046 0.448438 0.415792 0.550576 0.46091 0.859793 0.371707 0.369023 0.363745 0.732466
threshold=32.080028462998108 44.42172886023598 10.505725190839696 31.000946969696972 119.00385412280707 20.267857142857146 12.52777777777778 260.80000000000007 513.35000000000002 35.937784623831391 454.50000000000006 3.5000000000000004 2023.5000000000002 25.350000000000005 4.9916943521594694 116.04377843403306 22.99445576074416 14.585714285714287 646.60000000000014 185.749299719888 0.29974619289340104 271.38571428571436 1.5500000000000003 454.65000000000003 46.720779220779228 44.033333333333339 425.75000000000006 429.90000000000003 178.55833333333337 487.30000000000001
decision_type=2 10 10 2 2 10 10 2 10 2 10 10 2 2 10 8 10 10 8 10 8 2 10 8 10 10 8 10 2 8
left_child=1 2 3 22 -5 -6 7 8 9 26 -11 12 -12 15 20 -13 -17 -8 19 -19 -10 -22 23 27 25 28 -2 -1 29 -24
right_child=6 -3 -4 4 5 -7 17 -9 14 10 11 13 -14 -15 -16 16 -18 18 -20 -21 21 -23 24 -25 -26 -27 -28 -29 -30 -31
leaf_value=0.012017254752706066 -0.054838504053379894 -0.064182410911890309 0.035956302172749081 -0.0010403827585299297 -0.1291164568113643 -0.02273160694483364 0.061567331313251462 -0.022577448311784529 0.044304642203960999 -0.0022025084014815908 -0.10897539844173446 0.012288579565849651 -0.11238655327809115 -0.098077667531496257 -0.022072021736375919 0.0036664373027207506 -0.074849826766955951 0.012054169829677245 0.076852772395011745 -0.068815848339478861 -0.040790231344213064 0.022994453158372712 -0.0090340369096259202 0.010591881960187467 0.023461143557251853 -0.071472772525844261 0.010898280562689199 -0.083236072074447234 -0.008424671383367709 0.057107585058641899
leaf_weight=37.413441546261311 55.997854467481375 28.127309679985046 158.94160774536431 67.773120798170567 33.230537932366133 40.158320993185043 140.44271207787097 86.064561098814011 323.52526924014091 474.04619310051203 28.048861972987652 96.226290615275502 27.957001745700836 37.343040019273758 94.04328516125679 40.008425872772932 39.935258256271482 2566.6687273215503 330.38881023228168 74.839477527886629 92.459855377674103 118.19211703538895 427.89518446847796 99.124613782390952 107.61284397542477 27.154498793184757 136.88544441387057 38.508066091686487 262.76377660408616 83.117384925484657
leaf_count=331 404 77 509 310 116 140 479 92 370 3063 168 279 41 95 113 119 90 9500 363 169 120 125 2866 223 365 91 489 171 701 147
internal_value=7.37901e-05 -0.000456493 -0.000346715 -0.000590666 -0.00239903 -0.00443818 0.000231034 -0.000167274 -1.22899e-05 -0.000500833 -0.000910496 -0.00222314 -0.0057774 -0.00126825 0.000715588 -0.000471344 -0.00239712 0.000442276 0.000354929 0.000223381 0.00112521 4.51969e-05 -0.000353092 0.000981975 -0.000611111 -0.000858952 0.00107497 -0.000934097 -0.000670653 -0.000203219
internal_weight=6174.89 1411.82 1383.69 1224.75 141.162 73.3889 4763.07 1650.73 1564.67 936.448 743.565 269.519 56.0059 213.513 628.221 176.17 79.9437 3112.34 2971.9 2641.51 534.177 210.652 1083.59 175.046 908.544 800.931 192.883 75.9215 773.776 511.013
internal_count=22126 6047 5970 5461 566 256 16079 5568 5476 4748 3855 792 209 583 728 488 209 10511 10032 9669 615 245 4895 725 4170 3805 893 502 3714 3013
is_linear=0
shrinkage=0.03


Tree=49
num_leaves=31
num_cat=0
split_feature=72 44 46 72 90 39 53 41 7 78 36 45 45 7 80 4 33 22 78 62 61 78 52 30 2 57 17 37 90 54
split_gain=0.583924 0.474646 0.513217 0.914823 0.461992 0.80383 0.74837 0.517448 0.496035 1.01559 0.933296 0.976093 1.19196 0.809615 0.509242 0.429423 0.628346 0.633859 0.5851 0.551337 0.717592 0.506483 0.485034 0.962747 0.41701 0.419651 0.442693 1.08327 0.66451 0.860321
threshold=201.07500000000002 0.37105088127702035 0.42921784098254695 173.37500000000003 59.500000000000007 24.004098360655743 0.50640366030755424 3.7874281609195406 40.54503668086295 32.750000000000007 3.8591269841269846 0.23126444371079566 0.37578451882845193 44.834417575122096 7.7500000000000009 45.95000000000001 1.1833333333333336 168.66169154228859 21.450000000000003 612.80000000000007 494.75000000000006 31.750000000000004 0.53035445965794958 18.613637550642782 71.833333333333357 10.094060727408445 339.50000000000006 8.6446583719311008 17.500000000000004 245.96388888888893
decision_type=10 10 10 10 2 10 10 8 8 2 10 10 10 8 2 10 10 10 2 10 10 2 10 8 10 2 10 8 2 2
left_child=1 2 15 -4 8 6 7 -6 24 10 11 13 -13 -10 -11 16 17 19 -17 20 -1 -18 -20 -24 25 26 28 -28 -3 -30
right_child=-2 4 3 -5 5 -7 -8 -9 9 14 -12 12 -14 -15 -16 18 21 -19 22 -21 -22 -23 23 -25 -26 -27 27 -29 29 -31
leaf_value=0.00086419835288130463 -0.020650477826641811 0.013176061575239654 0.011640680720779163 -0.069799970394125332 0.0063286406437314865 -0.057766177784239529 -0.057618351466121202 -0.013200963292287121 -0.048452991494403116 -0.031008432995772911 0.0086008486785840478 -0.12992719934568014 -0.080124905543768735 0.014149655608892128 0.18244393040762702 -0.11634155827128777 -0.022323421509811227 -0.040073965812052456 0.078749939935168226 -0.012436751111507905 0.056183159617538558 -0.1097152984057502 0.10704613131487289 -0.098584366066854154 0.059445554637366657 0.03487761310756661 0.013124814806536449 -0.12292563189065474 -0.00086999376890758789 -0.010900816874026545
leaf_weight=1036.7681613136083 105.49977839924395 549.95634055882692 69.778912575915456 61.516928244382143 138.63040522485971 54.720910828560591 48.053508680313826 55.18561565130949 38.939663762226701 38.184469053521752 52.75097257271409 28.785830454900861 44.167495911940932 70.430499551817775 83.217783320695162 40.154490828514099 37.701782215386629 30.830372091382742 1427.8079798799008 176.44454926252365 339.3673793785274 32.850714290514588 37.786767862737179 37.215889565646648 100.9617174398154 162.11295496858656 39.509215358644724 29.004978077486157 1106.0881685204804 70.294484406709671
leaf_count=6310 190 2205 261 117 313 140 128 150 99 107 186 96 155 240 266 169 140 115 3855 195 559 98 166 124 351 372 177 106 4797 79
internal_value=7.00865e-05 0.000108902 0.00034889 -0.00148249 -0.000185746 -0.00130104 -0.000550249 0.000286112 -4.82589e-05 -0.00107979 -0.0022273 -0.00324013 -0.00590536 -0.00142494 0.00114222 0.000424544 8.86056e-05 0.000212739 0.000784358 0.00029847 0.000501096 -0.00266137 0.000880487 -0.00145745 0.000130862 3.33902e-05 -9.89579e-05 -0.00244623 -4.43807e-06 -0.000406835
internal_weight=6144.72 6039.22 3328.22 131.296 2711 296.59 241.87 193.816 2414.4 356.477 235.074 182.323 72.9533 109.37 121.402 3196.93 1653.96 1583.41 1542.97 1552.58 1376.14 70.5525 1502.81 75.0027 2057.93 1956.97 1794.85 68.5142 1726.34 1176.38
internal_count=22266 22076 12109 378 9967 731 591 463 9236 1149 776 590 251 339 373 11731 7417 7179 4314 7064 6869 238 4145 290 8087 7736 7364 283 7081 4876
is_linear=0
shrinkage=0.03


end of trees

feature_importances:
opp_scored_10=60
venue_par_20=44
league_par_60=43
season_mean=39
opp_spin_share=37
venue_matches=36
opp_conceded_10=35
sd_10=34
opp_attack=33
temp=32
team_conceded_10=31
mean_5=30
venue_lift=29
match_number=29
bat_pos_5=28
econ_car=28
opp_batting=27
opp_mean_shrunk=27
sr_10=25
bowl_pp_share_10=25
bowl_death_share_10=24
team_scored_10=24
avg_10=23
econ_10=23
team_bat_depth_excl=23
bat_mid_share_10=22
opp_left_share=22
mean_all=21
mean_3=21
mean_20=21
sr_car=21
year=21
n_prev=20
dew_point=20
wind=20
avg_car=19
sr_v_pace=19
venue_par_rel=18
max_10=17
opp_lift=17
venue_mean_shrunk=16
bat_death_share_10=15
econ_v_R=15
mean_10=14
overs_pm_10=14
dot_pct_car=14
six_rate_10=13
bpi_car=13
dot_pct_10=13
wpm_car=13
bat_pp_share_10=13
batting_10=12
bpi_10=12
bdry_pct_10=12
bsr_10=12
bsr_car=12
field_dis_10=12
exp_sr_matchup=12
ewm_5=11
sr_v_spin=11
days_rest=10
bdry_pct_car=10
six_rate_car=10
home_share=10
dew_spread=10
team_rest=9
bat_pos_last=8
wpm_10=8
econ_v_L=8
humidity=8
seasons_played=7
overs_pm_car=7
venue_n=7
bats_first=7
fielding_10=6
batted_rate_10=4
bowling_10=3
exp_econ_matchup=3
opp_n=3
role_code=3
p50plus_10=2
plow_10=2
rank_in_team=2
won_toss=2
bowled_rate_10=1
left_hand=1
bowl_grp_code=1
impact_era=1

parameters:
[boosting: gbdt]
[objective: quantile]
[metric: quantile]
[tree_learner: serial]
[device_type: cpu]
[data_sample_strategy: bagging]
[data: ]
[valid: ]
[num_iterations: 50]
[learning_rate: 0.03]
[num_leaves: 31]
[num_threads: 4]
[seed: 11]
[deterministic: 0]
[force_col_wise: 0]
[force_row_wise: 0]
[histogram_pool_size: -1]
[max_depth: -1]
[min_data_in_leaf: 100]
[min_sum_hessian_in_leaf: 0.001]
[bagging_fraction: 0.8]
[pos_bagging_fraction: 1]
[neg_bagging_fraction: 1]
[bagging_freq: 1]
[bagging_seed: 27648]
[bagging_by_query: 0]
[feature_fraction: 0.8]
[feature_fraction_bynode: 1]
[feature_fraction_seed: 4989]
[extra_trees: 0]
[extra_seed: 22223]
[early_stopping_round: 0]
[early_stopping_min_delta: 0]
[first_metric_only: 0]
[max_delta_step: 0]
[lambda_l1: 0]
[lambda_l2: 1]
[linear_lambda: 0]
[min_gain_to_split: 0]
[drop_rate: 0.1]
[max_drop: 50]
[skip_drop: 0.5]
[xgboost_dart_mode: 0]
[uniform_drop: 0]
[drop_seed: 21136]
[top_rate: 0.2]
[other_rate: 0.1]
[min_data_per_group: 100]
[max_cat_threshold: 32]
[cat_l2: 10]
[cat_smooth: 10]
[max_cat_to_onehot: 4]
[top_k: 20]
[monotone_constraints: ]
[monotone_constraints_method: basic]
[monotone_penalty: 0]
[feature_contri: ]
[forcedsplits_filename: ]
[refit_decay_rate: 0.9]
[cegb_tradeoff: 1]
[cegb_penalty_split: 0]
[cegb_penalty_feature_lazy: ]
[cegb_penalty_feature_coupled: ]
[path_smooth: 0]
[interaction_constraints: ]
[verbosity: -1]
[saved_feature_importance_type: 0]
[use_quantized_grad: 0]
[num_grad_quant_bins: 4]
[quant_train_renew_leaf: 0]
[stochastic_rounding: 1]
[linear_tree: 0]
[max_bin: 255]
[max_bin_by_feature: ]
[min_data_in_bin: 3]
[bin_construct_sample_cnt: 200000]
[data_random_seed: 74]
[is_enable_sparse: 1]
[enable_bundle: 1]
[use_missing: 1]
[zero_as_missing: 0]
[feature_pre_filter: 1]
[pre_partition: 0]
[two_round: 0]
[header: 0]
[label_column: ]
[weight_column: ]
[group_column: ]
[ignore_column: ]
[categorical_feature: ]
[forcedbins_filename: ]
[precise_float_parser: 0]
[parser_config_file: ]
[objective_seed: 24011]
[num_class: 1]
[is_unbalance: 0]
[scale_pos_weight: 1]
[sigmoid: 1]
[boost_from_average: 1]
[reg_sqrt: 0]
[alpha: 0.1]
[fair_c: 1]
[poisson_max_delta_step: 0.7]
[tweedie_variance_power: 1.5]
[lambdarank_truncation_level: 30]
[lambdarank_norm: 1]
[label_gain: ]
[lambdarank_position_bias_regularization: 0]
[eval_at: ]
[multi_error_top_k: 1]
[auc_mu_weights: ]
[num_machines: 1]
[local_listen_port: 12400]
[time_out: 120]
[machine_list_filename: ]
[machines: ]
[gpu_platform_id: -1]
[gpu_device_id: -1]
[gpu_device_id_list: ]
[gpu_use_dp: 0]
[num_gpu: 1]

end of parameters

pandas_categorical:[]
