tree
version=v4
num_class=1
num_tree_per_iteration=1
label_index=0
max_feature_idx=91
objective=quantile
feature_names=n_prev mean_all mean_3 mean_5 mean_10 mean_20 ewm_5 sd_10 max_10 p50plus_10 plow_10 batting_10 bowling_10 fielding_10 season_n season_mean seasons_played days_rest bat_pos_last bat_pos_5 batted_rate_10 bowled_rate_10 sr_10 avg_10 bpi_10 bdry_pct_10 six_rate_10 sr_car avg_car bpi_car bdry_pct_car six_rate_car econ_10 wpm_10 bsr_10 dot_pct_10 overs_pm_10 econ_car wpm_car bsr_car dot_pct_car overs_pm_car bat_pp_share_10 bat_mid_share_10 bat_death_share_10 bowl_pp_share_10 bowl_death_share_10 field_dis_10 sr_v_spin sr_v_pace econ_v_L econ_v_R opp_spin_share opp_left_share opp_attack opp_batting exp_sr_matchup exp_econ_matchup team_bat_depth_excl rank_in_team team_scored_10 team_conceded_10 opp_scored_10 opp_conceded_10 home_share team_rest venue_n venue_mean_shrunk venue_lift opp_n opp_mean_shrunk opp_lift venue_par_20 venue_matches venue_par_rel league_par_60 bats_first won_toss temp humidity dew_point dew_spread wind rain night role_code left_hand bowl_grp_code impact_era year match_number playoff
feature_infos=[0:280] [-2:228] [-2:228] [-2:228] [-2:228] [-2:228] [-2:228] [0:100.06997551713501] [-2:306] [0:1] [0:1] [-2:194] [0:186] [0:36] [0:18] [-4:228] [0:19] [1:400] [1:11] [1:11] [0:1] [0:1] [0:600] [0:249] [0:73] [0:100] [0:100] [0:600] [0:163] [0:73] [0:100] [0:100] [0:36] [0:6] [2:186] [0:100] [0.16666666666666666:4] [1.5:36] [0:6] [2:156] [0:83.333333333333343] [0.16666666666666666:4] [0:1] [0:1] [0:1] [0:1] [0:1] [0:4] [0:600] [0:600] [1.5:36] [1.5:36] [0:0.75855130784708247] [0:0.95604395604395609] [0:396.30000000000001] [0:368.5] [0:600] [1.5:36] [0:368.5] [1:13] [201:750.70000000000005] [201:719.10000000000002] [201:750.70000000000005] [201:719.10000000000002] [0:1] [1:125] [0:94] [-2:228] [-23.431731984829327:40.761627906976749] [0:43] [-2:228] [-25.20814479638009:35.487179487179489] [110:240] [0:131] [-60:62.666666666666657] [150.01666666666668:231] [0:1] [0:1] [12:42.899999999999999] [7:98] [-5.4000000000000004:28.699999999999999] [0.39999999999999858:42.299999999999997] [0.40000000000000002:29.899999999999999] [0:11] [0:1] [0:3] [0:1] [0:2] [0:1] [2008:2026] [0:72] [0:1]
tree_sizes=3160 3450 3434 3441 3451 3441 3461 3457 3454 3439 3458 3459 3460 3460 3446 3472 3464 3448 3433 3445 3434 3465 3437 3464 3460 3449 3466 3454 3458 3447 3470 3465 3464 3445 3454 3466 3449 3464 3472 3464 3465 3473 3462 3465 3458 3441 3473 3459 3456 3450 3467 3445 3469 3458 3446 3458 3481 3467 3444 3472 3456 3477 3465 3477 3474 3459 3462 3465 3478 3448 3452 3461 3470 3467

Tree=0
num_leaves=31
num_cat=0
split_feature=5 6 89 21 34 60 60 59 67 50 6 4 19 12 1 35 71 39 26 24 71 90 44 82 30 39 36 51 63 80
split_gain=32.1559 10.136 7.70261 5.84709 5.68574 4.87542 3.64148 3.19191 2.73372 2.44867 2.77599 2.01768 1.98514 1.91309 1.89192 1.78167 1.67847 1.8335 1.62721 1.58491 1.48879 1.46149 1.3452 1.97642 1.33353 1.31206 1.43724 1.28624 2.03035 1.26714
threshold=44.806250000000006 31.819552277689723 2024.5000000000002 0.89444444444444449 15.449494949494952 494.60000000000008 586.75000000000011 7.7500000000000009 35.355339105339119 8.4250019437101553 67.671040186296509 38.81666666666667 4.4500000000000011 28.633333333333336 28.278129395218006 38.339598997493745 -1.2679937548790023 19.556186868686876 8.3213944603629439 18.31666666666667 5.6356421356421373 30.500000000000004 0.06859943977591039 12.850000000000003 18.184891511463523 18.733854166666671 3.6138888888888894 8.476498526039963 493.30000000000007 13.65
decision_type=10 10 2 10 10 10 8 10 2 2 10 10 8 10 10 8 2 10 8 8 2 2 10 2 10 8 10 2 10 2
left_child=1 3 -3 8 11 20 27 -6 12 10 22 -4 14 -9 -1 16 -11 -18 -13 -17 25 -12 -7 29 -10 -2 -27 28 -5 -24
right_child=5 2 4 6 7 9 -8 13 24 15 21 18 -14 -15 -16 19 17 -19 -20 -21 -22 -23 23 -25 -26 26 -28 -29 -30 -31
leaf_value=34.549999999999997 34.880000000000003 34.850000000000001 35.18 34.880000000000003 35.57 35.420000000000002 35.225356201604008 35.210000000000001 34.729999999999997 35.450000000000003 35.345831097662447 35 34.520000000000003 35 35.119999999999997 35.630000000000003 35 35.57 34.579999999999998 35.599199387431142 35.299999999999997 35.810000000000002 35.045223224163053 35.241540220975878 35.18 35.090000000000003 35.240000000000002 34.82 35.390000000000001 34.640000000000001
leaf_weight=97.470555583015084 253.36592150293291 1386.8592873364687 141.19524955749512 227.08000443503261 111.08344233036041 160.37883660942316 52.134811744093895 126.19524955749512 229.28602988645434 167.68966707587242 111.0358923971653 134.51335626840591 517.44978863559663 119.00313252210617 52.103642418980598 136.81907978653908 143.28734100610018 111.05888479948044 93.240929424762726 99.447227776050568 208.3311834409833 160.54232197999954 99.380066514015198 84.530064761638641 42.596243977546692 564.57622584328055 81.998459294438362 237.39334249310195 42.11418654769659 98.174236506223679
leaf_count=636 1538 7189 161 1470 128 201 66 146 985 188 132 157 2157 132 327 151 163 124 105 114 1048 181 116 103 150 2782 440 856 82 122
internal_value=34.9998 34.9979 34.9993 34.9961 35.0018 35.0024 34.9985 35.0045 34.9946 35.0036 35.0024 34.9992 34.9936 35.0026 34.9967 35.0049 35.0037 35.0022 34.9974 35.007 35.0009 35.0047 35.0009 34.9996 34.9972 35.0004 35.0011 34.9977 34.9991 34.998
internal_weight=6090.33 3609.72 2112.09 1497.63 725.231 2480.62 558.722 356.282 938.906 1372.34 714.041 368.95 667.024 245.198 149.574 658.302 422.036 254.346 227.754 236.266 1108.27 271.578 442.463 282.084 271.882 899.941 646.575 506.588 269.194 197.554
internal_count=22150 14747 8018 6729 829 7403 2474 406 4255 1595 855 423 3120 278 963 740 475 287 262 265 5808 313 542 341 1135 4760 3222 2408 1552 238
is_linear=0
shrinkage=1


Tree=1
num_leaves=31
num_cat=0
split_feature=6 6 89 21 60 11 44 63 45 6 68 55 62 39 15 35 74 0 86 55 23 55 6 61 25 82 73 56 62 19
split_gain=27.2389 7.73376 6.56087 5.27601 4.45132 4.18202 3.19883 2.7898 2.74539 3.57308 3.23291 2.9135 2.64301 2.55455 1.81484 1.78247 1.80893 1.53409 1.50979 1.44147 1.39044 1.36092 1.353 1.30351 1.30169 1.42253 1.30798 1.24242 1.22461 1.28031
threshold=44.710287863656255 28.529843950571621 2024.5000000000002 0.89444444444444449 512.6500000000002 12.52777777777778 0.31139808227652338 569.30000000000007 0.061381475667189961 57.356143391911822 -2.1466519414089738 295.42500000000007 587.30000000000007 21.340374564459932 28.033333333333335 38.105915011744614 -7.4416666666666762 13.500000000000002 1.0000000180025095e-35 218.18730158730162 27.950000000000003 293.33571428571435 37.639354419396817 529.85000000000014 17.223551302498674 5.9500000000000011 42.500000000000007 158.95100358618367 498.95000000000005 4.4500000000000011
decision_type=10 10 2 8 10 10 10 8 10 10 2 2 10 10 8 10 10 2 2 2 10 2 10 10 8 2 2 2 10 10
left_child=1 3 17 14 22 7 -7 -6 9 18 -11 -12 -5 15 -1 16 -10 -2 -4 27 -8 -9 23 28 25 -16 -27 -19 29 -3
right_child=2 4 8 12 5 6 20 21 13 10 11 -13 -14 -15 24 -17 -18 19 -20 -21 -22 -23 -24 -25 -26 26 -28 -29 -30 -31
leaf_value=-0.4956000000000001 -0.15270000000000009 -0.085500000000000034 0.19270015662610535 -0.17189999999999989 0.41369999999999996 0.14460000000000001 -0.46560000000000007 0.0063453407853841341 -0.084192795199155873 1.2774385662943124 0.71729999999999983 -0.17570496573460037 0.21539999999999998 0.85962506707012654 0.3143999999999999 0.46419449225664128 0.43688269363939752 0.033599999999999922 -0.26886970589473458 0.45449999999999996 -0.1788965343296528 0.35236936832964416 -0.062700000000000103 0.14369999999999997 -0.46560000000000007 -0.40560000000000007 0.014399999999999906 0.45359999999999989 -0.53549999999999998 -0.17640000000000006
leaf_weight=401.21887308731675 189.06632871367037 356.12806650623679 194.9259552359581 417.13335936330259 93.935529410839081 156.38230657577515 91.936289399862289 154.32099181413651 106.44722890853882 147.35273665189743 232.97476762533188 114.87401032447815 73.332742035388947 153.97163510322571 21.927405122667551 166.81414800882339 152.82833045721054 776.21377183310688 103.76533561944962 103.62750546261668 98.870889961719513 107.66771084070206 781.78643635287881 28.772177159786224 74.938341809436679 50.722497351467609 55.985158212482929 95.136220356449485 54.061493426561356 538.44599045999348
leaf_count=1954 1454 1935 217 2162 124 185 101 173 118 162 260 119 89 168 57 186 165 3915 118 213 111 112 3902 42 215 368 137 437 102 2844
internal_value=-9.70083e-06 -0.00170338 0.0023641 -0.00379948 -0.00076985 0.00124655 -0.00109489 0.00352719 0.00376733 0.0026156 0.00417612 0.00258547 -0.00148293 0.00533643 -0.00567258 0.0041227 0.00255048 0.000706014 2.30943e-05 0.00118569 -0.00369324 0.00192209 -0.00157601 -0.00231963 -0.00334019 -0.00148821 -0.00292242 0.000785185 -0.00251149 -0.0022411
internal_weight=6095.56 3557.57 2538 1095.26 2462.31 703.114 347.189 355.924 1373.95 793.893 495.202 347.849 490.466 580.061 604.792 426.09 259.276 1164.04 298.691 974.977 190.807 261.989 1759.19 977.408 203.573 128.635 106.708 871.35 948.636 894.574
internal_count=22145 14613 7532 4982 9631 806 397 409 1513 876 541 379 2251 637 2731 469 283 6019 335 4565 212 285 8825 4923 777 562 505 4352 4881 4779
is_linear=0
shrinkage=0.03


Tree=2
num_leaves=31
num_cat=0
split_feature=5 1 89 46 55 85 5 44 55 45 67 61 60 70 0 44 28 25 36 0 67 23 90 60 69 68 40 78 11 59
split_gain=26.3623 8.22762 7.56623 5.54236 5.46758 4.16909 3.21741 3.10966 2.92958 2.85886 2.11867 1.9643 1.95214 2.38698 1.94719 1.93679 1.80445 2.60766 1.74444 1.73995 1.69974 1.68576 1.576 1.54405 1.5008 1.4683 1.9571 1.41971 1.40339 1.3795
threshold=44.806250000000006 29.050676254066087 2024.5000000000002 0.33404864091559378 218.18730158730162 2.5000000000000004 62.775000000000006 0.40054945054945063 240.73333333333338 0.055684754521963829 35.355339105339119 598.00000000000011 571.85000000000002 43.833835341365464 13.500000000000002 0.1610555870382773 11.014705882352944 19.817744011292401 3.6178571428571433 89.500000000000014 45.758522727272727 20.267857142857146 24.500000000000004 595.00000000000011 25.500000000000004 -2.0749149659863941 45.835708855948312 26.750000000000004 24.211111111111112 10.750000000000002
decision_type=10 10 2 8 2 2 10 8 2 10 2 10 10 2 2 8 10 10 8 2 2 8 2 10 2 2 8 2 10 10
left_child=1 5 10 21 14 19 9 11 -7 12 29 -5 -6 -14 -2 -15 20 -18 -8 28 -11 22 -4 -9 -12 -20 -27 -16 -1 -3
right_child=4 2 3 7 6 8 18 23 -10 16 24 -13 13 15 27 -17 17 -19 25 -21 -22 -23 -24 -25 -26 26 -28 -29 -30 -31
leaf_value=-0.40674299999999985 -0.17181899999999997 -0.17293499999999995 0.47345700000000002 0.54856800000000006 0.55366499999999974 -0.16674299999999986 0.21865610608246921 -0.038311241819679751 0.25454519033865403 0.27752083383445481 -0.099108000000000085 -0.18973799999999991 0.17549619024429527 0.15962011682716287 0.55369199999999985 -0.49144284956094925 0.71918099999999985 0.39592891895011051 1.3274454501925275 -0.62361900000000003 -0.00050456364984524378 0.11304895372831815 0.18131755604793612 -0.56143990441622127 -0.44650800000000002 0.7599151894148175 0.72979620852457583 0.07101601837706574 0.084825357810119212 -0.48073199999999999
leaf_weight=604.72595704719424 179.73472894541919 636.21396906673908 107.84564542770386 101.9259552359581 157.14587564766407 204.26757007278502 89.873886615037918 101.98895007371902 52.235940128564835 101.2120254188776 1111.0084987394512 88.748020648956299 124.33542168140411 92.779518067836761 93.27862273901701 96.398416519165039 114.87061309069395 100.51582312956452 89.163024216890335 39.766186848282814 123.21177732385695 227.38736659288406 139.78265058994293 98.066127359867096 40.748507246375084 116.50891231372952 157.66296674311161 820.39822053350508 23.505621507763863 75.384712442755699
leaf_count=2911 1376 3301 126 124 251 1217 98 122 67 120 5854 97 133 100 482 103 143 127 98 79 143 254 160 109 97 132 177 3818 99 236
internal_value=-9.48468e-06 -0.00162524 -0.000795983 0.00152027 0.00239277 -0.00406967 0.00365933 -0.00112505 -0.000814443 0.00262636 -0.00187239 0.00161248 0.000997931 -0.000371703 0.00081124 -0.00248892 0.00436279 0.00632119 0.00572414 -0.00531656 0.00246355 0.003694 0.00540319 -0.00372926 -0.00107573 0.00664867 0.00552379 0.00137285 -0.004916 -0.0031585
internal_weight=6110.69 3653.6 2729.1 865.745 2457.09 924.501 1363.68 390.729 256.504 910.469 1863.36 190.674 470.659 313.513 1093.41 189.178 439.81 215.386 453.209 667.998 224.424 475.016 247.628 200.055 1151.76 363.335 274.172 913.677 628.232 711.599
internal_count=22154 14853 10480 992 7301 4373 1625 452 1284 1120 9488 221 587 336 5676 203 533 270 505 3089 263 540 286 231 5951 407 309 4300 3010 3537
is_linear=0
shrinkage=0.03


Tree=3
num_leaves=31
num_cat=0
split_feature=5 89 45 55 59 29 34 55 5 70 36 0 39 76 0 23 73 25 18 52 75 60 67 29 74 8 62 72 51 14
split_gain=26.5085 9.18099 9.65211 5.71116 5.22236 4.25139 2.04439 2.49657 3.30745 2.06299 2.04348 2.03713 2.02541 2.17788 1.90522 2.57942 2.03584 1.90062 1.84963 1.70717 1.70506 1.69771 1.6666 1.42952 1.42334 1.34466 1.32275 1.26971 1.20001 1.16594
threshold=44.975000000000009 2024.5000000000002 1.0000000180025095e-35 231.33333333333334 9.2500000000000018 10.84292763157895 19.095454545454547 249.80000000000004 62.775000000000006 42.640759569377998 3.1273148148148153 13.500000000000002 21.411239495798323 1.0000000180025095e-35 76.500000000000014 34.267857142857146 65.500000000000014 14.523980620783981 2.5000000000000004 0.32439500201195975 190.95833333333334 599.55000000000007 28.827572964669745 24.715037593984967 13.178070175438593 131.50000000000003 498.95000000000005 193.29166666666671 6.9835540838494587 5.5000000000000009
decision_type=10 2 10 2 8 8 10 2 10 2 10 2 10 2 2 8 2 10 8 10 10 10 2 10 8 10 8 10 2 2
left_child=1 4 5 11 22 -3 7 25 9 -9 18 -2 17 -14 15 16 -7 -4 -6 -11 -21 -8 -1 28 26 -5 -24 29 -13 -10
right_child=3 2 12 6 10 14 21 8 27 19 -12 23 13 -15 -16 -17 -18 -19 -20 20 -22 -23 24 -25 -26 -27 -28 -29 -30 -31
leaf_value=-0.27904071000000008 -0.13666443 -0.5033242636603309 0.23108106063733794 0.36913393028021901 0.070570290000000133 0.64778695926648833 0.27565365278206749 0.32961423887410818 0.26776688429799844 0.22689256195993263 -0.1642549499999999 0.2941615194486879 0.41871129918962607 0.15914095824172009 -0.17242686000000004 -0.24633780756629647 0.017360398831474201 -0.078352571865892534 -0.40631003999999987 0.032556141176841961 -0.39553189867161603 0.59140925807820866 -0.11064576000000002 0.53416151944868795 0.079776239999999984 0.81843733768827898 -0.29064576000000003 0.31234104129197521 0.054161519448687939 1.0090772627163007
leaf_weight=229.31375860050321 187.49295932613313 188.11493974924088 174.83146297931671 71.734114855527878 36.730674896389246 90.003132522106171 106.47420392930508 147.30789512395859 97.477036356925964 151.20868861675262 175.27242922224104 90.785337461158633 100.73383820056915 105.87714284658432 97.496041297912598 145.25824439525604 114.87714284658432 102.03462994098663 554.45969995670021 88.841081380844116 99.762203097343445 129.25511187314987 1365.7319785971195 114.4298586640507 107.30885828100145 89.894393548369408 65.576327413320541 105.90526032447815 814.67799851670861 131.30392426252365
leaf_count=1610 1380 204 200 105 230 103 129 162 103 172 726 625 116 123 114 163 132 114 2839 106 101 134 7186 445 905 113 141 112 3414 141
internal_value=-6.75797e-05 -0.00168173 0.000580921 0.00236252 -0.00268079 -0.00184758 0.00381011 0.00320269 0.00252659 0.000945465 -0.00474799 0.000898854 0.00377151 0.0060142 -0.000253683 0.000781171 0.00294334 0.00208229 -0.00559099 -0.000342025 -0.0022407 0.00631997 -0.0017824 0.00142729 -0.00142497 0.00660366 -0.00167499 0.00481818 0.00102517 0.00607315
internal_weight=6080.17 3653.62 1119.23 2426.55 2534.39 635.75 1219.16 983.435 821.806 487.12 766.463 1207.39 483.477 206.611 447.635 350.139 204.88 276.866 591.19 339.812 188.603 235.729 1767.93 1019.89 1538.62 161.629 1431.31 334.686 905.463 228.781
internal_count=22148 14906 1269 7242 13637 716 1378 1115 897 541 3795 5864 553 239 512 398 235 314 3069 379 207 263 9842 4484 8232 218 7327 356 4039 244
is_linear=0
shrinkage=0.03


Tree=4
num_leaves=31
num_cat=0
split_feature=6 60 36 63 1 5 45 18 39 44 0 27 14 4 40 60 5 62 34 70 43 32 67 1 72 68 75 63 24 72
split_gain=25.5159 9.11081 6.35862 6.15432 4.69213 4.18321 3.4906 2.71165 2.58702 2.27741 2.21097 1.95011 1.8685 2.01573 1.82585 1.7523 1.73418 1.65991 2.5541 1.85459 2.03353 1.72309 1.64275 1.63027 1.55826 1.63597 1.59777 1.47893 1.40709 1.3709
threshold=36.798375732541423 509.40000000000003 2.1273148148148153 502.30000000000007 27.751033057851242 62.775000000000006 1.0000000180025095e-35 4.5000000000000009 23.719024122807021 0.48013157894736846 9.5000000000000018 156.98639455782316 2.5000000000000004 31.414285714285715 29.934659181019445 639.35000000000014 42.658333333333339 639.35000000000014 18.612500000000004 44.462250712250714 1.0000000180025095e-35 9.3849682427664103 62.165621377711552 48.668593448940278 175.89375000000004 0.92215007215007117 176.75000000000003 454.50000000000006 19.050000000000004 176.3416666666667
decision_type=10 10 10 8 8 10 10 8 8 10 2 10 2 10 10 10 10 8 8 2 10 10 2 10 10 2 10 10 10 8
left_child=2 10 4 -4 -1 6 7 15 -9 -6 -2 16 -5 -14 27 28 24 19 -19 21 -21 -8 23 -7 25 26 -12 -11 -3 -13
right_child=1 5 3 12 9 22 17 8 -10 14 11 29 13 -15 -16 -17 -18 18 -20 20 -22 -23 -24 -25 -26 -27 -28 -29 -30 -31
leaf_value=-0.42904040880000011 -0.1625644970999999 0.32155608157839843 -0.14685140880000006 0.20717611136257233 -0.17866007738984413 0.54861390811771371 0.37732926401042732 0.093863773266045586 -0.47472433565897992 -0.44581640880000001 -0.16511157720000005 0.10623667386522739 -0.42184990753129081 0.14968766561513938 -0.59222457719999999 0.642019760106322 0.052536673865227215 0.15677055362169112 0.69964604203885261 -0.28825907426957226 0.42473639667808266 0.040398187762558706 0.36795617257004859 0.99199637204060287 0.096960952799999944 0.0097846127999999047 -0.38774238720000015 -0.14451710103762372 -0.31669916432144829 0.6774355029000001
leaf_weight=471.50642490945756 247.76118447817862 151.73493385314941 719.75686069019139 135.93679338693619 617.03445175476372 107.96141135692596 148.2715950012207 127.20196738839149 133.58307006955147 56.738319303840399 209.3943775370717 125.14959019236267 72.82654919102788 80.861019998788834 44.521897895261645 92.508533775806427 1050.9997853357345 95.095934808254242 100.46141135692596 106.47101429104805 111.80561310052872 119.90407621860504 207.69688314199448 134.70258593559265 132.33169626444578 184.25265705771744 69.34475576877594 113.08547639288008 88.607597708702087 70.260566575452685
leaf_count=2168 1633 175 3871 183 2904 113 184 148 155 224 1449 613 106 113 141 97 5046 100 105 124 126 136 230 147 381 975 118 189 108 154
internal_value=-0.000225836 0.00128111 -0.00271194 -0.000923239 -0.00409592 0.00289339 0.00201307 0.000329852 -0.00195662 -0.0027347 -5.14504e-05 0.000306955 0.00276334 0.000489379 -0.00539306 0.00212177 -3.01154e-05 0.00347555 0.00580716 0.00252824 0.000471028 0.0041947 0.0053769 0.00705437 -0.00132255 -0.00214223 -0.00358795 -0.00393294 0.000762664 0.00313245
internal_weight=6127.77 3815.5 2312.27 1009.38 1302.89 1726.01 1275.65 593.636 260.785 831.38 2089.49 1841.73 289.624 153.688 214.346 332.851 1646.32 682.01 195.557 486.452 218.277 268.176 450.361 242.664 595.323 462.992 278.739 169.824 240.343 195.41
internal_count=22216 12317 9899 4273 5626 1948 1458 683 303 3458 10369 8736 402 219 554 380 7969 775 205 570 250 320 490 260 2923 2542 1567 413 283 767
is_linear=0
shrinkage=0.03


Tree=5
num_leaves=31
num_cat=0
split_feature=6 62 67 63 36 45 25 14 19 90 68 90 64 90 61 2 64 63 19 60 27 53 18 15 61 32 68 67 31 39
split_gain=23.3114 6.2901 5.44196 4.94208 4.0247 2.56999 2.54806 4.59014 2.68177 2.31192 1.93074 1.98241 2.24192 2.0569 2.05156 3.19731 1.92802 1.86148 1.71404 1.61205 1.53283 1.70234 1.44659 1.69457 1.4073 1.561 1.37485 1.33782 1.35718 1.31982
threshold=40.170620433036312 474.05000000000007 30.066228070175445 484.85000000000008 1.6055555555555556 0.54664031620553366 23.768653973388226 4.5000000000000009 4.1000000000000005 30.500000000000004 9.6408991228070189 34.500000000000007 0.039011769480519487 41.500000000000007 569.30000000000007 66.416666666666671 0.30607846586910631 613.55000000000007 3.3666666666666671 625.15000000000009 149.98554077501447 0.31590196505874291 4.5000000000000009 36.261363636363647 516.85000000000002 8.7028364998662049 -1.1392973856209154 43.125588512241059 1.3168733200381515 19.707779886148014
decision_type=10 10 2 8 10 10 10 2 8 2 2 2 2 2 8 10 2 10 8 10 8 10 8 8 10 8 2 2 8 8
left_child=2 27 4 18 22 9 10 -8 17 -5 11 14 -13 -14 15 -3 -12 -9 -4 -6 21 -15 -1 -24 25 -20 -16 -2 -29 -23
right_child=1 6 3 5 19 -7 7 8 -10 -11 16 12 13 20 26 -17 -18 -19 24 -21 -22 29 23 -25 -26 -27 -28 28 -30 -31
leaf_value=-0.29599484647830443 -0.094418487415956986 0.37422167893558822 0.079841770115999966 0.14056344511903851 -0.14964586653600001 0.24799168963840046 -0.18714727709174087 0.11792363481737757 -0.163047229884 -0.13013416709344949 -0.25448654800470666 0.41150060645912284 -0.34890248741595692 -0.1876549551926972 0.81317469472924575 -0.15066891664735194 0.40932103156326677 1.2912358314100891 -0.10420892558399998 0.169839076983655 0.72682290524713489 0.72488618663207893 -0.47728727643600016 -0.25049027643599997 0.25450851258404311 -0.21351606637830456 0.36842038654942488 -0.15768756218699992 0.09405212421599983 0.088793792032731036
leaf_weight=174.25532230362296 527.67780218459666 160.26432987302542 161.30746951140463 277.67201559245586 399.29904777742922 84.553433671593666 175.67209807410836 111.11167040467262 88.016551584005356 339.22255067527294 79.597383059561253 204.60525352135301 74.756780494004488 79.466449111700058 140.91022805124521 82.773636795580387 92.499533176422119 110.98581755161285 383.14378223754466 35.762203097343445 92.411055475473404 70.658141657710075 296.4560289811343 96.876282168552279 24.412726879119873 557.76539915427566 223.68502581119537 91.950217159464955 761.33794375509024 110.25221459195018
leaf_count=976 2530 320 1071 475 1976 126 206 148 124 502 113 292 104 113 148 140 108 118 2497 37 114 93 1244 288 45 2708 234 630 4478 159
internal_value=-0.000109551 0.00161214 -0.00210353 -0.00112832 -0.00387868 0.000847814 0.00273262 0.000856287 0.00304775 0.00017177 0.00337714 0.00379018 0.00260719 0.00136547 0.0050146 0.00286184 0.000396925 0.00479792 -0.00235833 -0.00170209 0.00232342 0.00113575 -0.00554113 -0.00655109 -0.00283624 -0.00302186 0.00643787 7.15524e-05 0.000805521 0.00273926
internal_weight=6109.36 3278.63 2830.73 1828.08 1002.65 701.448 1897.67 485.786 310.114 616.895 1411.88 1239.78 632.15 427.545 607.633 243.038 172.097 222.097 1126.63 435.061 352.788 260.377 567.588 393.332 965.322 940.909 364.595 1380.97 853.288 180.91
internal_count=22117 10172 11945 7424 4521 1103 2534 596 390 977 1938 1717 875 583 842 460 221 266 6321 2013 479 365 2508 1532 5250 5205 382 7638 5108 252
is_linear=0
shrinkage=0.03


Tree=6
num_leaves=31
num_cat=0
split_feature=6 89 15 61 40 29 40 5 46 6 35 36 38 36 19 14 34 22 19 52 75 43 34 46 24 63 40 19 60 19
split_gain=21.6244 6.28488 5.059 4.71625 4.6815 3.15189 2.88435 2.59209 2.37221 2.28641 2.24029 2.23848 2.2164 2.19685 2.19406 2.07915 1.9505 2.21212 2.20816 2.17133 1.95331 1.62406 1.53164 1.69285 1.52336 1.46753 1.37048 1.62125 1.23321 1.21073
threshold=39.906558763746425 2024.5000000000002 26.954545454545457 516.85000000000002 38.125572381969157 22.876893939393941 34.245011539352184 42.658333333333339 0.25728429985855733 44.849225334123638 43.223072717331881 3.3509259259259263 1.293911970382559 3.0527777777777785 3.7750000000000004 4.5000000000000009 16.809090909090912 142.6132505577651 4.291666666666667 0.3342217413364838 190.15833333333336 0.51730794834243121 16.912878787878793 0.069242116909459722 12.881944444444446 503.55000000000007 35.489365526678966 7.9000000000000012 442.65000000000003 4.7750000000000012
decision_type=10 2 8 8 10 8 10 10 10 10 8 10 10 10 8 2 10 10 8 10 10 8 8 10 10 10 10 10 10 8
left_child=2 7 13 22 5 8 15 -2 9 -3 -6 -10 -9 14 -1 21 18 -18 19 -11 -21 -5 -4 29 -20 -25 28 -28 -14 -24
right_child=1 4 3 6 10 -7 -8 12 11 16 -12 -13 26 -15 -16 -17 17 -19 24 20 -22 -23 23 25 -26 -27 27 -29 -30 -31
leaf_value=-0.070077837981784505 -0.12227382676152132 -0.083058421188264189 -0.28075694394843687 0.34110078725298032 0.57155713684813969 0.96465753361608297 0.19713994025625795 0.11289312827174931 -0.43563794752958784 0.94287726659290116 0.20923959981572759 0.1003634290894562 -0.070509125913479881 -0.11213276389444822 -0.36915057824291997 -0.14739787386872757 0.59768378100935537 0.22929665007037381 0.10577138666135084 0.69976988316623179 -0.085180053486972163 -0.093744061533110143 -0.12828792948395551 -0.087753810439919991 -0.40919705728220424 0.18442566446997091 0.17443900992279046 -0.16276099007720937 -0.31977199007720952 -0.26993529288695561
leaf_weight=99.928469376638532 417.43093818426132 164.30705678462982 91.967908654361963 111.41230278462172 178.08344233036041 188.16375213861465 130.81959243118763 1080.3854368198663 91.447228908538818 186.1779345870018 96.003132522106171 113.30392426252365 20.451034927740693 239.46214801818132 542.04250956699252 184.42151832580566 98.447228908538818 103.30392426252365 91.653528392314911 91.782650589942932 145.69920825958252 111.038708999753 328.19432471506298 528.93392437323928 96.447228908538818 54.920546609908342 45.718024766072631 71.070028889924288 29.678126538172364 401.37970837950706
leaf_count=608 2059 187 413 137 195 209 171 5363 103 200 109 123 158 1062 2331 218 110 113 103 112 149 210 1875 2890 108 104 382 448 105 1834
internal_value=-8.60577e-05 0.00155926 -0.00201379 -0.00115761 0.00287389 0.00215515 0.00123026 0.000259415 0.00157842 0.00219296 0.00644748 -0.00135279 0.00094423 -0.00389776 -0.00481172 -1.9191e-05 0.00284435 0.00539733 0.00199497 0.0031937 0.00128302 0.00192962 -0.00207141 -0.00180633 -0.000707535 -0.000600834 -0.00226391 -0.000466488 -0.00636042 -0.0027689
internal_weight=6134.08 3309.55 2824.52 1943.09 1644.82 1370.73 537.692 1664.73 1182.57 977.819 274.087 204.751 1247.3 881.433 641.971 406.873 813.512 201.751 611.761 423.66 237.482 222.451 1405.4 1313.43 188.101 583.854 166.917 116.788 50.1292 729.574
internal_count=22189 10336 11853 7852 1821 1517 736 8515 1308 1082 304 226 6456 4001 2939 565 895 223 672 461 261 347 7116 6703 211 2994 1093 830 263 3709
is_linear=0
shrinkage=0.03


Tree=7
num_leaves=31
num_cat=0
split_feature=5 5 21 63 63 62 37 90 70 71 40 38 82 71 24 52 15 62 73 15 1 72 64 82 40 59 15 56 42 70
split_gain=21.5295 5.55212 5.68952 4.64579 4.02601 3.45626 3.20812 3.53588 2.50121 2.18173 2.20485 2.63108 2.16035 2.5411 2.07297 2.80729 3.45241 2.44826 2.01045 1.96883 1.96672 1.87966 1.91471 1.81478 1.77398 1.40797 1.30664 1.32385 1.24954 1.24604
threshold=42.914285714285718 29.025000000000002 0.89444444444444449 503.55000000000007 514.55000000000007 474.05000000000007 8.8326130349588912 22.500000000000004 34.096590909090914 -7.1835470085470083 36.452857968461906 1.1892915642915647 11.750000000000002 -4.9444444444444438 24.472222222222225 0.32864266371604117 74.035714285714292 587.30000000000007 47.500000000000007 27.035714285714288 43.684571016582559 179.02500000000003 0.32162347456465107 4.6500000000000012 40.124424319826623 9.2500000000000018 37.894444444444453 137.33200739334742 0.49272717655770665 45.785956690368465
decision_type=10 10 10 8 10 10 8 2 2 2 10 10 2 2 10 10 8 10 2 8 10 8 2 2 10 10 8 2 8 2
left_child=1 2 19 -4 21 -2 8 -8 -6 -7 12 29 13 -11 15 -15 17 -17 -9 -1 -14 26 -23 -21 -13 -20 27 28 -3 -12
right_child=5 4 3 -5 6 9 7 18 -10 10 11 24 20 14 -16 16 -18 -19 25 23 -22 22 -24 -25 -26 -27 -28 -29 -30 -31
leaf_value=-0.41897606089563222 0.046108455729988264 -0.15375096285528242 -0.1322819731926323 0.26880088993621726 -0.17562782009242212 0.70045937967444127 0.2627841255341819 0.086156138453209075 0.39087371134143672 -0.40635479032065391 0.22678398600864702 0.39243165689205073 0.0061530375803550592 0.36887929306151723 0.89903796297013905 0.3679533001103733 -0.44082355872554474 -0.14787173030752307 -0.14475413968386169 0.17031193429965313 0.51311609611095221 0.10055289364132421 -0.19566889421021116 -0.35237320309943704 -0.054147382852751419 -0.60640713003901825 -0.097578714542136416 -0.31047485232972233 0.084253405748353521 0.54607753217707966
leaf_weight=356.74834521487355 1116.5314001459628 370.61780144274235 242.21816479228437 83.732733532786369 79.884232938289642 244.07173475250602 122.19127756357193 95.081877589225769 157.46551620960236 75.207983251661062 72.113138571381569 71.960050970315933 126.91505001857877 233.36569550260901 88.719646874815226 113.85301802679896 87.890580773353577 128.20943200588226 102.83651733398438 59.435214821249247 304.60393004119396 239.18271992728114 69.009793020784855 336.38948377221823 75.780649822205305 91.909478604793549 696.02588348090649 141.89972081594169 80.867537902668118 76.870271604508162
leaf_count=1733 6308 2291 1432 118 98 315 139 110 198 95 98 94 183 273 115 175 100 141 125 123 434 788 158 1566 116 100 3538 647 529 107
internal_value=2.07348e-05 -0.00161358 -0.00338191 -7.01609e-05 -0.000763665 0.00195056 0.00122685 -0.000374841 0.00399717 0.00280208 0.00235891 0.00466347 0.00176527 0.000765538 0.00136952 0.000693655 -0.00108677 0.000767032 -0.00217837 -0.00481429 0.00344446 -0.001573 0.000530413 -0.00334343 0.00180772 -0.00391772 -0.00207578 -0.00310943 -0.00230602 0.00746446
internal_weight=6141.59 3325.5 1078.52 325.951 2246.97 2816.09 649.369 412.019 237.35 1699.56 1455.49 296.724 1158.77 727.246 652.038 563.319 329.953 242.062 289.828 752.573 431.519 1597.6 308.193 395.825 147.741 194.746 1289.41 593.385 451.485 148.983
internal_count=22247 13693 4972 1550 8721 8554 770 474 296 2246 1931 415 1516 899 804 689 416 316 335 3422 617 7951 946 1689 210 225 7005 3467 2820 205
is_linear=0
shrinkage=0.03


Tree=8
num_leaves=31
num_cat=0
split_feature=5 62 45 55 67 67 71 41 39 5 39 40 31 44 82 40 78 4 67 65 45 61 38 71 17 90 41 75 61 57
split_gain=19.9522 7.79416 7.37899 3.28727 3.18656 2.97661 2.34797 2.22243 1.94126 1.78294 1.69584 2.21326 1.64045 1.5509 1.53417 1.41811 1.65025 1.59807 1.5471 1.35976 2.08271 1.30174 1.24856 1.18611 1.16261 1.15989 1.12699 1.41067 1.12541 1.11776
threshold=44.353571428571435 517.85000000000014 0.028103198631038571 218.18730158730162 28.636995326848886 29.421772516397379 7.795686456400742 3.7780398322851161 23.62678571428572 62.775000000000006 20.451893408134648 33.539436799184507 1.4990636704119853 0.40054945054945063 6.4500000000000011 32.64749726823409 29.750000000000004 59.050000000000004 49.391165034562221 7.5000000000000009 0.52517281105990798 458.50000000000006 0.16333333333333336 -1.0000000180025095e-35 4.5000000000000009 35.500000000000007 3.4311760404201572 182.65000000000003 603.95000000000016 12.904519570903217
decision_type=10 8 10 2 2 2 2 10 10 10 10 10 8 8 2 10 2 8 2 10 8 10 8 2 10 2 8 10 10 2
left_child=1 5 4 6 -3 29 12 8 9 15 -4 -12 -2 28 -15 18 -17 -18 24 22 -21 -8 -7 -14 -5 -16 27 -25 -6 -1
right_child=3 2 10 7 13 19 21 -9 -10 -11 11 -13 23 14 25 16 17 -19 -20 20 -22 -23 -24 26 -26 -27 -28 -29 -30 -31
leaf_value=-0.25550677906876346 -0.17450922345470282 -0.372280293716439 0.095322990661687465 -0.24660066072253653 0.48519897194529543 0.17691741479826503 0.21841208075169738 0.45015963532944614 0.61151768051124089 0.60044663411950672 0.15719657837505721 0.24129093870987034 0.10902308075169706 -0.55745917247927324 0.13709943561829571 -0.012389067269101404 0.35628206213229763 0.04120092970344915 0.25595857150670848 0.27277274463401197 -0.14740328943567427 0.74824280130300924 -0.14487192083203829 -0.081579173433531979 0.054366550420094056 -0.36604133821626977 0.038420826566468023 -0.40294557406027004 -0.17035898548964942 -0.48380169136576334
leaf_weight=692.30628106556833 88.211810451000929 162.98436558991671 184.92470868676901 118.33568816818297 89.494678229093552 95.433957993984222 94.420986602082849 149.72010630182922 193.50136676803231 336.31396569311619 107.83192792534828 137.62604157626629 512.97040659934282 64.382295548915863 80.266057439148426 131.79769672267139 147.43610124662519 82.214993692934513 159.80990003980696 61.142314216122031 66.324767742305994 46.672248497605324 1648.2747632879764 117.84518383070827 95.745519250631332 71.521285831928253 237.70734771713614 42.228732526302338 84.969945132732391 26.204048248007894
leaf_count=3927 576 191 215 150 119 428 618 189 221 374 127 165 2478 73 163 162 183 98 196 248 287 124 8339 836 114 82 1259 63 94 120
internal_value=-6.11476e-05 -0.00150831 0.000763992 0.00196286 -0.00152572 -0.00237168 0.000763084 0.00292837 0.00251549 0.00201259 0.00370605 0.00533663 0.000249581 -5.22542e-05 -0.00174691 0.00118224 0.00251941 0.00404963 -0.00011371 -0.00173982 0.0012435 0.00437143 -0.00195849 0.000629237 -0.00177761 -9.14035e-05 -0.000599425 -0.00253732 0.00204549 -0.00401249
internal_weight=6128.62 3573.69 984.001 2554.93 553.619 2589.69 1140.06 1414.88 1265.16 1071.65 430.383 245.458 998.963 390.634 216.17 735.34 361.449 229.651 373.891 1871.18 127.467 141.093 1743.71 910.752 214.081 151.787 397.781 160.074 174.465 718.51
internal_count=22219 14578 1229 7641 722 13349 5954 1687 1498 1277 507 292 5212 531 318 903 443 281 460 9302 535 742 8767 4636 264 245 2158 899 213 4047
is_linear=0
shrinkage=0.03


Tree=9
num_leaves=31
num_cat=0
split_feature=6 55 15 89 34 36 18 73 34 4 8 81 63 44 75 13 2 31 31 5 60 22 62 13 23 54 68 86 64 63
split_gain=17.1589 6.75352 5.20668 5.24509 3.67137 3.2026 3.53839 2.81614 2.70008 3.2584 2.84113 2.34283 2.21858 2.13903 2.0117 1.59684 1.54069 1.53438 1.49879 1.58546 1.52808 1.44536 1.39974 1.39513 1.38325 1.32675 1.40882 1.37529 1.30579 1.2416
threshold=40.170620433036312 231.33333333333334 36.035714285714292 2024.5000000000002 21.279220779220783 2.8027777777777785 4.5000000000000009 15.500000000000002 19.211111111111112 69.550000000000011 170.50000000000003 10.65 486.10000000000008 0.59498901558740458 190.4916666666667 0.70833333333333337 44.166666666666679 11.838212394892558 1.7850216114374378 47.718421052631591 506.76666666666671 160.03048780487808 557.05000000000007 1.7638888888888891 25.354166666666668 156.31428571428575 -6.0330601092896172 1.0000000180025095e-35 0.080880291561536324 420.78888888888895
decision_type=10 2 8 2 10 10 8 2 10 10 10 2 10 8 10 10 10 8 8 10 10 8 10 10 8 2 2 2 2 8
left_child=2 18 5 17 22 6 -1 12 9 10 14 -11 -7 -10 16 -9 -3 29 19 20 -2 -13 -5 -16 -18 -17 -27 -28 -25 -4
right_child=1 8 3 4 -6 7 -8 15 13 11 -12 21 -14 -15 23 25 24 -19 -20 -21 -22 -23 -24 28 -26 26 27 -29 -30 -31
leaf_value=-0.15579583464475555 -0.091487751397450412 0.043565458799739214 -0.18355728590519327 0.24696237300345258 0.18879136125974219 0.022548541651912328 -0.35860381095746641 0.097118902258973128 0.5619608368876704 0.12639783738249491 -0.30207822792874228 1.3741910865197315 0.64197931297544686 0.15585004182576953 -0.1108743766709509 -0.089165383178942639 0.74640414983473591 -0.33347883426793806 0.029169372734701254 -0.20422208258733199 0.60808017290254945 0.7541307875766966 -0.1354707757174429 -0.033298926964524245 0.35699286952246057 0.090177466441119444 -0.334042402084815 -0.14022683187125173 0.25585120259207084 -0.027125828742057222
leaf_weight=336.7225864995271 138.93142449855804 107.88602662086487 225.84768640063703 97.894457817077637 165.30705678462982 79.35963261500001 647.28666613437235 81.440189849585295 138.41077172756195 113.27242571115494 104.90947860479355 103.57907271385193 36.789547558873892 138.54797291755676 128.13755422830582 174.1525092497468 84.671500518918037 133.29832257702947 1522.6884728167206 83.317435635253787 21.216273546218872 127.96310019493103 201.51335626840591 143.72783046960831 168.98465813696384 29.997176259756088 151.92576872184873 48.048735655844212 108.85550898313522 470.27133290097117
leaf_count=1826 827 143 1591 121 188 869 2650 327 157 124 113 116 68 152 136 765 106 779 7119 517 29 137 224 149 230 83 437 168 114 1883
internal_value=-0.000176042 0.00132315 -0.00186004 -0.000447445 0.00210132 -0.00301187 -0.00406558 -0.00128481 0.00282539 0.00220203 0.00119866 0.00465661 0.00289441 0.00549064 0.00185247 -0.00228839 0.00345191 -0.0018763 7.28135e-05 -0.00210781 -0.000352502 0.00638049 0.000115748 0.000328538 0.00472494 -0.00305959 -0.00455107 -0.00545706 0.00162031 -0.00130766
internal_weight=6114.95 3235.1 2879.86 1294.13 464.715 1585.72 984.009 601.714 1468.95 1191.99 847.173 344.815 116.149 276.959 742.263 485.564 361.542 829.417 1766.15 243.465 160.148 231.542 299.408 380.721 253.656 404.124 229.972 199.975 252.583 696.119
internal_count=22148 10169 11979 4786 533 7193 4476 2717 1677 1368 991 377 937 309 878 1780 479 4253 8492 1373 856 253 345 399 336 1453 688 605 263 3474
is_linear=0
shrinkage=0.03


Tree=10
num_leaves=31
num_cat=0
split_feature=5 89 46 72 59 40 45 89 65 29 4 22 74 66 34 1 15 13 46 19 16 54 58 65 74 72 71 34 61 61
split_gain=16.1006 8.20513 6.90879 3.37263 2.60155 2.58983 2.44715 3.06834 2.4135 2.07153 1.95561 1.90749 1.81484 1.64487 1.71672 2.38394 1.81619 1.72218 1.5855 1.50407 1.39998 1.51633 1.38905 1.37996 1.32021 1.28995 1.26681 1.24556 1.60206 1.17145
threshold=44.205263157894741 2024.5000000000002 0.33404864091559378 189.66875000000002 8.5000000000000018 34.113386401715921 0.061381475667189961 2024.5000000000002 4.5000000000000009 10.715838509316772 37.225000000000009 181.54533844189021 -7.4416666666666762 1.0000000180025095e-35 18.958333333333339 51.56442687747036 67.607692307692318 2.7750000000000004 0.08842144452717797 4.4500000000000011 14.500000000000002 177.63333333333335 245.28333333333339 6.5000000000000009 13.178070175438593 190.37500000000003 5.5069930069930075 14.577380952380954 458.50000000000006 502.30000000000007
decision_type=10 2 8 10 8 10 8 2 10 10 10 10 10 2 10 10 10 10 10 8 2 2 2 8 8 10 2 8 10 10
left_child=1 4 5 12 24 8 20 25 -3 -5 -7 13 -4 -9 15 16 17 -15 19 -6 21 29 -17 -20 -1 26 27 28 -8 -2
right_child=6 2 3 9 18 10 7 11 -10 -11 -12 -13 -14 14 -16 22 -18 -19 23 -21 -22 -23 -24 -25 -26 -27 -28 -29 -30 -31
leaf_value=-0.12508307235047794 -0.029317373431580619 0.22583925021056792 -0.06959985248590371 -0.56241005487350304 -0.21278506566392288 0.34524352493944249 0.0067367157265581313 0.13133688631740709 -0.091160527712124378 -0.16139893821362025 0.16598203766179614 -0.033656723888207292 0.23582653179621985 -0.30358564565337826 0.6592828265822821 1.0208976956520075 0.45189212755429597 0.20129647298414927 -0.13465007397199791 -0.31606403608717881 0.52487730714710512 -0.25580454695010252 0.32233889827659823 0.16082731340093318 0.080127561886915971 -0.23644412608696469 0.27529563714710531 0.07776630714710514 -0.40351983793317209 0.33364809263508616
leaf_weight=1277.3827982842922 142.7232582308352 146.87714284658432 216.37318414449692 118.92282271385193 167.07916300557554 123.40154904127121 72.650300491601229 172.73383820056915 149.22674697637558 129.90864026546478 110.43304646015167 141.55903613567352 85.35273665189743 117.14643716812134 162.35273665189743 168.28974181413651 149.55903613567352 150.79683303833008 343.5707328338176 523.66422937996686 30.626492142677307 189.8427232708782 120.87401032447815 46.123196950182319 103.98541177995503 46.423068670555949 180.77081228978932 668.31630198284984 33.291111493483186 57.35652819275856
leaf_count=6845 961 164 250 128 978 143 494 188 168 146 129 156 100 132 177 185 164 164 1567 2777 43 358 125 187 917 121 888 3419 95 76
internal_value=-0.000127297 -0.0014438 0.000735136 -0.0016171 -0.00240005 0.00317733 0.00166254 0.00206578 0.00130631 -0.00419527 0.00553095 0.00309952 0.000515942 0.00354313 0.00407417 0.00342618 0.00196855 0.000485188 -0.00350259 -0.00436593 -0.00043223 -0.000922404 0.00551671 -0.00196504 -0.00153579 0.000842451 0.00108125 0.000551335 -0.00245616 0.000898421
internal_weight=6147.61 3542.3 1080.5 550.557 2461.81 529.938 2605.31 2184.76 296.104 248.831 233.835 1183.31 301.726 1041.75 869.019 706.666 417.502 267.943 1080.44 690.743 420.549 389.923 289.164 389.694 1381.37 1001.45 955.029 774.258 105.941 200.08
internal_count=22245 14499 1228 624 13271 604 7746 6308 332 274 272 1291 350 1135 947 770 460 296 5509 3755 1438 1395 310 1754 7762 5017 4896 4008 589 1037
is_linear=0
shrinkage=0.03


Tree=11
num_leaves=31
num_cat=0
split_feature=6 6 89 21 89 4 63 22 52 75 41 23 5 2 58 31 13 66 5 33 17 35 25 62 22 8 80 1 35 71
split_gain=16.9508 5.59684 4.75723 4.56164 3.85906 3.46005 3.44328 2.91659 2.42648 2.31997 3.22371 2.29576 4.14651 2.03692 2.01027 1.89601 1.77826 1.75463 1.87911 1.99714 1.65618 1.51422 1.43179 1.95172 1.40975 1.3632 1.32933 1.27571 1.97141 1.21639
threshold=44.710287863656255 30.850735383861366 2024.5000000000002 0.31666666666666671 2024.5000000000002 43.707142857142863 615.50000000000011 181.54533844189021 0.48159304384792484 188.95000000000002 1.4309523809523812 20.683333333333337 34.763888888888893 40.166666666666679 204.42500000000004 1.3801039641284079 3.1714285714285722 9.5000000000000018 62.775000000000006 1.1055555555555558 4.5000000000000009 27.764486975013295 27.287157287157289 512.6500000000002 174.22277706185568 20.500000000000004 24.350000000000005 45.501592356687901 31.524416363246953 5.8673202614379081
decision_type=10 10 2 10 2 10 8 10 10 10 8 10 10 10 2 10 10 2 10 8 10 8 10 10 10 8 2 10 8 2
left_child=1 3 15 24 14 8 22 9 11 16 -11 12 -6 -12 -3 26 -4 18 19 -15 -21 -17 23 -5 25 -1 -2 28 -23 -29
right_child=2 4 7 6 5 -7 -8 -9 -10 10 13 -13 -14 17 -16 21 -18 -19 -20 20 -22 27 -24 -25 -26 -27 -28 29 -30 -31
leaf_value=-0.55742933148617091 -0.083808070768473256 -0.077218233046386961 0.2285827642715646 -0.098594577586548687 0.36397757830795369 -0.16415723800280715 0.48131562453405063 -0.043892877481978163 0.30848802180138263 -0.26985435326039547 0.76441660288281743 -0.056955534513882709 0.03587412500608822 0.49848729720746193 -0.16712711500301772 -0.17001852128149358 0.87114326095197725 0.38838455321048831 0.36443739096964262 -0.38044139185864845 0.14098464090810231 0.50832952550868526 -0.72287320144581668 0.075096499876675604 -0.55814843409681669 -0.27528442587174912 -0.34733770199033509 0.11589171000109388 -0.067320800416266799 0.38138264968373353
leaf_weight=63.891454171389341 116.54929170943797 1270.0203865077347 157.80309808254242 464.55806259065866 90.828330457210541 147.37005162239075 46.022757098078728 165.46454387903214 86.70234078168869 110.01731497049332 119.04881238937378 171.41886401176453 210.89445781707764 108.49290877580643 175.35650179348886 92.907755430787802 164.97790014743805 160.25511187314987 186.22361445426941 127.16061961650848 104.39841651916504 36.357165906578302 21.263847602531314 71.824463307857513 60.574415242299438 661.73527522012591 36.703804347664118 446.91774416901171 333.69064944982529 108.26197569258511
leaf_count=255 740 7165 197 2504 103 168 56 183 103 116 124 197 234 112 447 471 205 165 192 135 111 104 85 92 123 3091 170 2470 1483 577
internal_value=-8.45965e-05 -0.00143085 0.00176713 -0.00291414 -0.000472218 0.00134248 -0.000950426 0.00294433 0.00241867 0.00344384 0.00266776 0.00156531 0.00313673 0.00332536 -0.00136045 0.000355018 0.00563023 0.00268977 0.00184644 0.000515935 -0.00105861 0.000823894 -0.00160521 -0.00129317 -0.00441881 -0.00404105 -0.0027451 0.0011912 -0.000173299 0.00209937
internal_weight=6117.69 3542.46 2575.23 1389.87 2152.59 707.214 603.669 1403.84 559.844 1238.38 915.597 473.142 301.723 805.579 1445.38 1171.39 322.781 686.531 526.276 340.052 231.559 1018.14 557.646 536.383 786.201 725.627 153.253 925.228 370.048 555.18
internal_count=22178 14623 7555 6206 8417 805 2737 1540 637 1357 955 534 337 839 7612 6015 402 715 550 358 246 5105 2681 2596 3469 3346 910 4634 1587 3047
is_linear=0
shrinkage=0.03


Tree=12
num_leaves=31
num_cat=0
split_feature=6 89 40 55 67 40 75 22 26 1 34 18 78 78 66 0 2 52 53 36 18 60 2 39 33 64 3 71 70 32
split_gain=15.0815 4.65468 4.59653 4.37656 3.38211 2.69284 2.41268 2.28699 2.25184 2.17332 3.06994 3.76573 2.02752 2.01921 1.86501 1.82972 1.75851 1.73974 1.73535 1.696 1.99878 1.52835 1.53711 1.47528 1.45683 1.37487 1.29732 1.19212 2.54683 1.18988
threshold=44.710287863656255 2024.5000000000002 31.626033691946141 229.91666666666671 35.355339105339119 37.791669907443428 188.95000000000002 169.50787061062101 12.204431204617391 51.56442687747036 16.26136363636364 4.5000000000000009 26.850000000000005 34.45000000000001 1.5000000000000002 12.500000000000002 34.833333333333336 0.37844626922446079 0.39272268873318111 2.8416666666666672 3.5000000000000004 464.9500000000001 11.16666666666667 48.083333333333336 0.35416666666666669 0.036250657054892249 46.900000000000006 -0.5574246915282276 38.501700680272116 9.9279220779220783
decision_type=10 2 10 2 2 10 10 8 10 10 10 10 2 2 2 2 10 10 10 10 8 10 10 10 8 2 8 2 2 10
left_child=1 4 8 15 19 6 7 -5 13 10 11 -8 -6 16 -11 -2 27 25 -7 20 -1 22 -14 24 -17 -4 -22 -3 -29 -26
right_child=3 2 17 5 12 18 9 -9 -10 14 -12 -13 21 -15 -16 23 -18 -19 -20 -21 26 -23 -24 -25 29 -27 -28 28 -30 -31
leaf_value=-0.15020957555774367 -0.15425360359944079 0.099878644049754883 0.21133034083295893 0.79114260989472485 0.1675003138059396 0.19319457299708076 0.16780363842931806 -0.013005477154763554 -0.46786773129054698 0.0037003256868674722 0.22920643308801494 -0.52217755547770761 -0.31790425342487516 -0.36914532072509587 0.63636225648620448 -0.35433279542568868 0.17481093439648504 0.25096335376060402 0.69005214692787231 -0.10808488343231423 -0.32724710929438267 -0.20974045209172096 -0.01959462976988945 0.66328734552048108 0.047776452362540668 -0.06968344757801602 0.24881001658241458 -0.42618439452822876 0.080654410434631882 0.37462133326509572
leaf_weight=189.51228744536638 192.614348070696 96.034629940986633 90.240929424762726 207.07587738707662 127.55852578021586 115.73577219247818 181.43353676795959 76.326462343335152 93.177934587001801 109.91656982898712 178.80357623100281 112.51215773820877 94.525558488443494 148.67084336280823 192.32341837882996 58.218294924125075 145.9259552359581 171.26137691736221 115.72633507288992 450.10083978250623 555.18716656602919 252.39845906756818 762.28583498112857 36.543032573536038 936.68971083126962 147.52753871679306 22.128538869321346 96.716523230075836 90.859827876091003 53.113031983375549
leaf_count=1206 1340 108 102 283 804 132 190 104 107 114 187 121 611 166 202 272 168 202 141 2412 3061 715 4444 138 4145 163 107 106 102 135
internal_value=-6.21523e-05 -0.0013332 0.000307383 0.00168757 -0.00205541 0.0029195 0.00227451 0.00463891 -0.00121956 0.00140502 0.000133181 -0.00175068 -0.000949428 -0.000517949 0.00338737 0.000442108 0.000526499 0.00281059 0.00584634 -0.00317773 -0.00403568 -0.00136177 -0.000755436 0.00092096 0.000710922 0.00114178 -0.00491233 -0.000850809 -0.00223861 0.000983485
internal_weight=6101.14 3534.11 1080.42 2567.03 2453.7 1289.85 1058.39 283.402 671.386 774.989 472.749 293.946 1236.77 578.208 302.24 1277.18 429.537 409.03 231.462 1216.93 766.828 1109.21 856.811 1084.56 1048.02 237.768 577.316 283.611 187.576 989.803
internal_count=22088 14584 1224 7504 13360 1474 1201 387 757 814 498 311 6574 650 316 6030 484 467 273 6786 4374 5770 5055 4690 4552 265 3168 316 208 4280
is_linear=0
shrinkage=0.03


Tree=13
num_leaves=31
num_cat=0
split_feature=5 1 89 34 15 0 61 59 58 39 38 37 57 45 31 38 80 51 77 2 12 73 59 57 37 3 73 52 38 19
split_gain=15.2116 5.65556 6.84927 3.38668 2.47976 2.24897 2.49131 2.09366 2.06019 2.02229 1.95521 1.87037 2.05441 1.70978 1.71816 1.93439 1.80573 1.64596 1.53321 1.75683 1.69459 1.50307 1.5624 1.45803 1.65263 1.41663 1.64422 1.77505 1.60704 1.56173
threshold=43.452272727272735 29.451767207015681 2024.5000000000002 15.449494949494952 62.961538461538467 4.5000000000000009 661.35000000000002 7.7500000000000009 260.47500000000008 21.411239495798323 0.19523809523809527 10.168535127055309 11.791259661505164 0.34802018633540377 1.2662944028372543 1.2200917431192664 3.3500000000000001 7.3947849020899161 1.0000000180025095e-35 49.416666666666679 40.350000000000001 25.500000000000004 10.750000000000002 9.3803308304523494 8.9987102321582135 62.100000000000009 113.50000000000001 0.17470488655097047 0.89494906621392201 3.7750000000000004
decision_type=10 10 2 10 10 2 10 10 2 10 8 10 2 10 8 8 2 2 2 10 10 2 10 2 10 10 2 10 8 10
left_child=1 11 21 8 13 -6 10 -5 -4 -9 -7 23 -13 14 15 -2 -16 -18 -12 -20 -21 -3 -23 24 -1 26 27 -19 29 -27
right_child=4 2 3 7 5 6 -8 9 -10 -11 18 12 -14 -15 16 -17 17 25 19 20 -22 22 -24 -25 -26 28 -28 -29 -30 -31
leaf_value=-0.28748876549285041 0.25451595424168455 -0.02971032707636425 0.096523285121733762 0.39619677594273978 -0.1622135071028574 0.6915415607475548 1.2329175520959585 -0.021301305296488944 -0.22586907587722804 0.21741013580407623 0.38923377826329308 0.20568219865391774 -0.1803512911560321 0.14191149947405554 -0.54389142657398848 -0.54012500801595587 0.2814678458888501 0.4374998752641362 0.71618722233838106 -0.14124011452170887 0.22434179303818155 -0.12651743049477049 -0.36584162346324828 -0.47298543450702352 0.062284602792153948 -0.12185273238590022 0.63906683157790856 0.045128757327996566 0.069433609666954194 -0.58162918034378486
leaf_weight=664.40156713314354 52.883322982117534 530.65622628107667 246.13851976394653 99.114939749240875 71.153478784486651 119.15966234728694 79.255111873149872 144.87714284658432 101.95432013273239 147.9259552359581 339.05267035029829 61.414770161733031 86.315405150875449 381.66878303699195 39.977102553471923 65.579656891524792 186.9448553044349 30.395944708958268 40.861319137737155 182.38535359315574 76.720248473808169 1106.767052706331 83.439049474895 85.220627656206489 50.940445220097899 51.432889673858881 54.899757325649261 732.31066435575485 123.83759007044137 43.208698170259595
leaf_count=3516 114 4080 294 115 277 229 84 162 110 170 866 201 251 1344 179 240 775 140 106 511 166 4364 238 270 188 138 64 2483 316 93
internal_value=-4.44234e-05 -0.00137255 -0.000613477 0.00179847 0.00165017 0.00292269 0.00335777 0.00370745 -0.000355319 0.00241669 0.00282106 -0.00333968 -0.000236192 0.000993125 0.000501174 -0.00293842 0.000825858 0.00103263 0.00215662 0.000591082 -0.000328966 -0.00165111 -0.00224273 -0.00391136 -0.0034603 0.000563493 0.00113686 0.000771788 -0.00157761 -0.00449914
internal_weight=6080.89 3409.17 2460.87 740.011 2671.73 908.588 837.434 391.918 348.093 292.803 758.179 948.293 147.73 1763.14 1381.47 118.463 1263.01 1223.03 639.02 299.967 259.106 1720.86 1190.21 800.563 715.342 1036.09 817.606 762.707 218.479 94.6416
internal_count=22084 13959 9533 851 8125 2239 1962 447 404 332 1878 4426 452 5886 4542 354 4188 4009 1649 783 677 8682 4602 3974 3704 3234 2687 2623 547 231
is_linear=0
shrinkage=0.03


Tree=14
num_leaves=31
num_cat=0
split_feature=6 34 11 60 89 40 40 24 23 79 5 80 58 25 76 58 24 89 6 62 60 58 72 0 36 19 19 72 2 36
split_gain=15.7493 4.32615 4.37383 4.18912 4.11537 2.96897 2.28793 2.22571 2.44771 2.29302 1.79798 1.48489 2.20068 1.44105 1.36552 1.35245 2.08427 3.28037 1.33489 2.23531 1.74321 1.27711 1.26221 1.13838 1.11144 1.2095 1.46761 1.09663 1.06468 1.48253
threshold=40.170620433036312 16.912878787878793 14.52777777777778 494.60000000000008 2024.5000000000002 37.704085032653616 34.245011539352184 24.050000000000004 39.38750000000001 40.500000000000007 42.658333333333339 13.950000000000001 267.45000000000005 19.057707828894273 1.0000000180025095e-35 290.51250000000005 15.316666666666668 2025.5000000000002 32.001645821151364 646.60000000000014 512.6500000000002 271.31428571428575 190.37500000000003 36.500000000000007 3.0690476190476192 6.1000000000000005 8.7750000000000021 176.3416666666667 43.166666666666679 3.7687500000000007
decision_type=10 10 8 10 2 10 10 10 10 2 10 2 2 8 2 2 8 2 10 10 10 2 8 2 10 8 10 10 10 8
left_child=1 2 -1 10 24 7 13 8 11 -10 27 12 23 -6 -7 16 17 -13 19 21 -20 -4 -18 -5 25 -3 -27 -2 -12 -30
right_child=3 4 18 5 6 14 -8 -9 9 -11 28 15 -14 -15 -16 -17 22 -19 20 -21 -22 -23 -24 -25 -26 26 -28 -29 29 -31
leaf_value=-0.35051589014752421 -0.13326535796735556 -0.054971150488211079 -0.22115881168441026 -0.043940098182103711 0.21326707427995492 0.36604941712966116 0.19148187712997994 0.83274899284480342 0.20484541719221191 -0.34377302201463134 0.16280813225146409 0.36076766938202298 -0.1191429341188454 -0.16082621985940787 0.23516608498583835 0.3330963311273149 0.24822121804926184 -0.34142711816901716 -0.15124009380854539 -0.52635147950881189 0.10098557302851013 0.079639914209078275 0.77695816332523149 0.37964027401844602 -0.070707940300445166 -0.35201483553855084 -0.0012035204459494508 0.054024251076015301 -0.11736700770179673 0.073954186961715893
leaf_weight=531.08441052399576 307.69408878870308 100.7601243685931 421.07895085774362 100.15903675556183 101.20943200588226 159.15437549352646 167.38736659288406 157.15527514368296 89.128377676010132 104.95794296264648 386.06321423873305 122.16758535057306 151.77951806783676 93.478726327419281 142.04904207587242 99.492908775806427 143.06608313322067 121 357.72235151939094 30.17480206489563 157.8871169090271 34.17480206489563 97.815643504261971 162.33037042617798 667.38314151205122 129.34969355538487 45.148820774629712 81.027241969481111 331.67387146688998 507.99362491816282
leaf_count=2244 1690 626 2104 118 114 192 194 200 100 118 1902 170 159 104 177 103 179 121 1903 31 183 35 113 188 3400 668 294 235 1978 2446
internal_value=-0.000214939 -0.00184967 -0.00293028 0.00120568 -0.000579453 0.00226811 0.0021353 0.00166449 0.00121958 -0.00185606 0.000118956 0.00181909 0.000443898 -7.90669e-05 0.00495721 0.00279294 0.00212982 0.000167768 -0.00175983 -0.00288739 -0.000694732 -0.00234932 0.0041016 0.00210389 -0.00162337 -0.00322436 -0.0047287 -0.00165625 0.000682827 8.2667e-05
internal_weight=6101.55 2836.84 1532.12 3264.71 1304.72 1650.26 362.076 1349.05 1191.9 194.086 1614.45 997.811 414.269 194.688 301.203 583.542 484.049 243.168 1001.04 485.429 515.609 455.254 240.882 262.489 942.642 275.259 174.499 388.721 1225.73 839.667
internal_count=22089 11900 6500 10189 5400 1938 412 1569 1369 218 8251 1151 465 218 369 686 583 291 4256 2170 2086 2139 292 306 4988 1588 962 1925 6326 4424
is_linear=0
shrinkage=0.03


Tree=15
num_leaves=31
num_cat=0
split_feature=6 89 21 0 63 40 29 6 18 64 63 34 18 51 53 27 25 68 70 80 31 60 90 23 68 58 64 39 78 26
split_gain=13.3607 6.09388 3.15929 2.61404 2.45637 2.44487 2.26733 2.0315 1.86962 1.99024 1.80408 2.78296 3.33479 2.01736 2.43681 2.00998 1.72359 1.6674 1.63599 1.49927 1.39474 1.19456 1.18898 1.18492 1.43549 1.18108 1.173 1.15449 1.08606 1.21589
threshold=34.149407630816221 2024.5000000000002 0.88194444444444453 9.5000000000000018 507.75000000000006 37.310765215176993 22.876893939393941 38.144993705870966 4.5000000000000009 0.0076046726810085593 529.85000000000014 19.095454545454547 4.5000000000000009 8.9295199674517587 0.36120400733941649 139.79127341367797 20.023310023310028 -2.5640989729225008 29.781091617933726 16.250000000000004 2.3994002998500754 492.25000000000006 30.500000000000004 39.38750000000001 1.7416722123632058 201.72083333333339 0.21934513865686603 19.201851851851853 34.050000000000004 9.2928578478139308
decision_type=10 2 10 2 10 10 10 10 8 2 10 10 10 2 10 8 10 2 2 2 10 10 2 10 2 2 2 8 2 8
left_child=2 3 8 -2 -4 6 10 28 -1 16 -3 12 17 14 -14 -13 -10 -12 -6 -7 21 -9 25 24 -19 -11 -24 -15 29 -5
right_child=1 5 4 7 18 19 -8 20 9 22 11 15 13 27 -16 -17 -18 23 -20 -21 -22 -23 26 -25 -26 -27 -28 -29 -30 -31
leaf_value=-0.14743204932462345 -0.18368240581562845 0.22667106114909608 -0.081677394799923281 -0.019184535944589527 0.2130038317514916 0.31594802022447588 0.95848148959471102 -0.11591140323061332 -0.19939660115657817 -0.32502933817753243 0.73287748683644582 0.36906419197338386 -0.0051628932431973589 0.18142777742581884 -0.57187751134852283 0.051184336530797479 0.26810046568558599 -0.027109703736310935 -0.0088419341780441134 0.18794118585086647 0.075743333538454388 0.31306245168004826 -0.31038545456116606 -0.16145356479150325 0.3816233256293653 -0.093802749604973312 -0.46038545456116603 -0.3848407176288573 -0.30954367567043523 -0.29824832900515041
leaf_weight=322.54433372803032 269.64400860853493 176.99521511793137 571.45464789122343 245.5463930349797 86.388077825307846 167.67084336280823 146.73383820056915 242.10111951828003 76.254653135314584 221.72902878560126 145.24092942476273 161.55903613567352 113.41573148965836 115.92282271385193 148.11493974924088 118.65352839231491 19.05559891089797 134.20943200588226 98.547110963612795 173.02044749259949 1362.5363234430552 20.041835654526949 209.7582102175802 96.286609292030334 139.38423407077789 129.83099015802145 148.82398052886128 93.129122197628021 60.620537603273988 56.749856390058994
leaf_count=1798 1826 223 2969 1329 108 185 162 1585 545 1137 157 176 126 125 164 130 53 147 126 192 6349 45 772 100 153 180 522 102 374 196
internal_value=-0.000203881 0.000740145 -0.00230102 -0.000318186 -0.000799454 0.00197723 0.00148118 5.84258e-05 -0.00330631 -0.00407881 0.00111788 0.000719616 -3.13619e-05 -0.00185497 -0.00360597 0.00335205 -7.80572e-06 0.00163494 0.00219782 0.00428063 0.000511953 -0.00148822 -0.00462441 0.000561125 0.00156773 -0.00336767 -0.00584376 0.000342323 -0.00196772 -0.00122317
internal_weight=6071.96 4187.58 1884.39 2257.24 756.39 1930.34 1589.65 1987.6 1128 805.452 1442.91 1265.92 985.704 470.583 261.531 280.213 95.3103 515.121 184.935 340.691 1624.68 262.143 710.142 369.88 273.594 351.56 358.582 209.052 362.917 302.296
internal_count=22056 13846 8210 11704 3203 2142 1765 9878 5007 3209 1603 1380 1074 517 290 306 598 557 234 377 7979 1630 2611 400 300 1317 1294 227 1899 1525
is_linear=0
shrinkage=0.03


Tree=16
num_leaves=31
num_cat=0
split_feature=5 89 40 1 46 55 40 71 79 78 1 55 79 0 6 61 46 19 0 10 69 34 82 17 72 7 31 86 78 74
split_gain=12.9808 4.87187 6.63691 2.70149 2.64063 2.5695 2.59264 2.18182 2.08211 2.87815 1.91614 1.90808 2.18356 1.91012 1.68085 1.67135 1.57419 1.84969 1.49919 1.45606 1.45248 1.45084 2.27617 1.39625 1.39451 1.39176 1.20659 1.05835 1.10429 1.05264
threshold=44.806250000000006 2024.5000000000002 34.113386401715921 28.914215686274513 0.12423112767940356 229.91666666666671 37.073659514150258 -7.0569210362047441 27.500000000000004 29.750000000000004 24.670289855072468 244.3119047619048 40.500000000000007 19.500000000000004 36.654239689131479 588.75000000000011 0.083527131782945754 4.4500000000000011 13.500000000000002 0.29285714285714287 2.5000000000000004 17.961538461538463 11.250000000000002 3.5000000000000004 189.85000000000005 47.176583116662215 6.4002752924982804 1.0000000180025095e-35 31.850000000000005 -11.641666666666664
decision_type=10 2 10 8 8 2 10 2 2 2 10 2 2 2 10 10 10 8 2 10 2 10 2 10 8 10 10 2 2 10
left_child=1 14 3 10 -5 18 7 -7 -6 -10 -3 -9 13 -13 16 -8 17 -1 -2 -4 -11 22 -14 -15 27 26 29 28 -18 -16
right_child=5 2 19 4 8 6 15 11 9 20 -12 12 21 23 25 -17 24 -19 -20 -21 -22 -23 -24 -25 -26 -27 -28 -29 -30 -31
leaf_value=-0.15304081356174415 -0.13824972907137392 -0.10612171855768121 0.13724330506240229 0.23238664512579391 -0.4435883358551958 0.72935721420805733 0.15088180916991031 0.50416787391030427 -0.20054037047762868 -0.08819175502463189 -0.46601878014487474 -0.080239505861396887 -0.36111836535726943 0.045016826784708051 -0.18986865750260676 0.43444091173801541 -0.060127924132995038 -0.27300427448181175 0.10144315282690954 0.19643009337766926 0.33802766802892348 0.19593407046052233 0.080403825617486532 0.49799736523657401 0.22165558171178359 -0.27082491976690548 0.085922721029619772 0.03177138041844902 -0.19771467936523343 -0.053179842929989216
leaf_weight=295.40026029199362 192.05029526166618 104.16061961650848 178.76846814155579 113.97163510322571 136.98895007371902 162.2975904494524 90.81636880338192 108.25094765797257 164.6078485250473 91.796833038330078 93.272426843643188 90.525847613811493 124.59534275531769 123.4001053571701 166.85461437888443 149.84251290559769 278.96664603985846 668.55741699784994 1024.4425744283944 123.37005162239075 112.28974181413651 95.131403088569641 170.12996929883957 152.93100959062576 45.382525704801083 30.697969909757376 225.99516198411584 140.66200328245759 181.69957317598164 479.03225905261934
leaf_count=1910 1412 112 206 128 157 180 129 146 184 105 104 100 134 134 672 155 1606 3590 4509 144 129 105 189 166 185 147 905 729 967 2841
internal_value=-0.000119264 -0.00126206 0.000384097 -0.00102127 -4.56339e-05 0.00155145 0.00249598 0.001836 -0.000976941 0.000199036 -0.0040677 0.0012339 0.000697829 0.00235607 -0.001995 0.00529385 -0.00257565 -0.00334377 0.000565756 0.00417553 0.00257395 -0.000864618 -0.00190348 0.00359189 -0.00142734 -0.000957107 -0.000731725 -0.00181144 -0.00250565 -0.00139139
internal_weight=6116.89 3632.48 1119.23 817.088 619.655 2484.41 1267.92 1027.26 505.683 368.694 197.433 864.965 756.714 366.857 2513.25 240.659 1610.67 963.958 1216.49 302.139 204.087 389.857 294.725 276.331 646.711 902.58 871.882 601.328 460.666 645.887
internal_count=22180 14821 1269 919 703 7359 1438 1154 575 418 216 974 828 400 13552 284 8987 5500 5921 350 234 428 323 300 3487 4565 4418 3302 2573 3513
is_linear=0
shrinkage=0.03


Tree=17
num_leaves=31
num_cat=0
split_feature=5 89 46 11 67 6 42 66 22 81 25 52 61 39 35 80 32 15 20 54 26 41 19 65 74 3 27 2 37 58
split_gain=10.1521 4.07916 3.50077 2.92955 2.43559 2.31924 2.187 1.99952 2.36573 1.92731 1.7308 1.71702 1.6927 1.8048 1.70532 1.8981 1.61597 1.70512 1.51202 1.4901 1.76187 1.44445 1.80588 1.35963 1.78157 1.35168 1.29754 1.28861 1.24413 1.67276
threshold=44.975000000000009 2024.5000000000002 0.3681727904667329 57.45000000000001 63.498511904761905 36.798375732541423 0.2086423046145639 1.5000000000000002 145.95169637722833 17.950000000000006 23.538899430740042 0.34456145709845792 667.20000000000016 22.60063291139241 31.376651078841579 14.450000000000001 9.9279220779220783 64.527777777777786 0.81666666666666676 236.28333333333333 11.778579356270813 2.8391830870279149 4.4500000000000011 6.5000000000000009 -3.9749999999999939 80.90000000000002 215.26806526806527 68.166666666666671 7.8992526908705605 196.45277777777781
decision_type=10 2 8 10 2 10 10 2 8 2 10 10 10 10 8 2 10 8 10 2 8 10 8 8 8 10 8 10 8 2
left_child=1 5 19 12 10 21 7 11 -9 -6 -5 -4 13 14 -2 16 17 27 -15 20 -3 22 -1 -23 -25 26 28 -16 29 -17
right_child=3 2 6 4 9 -7 -8 8 -10 -11 -12 -13 -14 18 15 25 -18 -19 -20 -21 -22 23 -24 24 -26 -27 -28 -29 -30 -31
leaf_value=-0.14515264636613778 -0.12427632604796195 0.20872699684265253 0.1113902317404073 1.3017982407251469 -0.22012277512351094 -0.050947261288878776 0.25936317275438708 -0.083362098151475161 -0.45856489440640708 0.9063736259759998 0.55492851599881354 -0.19452415936329992 0.28148754096346862 0.49235846892915563 0.094719994220786599 0.0087813341937360428 0.69958199077361249 0.41135693750102842 0.20224208015976231 -0.20676496498095492 -0.006275928729213902 -0.096231676244221021 -0.27254350786719639 -0.085102828862720581 0.39270784849772872 -0.18035369586960023 0.39995687896480525 -0.31836627729819106 0.082178452000060173 -0.46407632928606124
leaf_weight=320.60887994430959 263.57854126021266 335.72592079639435 100.30392426252365 76.00071357190609 66.103817591443658 895.87457370758057 116.16375213861465 109.859827876091 121.46454387903214 65.835648974403739 83.986753903329372 89.765335619449615 132.08030980825424 73.05076989531517 248.56783686950803 88.824730211868882 39.06425242125988 215.95823775790632 246.72674212791026 100.859827876091 150.98895007371902 583.82120607607067 643.09862744249403 43.235957615077496 45.331684237346053 88.202845308929682 46.976302551105618 34.602621667087078 598.53461752086878 65.253855047747493
leaf_count=2046 774 384 110 126 115 4577 137 121 139 104 100 104 136 183 999 692 52 567 1011 112 171 3052 3591 176 233 207 133 126 1797 123
internal_value=-9.3814e-05 -0.0010928 0.000409981 0.00140741 0.00422182 -0.00176049 -0.00133826 -0.00234216 -0.00420912 0.00119011 0.00669911 -5.98372e-05 0.00102195 0.000804485 0.000412555 0.000822489 0.00222645 0.00175713 0.00286753 0.00200896 0.00269584 -0.00243207 -0.00317656 -0.00136189 0.00208475 -3.01598e-05 0.000360174 0.000223034 5.51675e-05 -0.00234001
internal_weight=6090.45 3657.1 1125.13 2433.35 291.927 2531.97 537.557 421.394 231.324 131.939 159.987 190.069 2141.42 2009.34 1689.56 1425.99 538.193 499.129 319.778 587.575 486.715 1636.1 963.708 672.389 88.5676 887.792 799.59 283.17 752.613 154.079
internal_count=22198 14953 1278 7245 445 13675 611 474 260 219 226 214 6800 6664 5470 4696 1744 1692 1194 667 555 9098 5637 3461 409 2952 2745 1125 2612 815
is_linear=0
shrinkage=0.03


Tree=18
num_leaves=31
num_cat=0
split_feature=5 89 40 4 22 75 67 51 3 7 28 43 82 44 0 69 10 17 72 79 49 22 47 28 53 39 53 67 52 60
split_gain=11.5813 3.93104 4.49407 2.95477 2.2138 2.30175 2.14268 1.63496 1.71173 1.49296 1.49111 1.43503 1.52107 1.55781 1.38606 1.3468 1.88799 1.33258 1.40998 1.31488 1.29949 1.63157 2.24055 1.20861 2.22575 1.47552 1.20482 1.48069 1.50796 1.30388
threshold=44.975000000000009 2024.5000000000002 32.89531242805176 69.550000000000011 159.26672640382321 194.10000000000002 35.659625435540079 8.8352618648090608 32.900000000000006 47.176583116662215 26.336538461538463 0.67653316645807271 9.3500000000000032 0.10412794299876087 4.5000000000000009 1.5000000000000002 0.21111111111111114 166.50000000000003 168.37500000000003 46.500000000000007 60.158730158730165 72.04651162790698 0.38750000000000007 32.47023387668321 0.476827220442611 18.594494047619051 0.44315780943821553 51.770474137931039 0.40240408314163656 425.35000000000008
decision_type=10 2 10 10 10 10 2 2 8 8 8 10 2 10 2 2 10 10 8 2 2 10 10 10 10 8 10 2 10 10
left_child=1 6 4 11 5 7 -1 8 -3 17 -6 20 -13 -14 -5 -4 19 -8 -19 -17 -2 22 -22 24 25 -16 -23 29 -29 -28
right_child=3 2 15 14 10 -7 9 -9 -10 -11 -12 12 13 -15 23 16 -18 18 -20 -21 21 26 -24 -25 -26 -27 27 28 -30 -31
leaf_value=-0.15266344153590142 -0.14409794903137416 -0.16931226495278556 -0.00054118172146758073 -0.097898565809043228 -0.37393229973055986 -0.32246153762524271 -0.060032586628312852 0.24575054632825014 0.03557431764123254 -0.23350966861707681 -0.10315303966696313 0.41196142158459231 -0.42471668439009186 0.35492435811634732 0.033883503069336081 -0.05736648162925654 0.29483579034025692 -0.079946655992792937 0.33144487122777999 0.27618158548959493 0.067184471354044137 0.0067977084275531036 0.77121686724821326 0.92629873911362881 -0.21135255455301405 0.52535144108919363 -0.12693882912798238 0.16819532542824608 -0.44259911699117521 0.3899152182234365
leaf_weight=1287.3675067313015 116.9099470153451 127.81414800882339 103.14643716812134 52.128080703318119 90.240929424762726 129 1008.029738239944 146.75115317106247 160.11807227134705 134.0928393304348 90.240929424762726 72.044113436713815 37.183419587090611 71.83269502595067 57.576855285093188 92.559036135673523 109.46454387903214 45.252825196832418 45.487812526524067 91.003132522106171 138.89599966444075 1029.1973968110979 59.777973709627986 253.72489115782082 64.86375804618001 100.63856661319733 36.814604023471475 85.330543970689178 54.073555715382099 239.60658797994256
leaf_count=7090 268 147 118 178 102 129 5164 168 189 823 102 170 105 223 120 107 127 302 191 104 377 3652 143 538 93 149 279 328 184 513
internal_value=-1.78556e-05 -0.00108891 0.000372397 0.00156888 -0.0010017 -7.37507e-05 -0.00175 0.000971702 -0.000343622 -0.0008551 -0.00388351 0.00102634 0.00356249 0.00130453 0.00355478 0.00294951 0.00398421 -0.000488712 0.00297379 0.00210543 0.000763653 0.000981378 0.00352362 0.00406179 0.00243417 0.00434495 0.000629654 0.00199037 -0.000528466 0.003258
internal_weight=6131.17 3660.57 1140.34 2470.6 744.165 563.683 2520.23 434.683 287.932 1232.86 180.482 1941.67 181.06 109.016 528.932 396.173 293.027 1098.77 90.7406 183.562 1760.61 1643.7 198.674 476.804 223.079 158.215 1445.02 415.825 139.404 276.421
internal_count=22183 14863 1293 7320 837 633 13570 504 336 6480 204 6242 498 328 1078 456 338 5657 493 211 5744 5476 520 900 362 269 4956 1304 512 792
is_linear=0
shrinkage=0.03


Tree=19
num_leaves=31
num_cat=0
split_feature=6 89 26 63 1 51 45 58 39 78 69 16 5 22 29 79 39 10 8 82 64 69 55 75 55 74 30 24 72 40
split_gain=9.94991 4.29939 2.79344 2.73051 3.7324 2.51756 2.31248 2.88962 1.96515 2.30913 2.25261 2.02701 1.64708 2.3149 1.59602 1.56856 1.44956 1.42842 2.28021 1.72698 1.39637 1.78681 1.38537 1.208 1.18575 1.15857 1.31996 1.16199 1.09705 1.13284
threshold=36.798375732541423 2024.5000000000002 14.315852923447862 507.75000000000006 33.956202046035813 9.5997366481763979 0.055684754521963829 283.15952380952388 22.401754385964917 29.750000000000004 3.5000000000000004 5.5000000000000009 34.306250000000006 130.82855359743235 24.202800626713671 75.500000000000014 16.472407519708916 0.13392857142857145 111.50000000000001 7.4500000000000011 0.32282878411910676 4.5000000000000009 289.38333333333338 172.10833333333338 264.06250000000006 -18.449999999999999 23.2688834921228 5.0500000000000007 172.72500000000002 35.704476285805406
decision_type=10 2 10 8 10 2 10 2 10 2 2 2 10 8 10 2 10 10 10 2 2 2 2 10 2 10 8 10 10 8
left_child=2 14 3 15 5 28 7 17 9 11 16 -8 -6 -14 25 -1 -11 19 -19 24 21 -21 -12 -16 -3 26 -2 -27 -5 -30
right_child=1 6 -4 4 12 -7 8 -9 -10 10 22 -13 13 -15 23 -17 -18 18 -20 20 -22 -23 -24 -25 -26 27 -28 -29 29 -31
leaf_value=-0.1544380084492343 -0.19889829562573488 0.40236339018219208 -0.46574555736116097 -0.025491013671261411 0.49035348474245338 0.16586406846407351 0.14250332639628491 -0.31896121207954437 0.51465305369753511 0.21048362669677606 0.14879429065585717 -0.36471934259275585 -0.18730612215069101 0.33680401244575225 0.033857789207637407 -0.029106734503223954 -0.047995128589811031 0.25455647895236722 -0.18122842286330007 0.18394921115716834 0.030781129029869268 0.68824789943756659 0.83723165917007736 0.49554906874825622 -0.21641481735415927 -0.10152822286939341 0.26464497373854617 0.014222747338927774 -0.39049080131247499 -0.27521732144220318
leaf_weight=1263.3488484397531 197.58859272487462 107.40154904127121 90.823990037664771 77.234528463333845 79.797926425933838 88.642001755535603 92.160619616508484 109.46141135692596 177.16375213861465 92.922822713851929 135.65666091442108 108.65352839231491 90.544367734342813 82.767739087343216 91.463441694155335 299.98110473901033 100.89132529497147 113.73383820056915 155.9259552359581 135.46454387903214 101.33542168140411 171.1779345870018 92.461411356925964 77.44144494831562 127.51022374629974 419.29833268932998 34.846663381904364 1141.4924576431513 87.254674948751926 142.6546278372407
leaf_count=7355 656 127 223 189 110 112 100 114 198 102 160 120 121 97 698 1358 111 129 178 153 110 185 97 165 137 2207 122 6337 103 174
internal_value=-0.000257745 0.00068846 -0.00181204 -0.00159839 3.76392e-05 -0.00178041 0.00173746 0.000790649 0.00294465 0.00214533 0.00340318 -0.000501319 0.00287633 0.00121934 -0.000285965 -0.00227706 0.00101684 0.0013441 -0.000487348 0.00211186 0.00328936 0.00429545 0.00541738 0.00249327 6.15804e-05 -0.000548987 -0.00252026 -0.000253996 -0.00306409 -0.00409934
internal_weight=6087.1 3784.05 2303.05 2212.23 648.896 395.786 1821.92 1022.01 799.91 622.746 421.932 200.814 253.11 173.312 1962.13 1563.33 193.814 912.549 269.66 642.89 407.978 306.642 228.118 168.905 234.912 1793.23 232.435 1560.79 307.144 229.909
internal_count=22048 12206 9842 9619 906 578 2021 1133 888 690 470 220 328 218 10185 8713 213 1019 307 712 448 338 257 863 264 9322 778 8544 466 277
is_linear=0
shrinkage=0.03


Tree=20
num_leaves=31
num_cat=0
split_feature=6 4 43 41 67 8 61 40 75 65 68 61 70 63 43 75 26 70 43 55 54 56 5 55 48 72 1 2 35 68
split_gain=11.0263 3.68611 2.92792 2.47045 2.44031 2.17517 2.43925 2.22262 2.22072 2.09163 2.08534 1.9323 2.01501 1.92447 1.74209 1.67819 1.90669 2.39665 2.61842 2.35315 1.64944 1.61522 1.61334 1.58045 1.5772 1.55937 1.46565 1.39115 1.64056 1.54682
threshold=36.798375732541423 68.050000000000011 0.10956554878048781 2.8391830870279149 35.355339105339119 170.50000000000003 502.30000000000007 41.360396339922154 195.80000000000004 7.5000000000000009 -0.7001006036217311 661.35000000000002 74.922949735449748 496.05000000000007 0.67313976872800418 194.10000000000002 11.316485955775637 42.231882366670568 0.31115721530659296 249.80000000000004 229.25000000000003 135.09955094056318 40.351470588235301 293.33571428571435 63.350618975618978 189.66875000000002 39.12599206349207 52.833333333333336 34.457890091512986 -2.6874192506459944
decision_type=10 10 10 10 2 10 10 10 10 8 2 10 2 8 10 10 10 2 10 2 2 2 8 2 2 8 8 10 8 2
left_child=3 5 -3 4 20 6 24 8 14 23 -7 12 27 -6 15 16 17 18 26 -19 -1 -21 -15 -5 -2 -12 -8 -4 -29 -30
right_child=1 2 11 9 13 10 7 -9 -10 -11 25 -13 -14 22 -16 -17 -18 19 -20 21 -22 -23 -24 -25 -26 -27 -28 28 29 -31
leaf_value=-0.26578576987238123 -0.12117482329140279 -0.095781321687253229 1.0282000736395935 -0.057858908484390313 -0.18370105776372858 0.1120928852217811 0.088717413611800633 0.28769353668463815 -0.19320942001736746 0.20657787754280285 -0.13297780594705899 1.3634895951206814 -0.12275089437316478 0.30229124268165042 0.45405826529158927 0.1938033603749377 -0.27192284461976618 0.28049419221567806 0.50497111570798625 0.0082549987668390033 0.0010031343421116202 -0.28318369513157382 -0.11443144763222216 0.51362638260961302 0.0087537168245666666 -0.61708235626478314 -0.13155011684363807 -0.14825478288808761 1.0451863167993696 0.39461481032791262
leaf_weight=828.76397579722106 126.64235298894346 92.095731424167752 60.849223583936691 755.51636875979602 304.97112984769046 74.742685569450259 83.858842212706804 93.913548588752747 135 67.30907478928566 64.147849788889289 62.52440619468689 55.531148262321949 85.846549645066261 116.36561092734337 151.51984214782715 99.794456899166107 141.23750237375498 181.13216494396329 107.87088996171951 92.877707660198212 138.53860080242157 87.193205885589123 55.111807227134705 1602.527570342645 39.498848408460617 80.299361735582352 57.304216431453824 77.766835385933518 205.24914970248938
leaf_count=4031 619 221 125 3381 1673 187 108 118 135 235 220 65 173 121 144 153 129 216 240 120 117 155 165 58 8365 53 96 149 132 402
internal_value=-8.46897e-05 0.000894392 0.00302897 -0.0017387 -0.0025208 0.000490468 0.00067857 0.00164421 0.00130318 -0.000490371 -0.00272056 0.00390241 0.00321146 -0.000779225 0.00174883 0.00133527 0.000804311 0.00133479 0.00314864 -0.000284807 -0.00342225 -0.00205181 0.00174149 -0.000914165 -6.44187e-05 -0.00545503 0.000398333 0.00395205 0.00318743 0.00412232
internal_weight=6126 3848.41 611.321 2277.59 1399.65 3237.09 3058.7 1329.53 1235.62 877.937 178.389 519.225 456.701 478.011 1100.62 984.252 832.732 732.937 345.29 387.647 921.642 246.409 173.04 810.628 1729.17 103.647 164.158 401.169 340.32 283.016
internal_count=22106 12325 1267 9781 6107 11058 10598 1614 1496 3674 460 1046 981 1959 1361 1217 1064 935 444 491 4148 275 286 3439 8984 273 204 808 683 534
is_linear=0
shrinkage=0.03


Tree=21
num_leaves=31
num_cat=0
split_feature=6 15 62 39 1 34 72 0 36 67 42 50 28 40 90 61 43 36 7 7 75 23 29 90 67 67 51 63 42 19
split_gain=9.43081 3.7065 3.51334 3.64286 2.90077 2.24667 3.0834 2.07366 2.05902 2.67168 2.02009 1.80301 1.77505 1.69538 1.67552 1.49798 1.43047 1.40408 1.43345 1.48213 1.70924 1.35907 2.20904 2.34532 1.56421 1.69986 1.46025 1.41542 1.4014 1.8124
threshold=40.170620433036312 38.261363636363647 631.30000000000007 20.171880091234936 48.831300813008134 22.527777777777782 178.03571428571431 19.500000000000004 2.1020833333333337 35.659625435540079 0.075359675087767614 9.8850518978536002 3.5192307692307696 27.788142620232176 10.500000000000002 521.95000000000016 0.42878275570583269 3.7357142857142858 29.759452278838832 33.702077086018882 189.44166666666669 34.585714285714296 20.695826086956526 63.500000000000007 55.47371759598925 52.467013888888893 9.8501989291291761 410.15000000000003 0.54893204621465508 2.1000000000000005
decision_type=10 8 10 10 10 10 10 2 10 2 8 2 8 10 2 10 8 10 10 10 10 8 10 2 2 2 2 10 8 10
left_child=1 8 7 4 -4 -3 13 14 9 10 -1 -10 -9 -7 -2 -13 -6 18 -16 20 -20 27 23 24 25 26 -23 -14 29 -29
right_child=2 5 3 -5 16 6 -8 12 11 -11 -12 15 21 -15 17 -17 -18 -19 19 -21 -22 22 -24 -25 -26 -27 -28 28 -30 -31
leaf_value=-0.35302084085813534 0.11398543873858749 -0.067078825506186129 -0.12791593592832051 0.72181291242250434 0.17314684042357353 -0.44286361085280002 0.24934952225273191 0.16236758135260315 -0.08579802138339758 -0.058218328142348168 -0.21474225982518227 -0.044914259447134626 -0.08941005912158359 0.024906024232856507 -0.32302403155234805 0.22780450309971848 0.80467774762571787 0.060483267914572973 -0.079124471315765138 -0.10684773229823148 1.3653948479691598 -0.0039145060925731912 0.35893689897274528 -0.41164975620855337 -0.32600334431550781 0.54873874269350476 -0.50248023669505626 -0.3502015255503288 0.40895832498772233 0.12927454787571541
leaf_weight=338.02401384338737 105.09021496400237 794.28453985229135 181.36691910028458 170.81101548671722 116.08030980825424 25.482206789776683 109.99004118144512 52.12660600990057 696.30351978726685 277.2775812074542 326.49622673355043 56.152899734675884 146.79052311554551 188.5491547062993 127.91350043006241 54.044002056121826 104.69920825958252 84.477023418992758 34.881647238507867 218.26564487628639 22.093305885791779 420.01155739463866 311.90325515344739 37.094288021326065 73.146187057718635 42.437884891405702 39.212279077619314 60.322967439889908 192.41462350264192 708.73213646747172
leaf_count=1211 546 2994 189 177 120 104 180 163 3318 1218 1804 224 1103 817 628 62 108 548 234 814 26 1252 1088 77 191 112 73 172 519 2008
internal_value=-0.000146513 -0.00140054 0.000959713 0.0030897 0.00152316 -5.1544e-05 0.00205 0.000502835 -0.00226291 -0.00321519 -0.00424612 -0.00114826 0.000948056 -5.39336e-05 -0.00106166 0.00240228 0.00382514 -0.00180212 -0.0025382 -0.00130989 0.00296338 0.000806103 -4.37993e-05 -0.00109082 -0.000611965 -1.08126e-05 -0.000546227 0.00151395 0.00193271 0.00135644
internal_weight=6116.48 2866.6 3249.87 572.957 402.146 1118.31 324.021 2676.91 1748.3 941.798 664.52 806.5 2084.19 214.031 592.721 110.197 220.78 487.631 403.154 275.241 56.975 2032.07 923.805 611.902 574.808 501.662 459.224 1108.26 961.47 769.055
internal_count=22080 11932 10148 594 417 4095 1101 9554 7837 4233 3015 3604 6758 921 2796 286 228 2250 1702 1074 260 6595 2793 1705 1628 1437 1325 3802 2699 2180
is_linear=0
shrinkage=0.03


Tree=22
num_leaves=31
num_cat=0
split_feature=6 1 61 85 39 60 26 41 70 59 33 7 7 68 5 8 71 66 23 15 62 34 50 6 61 34 61 73 36 24
split_gain=10.1612 4.22109 3.04463 2.68849 2.27901 1.95973 2.75074 1.98065 2.49531 1.85388 1.49659 1.62135 2.5698 1.49278 1.4734 2.24465 2.17165 1.75872 2.08759 1.91237 3.08879 1.51747 1.52226 1.56856 1.97385 1.45509 1.9647 1.44923 1.39481 1.3826
threshold=44.710287863656255 29.451767207015681 674.60000000000002 2.5000000000000004 37.52272727272728 512.6500000000002 4.1615729421352894 3.3425084175084181 35.679178067098817 10.750000000000002 0.21111111111111114 26.767943092492519 22.316585755872453 -2.6874192506459944 63.853571428571435 180.50000000000003 -8.5833333333333304 9.5000000000000018 30.414285714285715 61.074175824175832 553.35000000000014 19.958333333333339 9.8850518978536002 55.386605183738311 513.35000000000002 35.166666666666679 504.85000000000008 86.500000000000014 2.0590277777777781 4.9444444444444455
decision_type=10 10 10 2 10 8 10 10 2 10 8 10 8 2 10 10 2 2 8 10 10 10 2 10 10 10 10 2 10 10
left_child=1 3 4 28 10 9 7 -7 -9 -3 13 12 -12 -2 15 17 -16 21 -19 20 -20 -13 23 24 -23 26 -5 -17 -1 -11
right_child=2 5 -4 25 -6 6 -8 8 -10 29 11 14 -14 -15 16 27 -18 18 19 -21 -22 22 -24 -25 -26 -27 -28 -29 -30 -31
leaf_value=-0.29392780121898388 0.16579563590829566 -0.062273833427530075 0.87988853710626991 -0.044119970641586688 0.48164054884802648 0.42265875497675598 -0.053800328657768556 0.16294671010859574 -0.08487068917009892 -0.03951014650787165 0.17585110944887594 0.0090521825703911672 -0.19503469003632978 -0.47399777259119935 1.2541253540560908 -0.11028692831386039 0.28825757013836684 0.39313880858846584 0.086180002156532459 0.52634353003188294 -0.68038745768518871 0.22637839981648 -0.083039193306957415 -0.050447750676879059 0.80785007157635791 -0.25846933501502484 0.25007531005517997 -0.62330747132429132 0.00040474598865839314 -0.4007211917502157
leaf_weight=622.17883984185755 33.43050491809845 1750.0110079925507 97.762203097343445 150.14374295435846 79.03593522310257 106.08945045620203 402.84447884559631 78.41551548987627 130.02058218419552 43.375970976427197 73.139195661991835 976.33627276867628 197.34187705442309 76.298237595707178 52.872119873762131 57.401930056512356 365.04069468565285 145.05875059217215 70.953505320474505 65.001997528597713 36.905507743358612 72.01052276045084 31.729929059743881 40.978600360453129 53.093778014183044 57.162202863022685 62.448764145374298 39.234799116849899 58.717824134975672 86.882903246209025
leaf_count=2877 90 8873 99 945 254 135 472 96 153 120 313 3049 869 232 116 201 824 333 275 144 40 398 56 152 61 318 86 44 286 259
internal_value=-0.00019925 -0.00123884 0.00123956 -0.0029482 0.00103223 -0.000612373 0.000720955 0.00281892 0.0011093 -0.00112118 0.000864864 0.0010301 -0.0011471 -0.00254238 0.00132399 0.000905963 0.0029072 0.00119363 0.00316951 0.0009325 -0.00151635 0.000656392 0.0030454 0.004193 0.00585045 -0.000411395 0.000735717 -0.00350241 -0.00395115 -0.00456064
internal_weight=6111.92 3548.29 2563.63 950.651 2465.86 2597.64 717.37 314.526 208.436 1880.27 2386.83 2277.1 270.481 109.729 2006.62 1588.71 417.913 1492.07 317.92 172.861 107.859 1174.15 197.813 166.083 125.104 269.755 212.593 96.6367 680.897 130.259
internal_count=22170 14620 7550 4512 7451 10108 856 384 249 9252 7197 6875 1182 322 5693 4753 940 4508 792 459 315 3716 667 611 459 1349 1031 245 3163 379
is_linear=0
shrinkage=0.03


Tree=23
num_leaves=31
num_cat=0
split_feature=89 6 40 0 42 85 68 52 64 13 26 15 21 80 60 67 12 7 13 48 5 52 14 82 0 42 1 36 11 62
split_gain=8.21966 4.61308 4.1777 3.03313 2.96536 2.65973 2.2671 2.23308 2.03576 2.0067 1.97809 1.96139 1.91335 1.89443 1.58914 1.59357 1.51262 1.81837 2.19639 1.4445 1.40747 1.40671 1.37091 1.30972 1.05912 0.952225 0.938622 1.04151 0.946557 1.1495
threshold=2024.5000000000002 36.924448870101067 37.612276455560043 127.50000000000001 0.31532777567260334 1.5000000000000002 -2.8112159329140449 0.33924381757176592 0.31941053365887695 1.7638888888888891 12.039133979527133 63.654761904761912 0.47222222222222227 15.550000000000002 456.60000000000008 38.139514796643454 43.150000000000013 28.680393917293664 3.0555555555555558 80.173278258384656 42.658333333333339 0.3310767053265446 4.5000000000000009 9.9500000000000011 9.5000000000000018 0.14936913371287894 45.246211251435135 2.469444444444445 37.81666666666667 468.35000000000008
decision_type=2 10 10 2 10 2 2 10 2 10 8 8 10 2 10 2 10 10 8 2 10 10 2 2 2 8 10 8 10 10
left_child=1 12 3 4 5 10 -6 -5 16 -4 11 20 14 -11 15 -1 17 18 -7 -3 -2 -8 -23 -19 -21 -14 28 -28 -26 -30
right_child=2 19 9 7 6 8 21 -9 -10 13 -12 -13 25 -15 -16 -17 -18 23 -20 24 -22 22 -24 -25 26 -27 27 -29 29 -31
leaf_value=-0.21082380007668697 -0.031738663486682916 -0.11276613274502892 0.32923650163452073 0.095245573526105493 0.91755642345703647 -0.19933905807838298 0.56988723251928919 0.59234209502741897 -0.18280886635005275 0.27071357342489694 -0.36495145752507518 0.34878833845488993 -0.084493536394366436 -0.053114500941853889 -0.30206245414232963 0.036379319303709537 -0.026132967053115474 0.25365517608561627 0.31749715129492578 -0.13825795784126854 -0.30952676369638604 -0.36956380856157339 0.64621859638922374 0.071351327262003328 0.013252294789702574 0.018790444683397991 -0.13707727923266311 0.16306775234568227 -0.34036350656221637 0.17899410994930604
leaf_weight=412.63220175169408 200.75115317106247 198.24466393887997 171.10075730085373 140.20943200588226 102.38423407077789 107.28974181413651 128.44722890853882 163.9259552359581 159.46454387903214 115.71652323007584 163.37005162239075 134.62203097343445 663.36526206880808 121.76533561944962 253.48754098825157 136.16936852037907 152.87714284658432 97.034629940986633 97.384234070777893 200.36904054507613 132.35273665189743 100.00313252210617 91.859827876091003 91.303924262523651 783.43191445991397 184.84304602444172 105.1642885915935 604.72497925534844 78.973005138337612 28.125995647162199
leaf_count=3163 222 1031 194 153 116 124 140 186 177 125 184 147 3641 136 803 773 170 109 111 1367 147 113 103 101 3547 872 668 3092 405 65
internal_value=-0.000102524 -0.00100714 0.00123295 0.000683195 0.000204139 -0.000488849 0.00239117 0.00344435 0.000776662 0.00400069 -0.00190226 -0.000905218 -0.00218045 0.00220143 -0.00323016 -0.0023156 0.00164748 0.00263054 0.00066683 -3.78039e-05 -0.00213869 0.00114048 -0.000487597 0.00474977 0.000230252 -0.00118492 0.00048798 0.00130089 -0.000160769 -0.00279241
internal_weight=6121.39 3649.53 2471.86 2063.28 1759.14 1336.45 422.694 304.135 705.354 408.583 631.096 467.726 1650.5 237.482 802.289 548.802 545.89 393.013 204.674 1999.03 333.104 320.31 191.863 188.339 1800.79 848.208 1600.42 709.889 890.531 107.099
internal_count=22185 19427 2758 2303 1964 1492 472 339 792 455 700 516 9252 261 4739 3936 615 445 235 10175 369 356 216 210 9144 4513 7777 3760 4017 470
is_linear=0
shrinkage=0.03


Tree=24
num_leaves=31
num_cat=0
split_feature=5 89 45 55 78 24 66 5 78 60 68 45 74 13 44 40 78 19 69 1 37 75 75 63 5 74 90 31 69 2
split_gain=8.09934 3.52071 4.02003 2.14642 1.87617 1.75897 2.06769 1.63841 1.61621 1.90782 1.90017 1.84614 2.4409 2.0297 1.92085 1.79432 1.68046 1.54764 2.77551 1.53688 1.43194 1.61076 1.44077 1.39811 1.28483 1.24362 1.22963 1.2211 1.19536 1.18828
threshold=44.975000000000009 2024.5000000000002 1.0000000180025095e-35 218.18730158730162 34.250000000000007 12.154761904761907 1.0000000180025095e-35 31.975000000000005 35.45000000000001 631.30000000000007 -3.3991228070175441 0.055684754521963829 -2.3944444444444311 3.3666666666666671 0.087340114039143171 37.704085032653616 30.650000000000002 5.7750000000000012 1.5000000000000002 51.101724137931043 12.755281690140846 192.0916666666667 186.72500000000002 509.85000000000008 38.607692307692311 21.531818181818185 9.5000000000000018 1.7244352987355926 25.500000000000004 47.166666666666679
decision_type=10 2 10 2 2 10 2 10 2 10 2 10 10 10 8 10 2 10 2 10 8 10 10 8 10 8 2 8 2 10
left_child=1 7 4 27 5 6 -3 20 10 -10 16 12 14 15 -12 -13 -5 -4 -19 -14 21 22 23 -1 -7 28 -22 -2 -9 -20
right_child=3 2 17 8 -6 24 -8 25 9 -11 11 13 19 -15 -16 -17 -18 18 29 -21 26 -23 -24 -25 -26 -27 -28 -29 -30 -31
leaf_value=-0.10507535810156156 -0.13921958923166633 0.066233369271500878 0.28440243202644128 0.61980484306974881 -0.29193438616622563 0.41759222885291186 -0.33700111262764121 -0.076508591988895411 0.43929740994913175 0.16056874140786551 0.5205307276869714 -0.068164998596557017 -0.3977937999924514 0.46765951163755304 -0.1430901520904819 0.22543206271086824 0.071565198351613971 -0.055141036656699713 0.21294446898183159 -0.037854077074951246 -0.034925487173550138 -0.47094039827366513 0.15179963108138675 0.41615583209998935 -0.12052264534875873 0.17283284759155165 -0.28174691338441776 0.048469715395116637 -0.32975714201160977 0.004178328493390282
leaf_weight=485.45192819274962 100.35478304885328 116.41573148965836 137.46454387903214 134.7844657972455 159.84564542770386 84.733838200569153 172.02044749259949 1417.5067083854228 156.34877675585449 107.60471600294113 116.63451086357236 126.98947406560183 102.65601303055882 127.3282449003309 127.73277214169502 88.023839959874749 136.45936092734337 102.14643716812134 154.2440619468689 106.51998113282025 94.235720690339804 31.513651847839355 82.524830341339111 20.115554679185152 93.35273665189743 45.238234106451273 328.30167591758072 995.0876523386687 40.467493325471878 95.796833038330078
leaf_count=3086 671 129 155 166 178 100 191 7143 185 114 140 152 126 155 152 104 160 117 179 127 641 51 131 56 108 383 1992 4981 100 109
internal_value=-0.000143315 -0.00103401 0.000370692 0.00120053 -0.00122055 -0.000256672 -0.00170206 -0.00164981 0.0020095 0.00410823 0.00148702 0.000745909 -0.000509413 0.00240563 0.00152425 0.000620579 0.00365084 0.00240456 0.0013436 -0.00288117 -0.00256364 -0.00164106 -0.00127931 -0.00187946 0.00208077 -0.001015 -0.00390943 0.000216608 -0.00116791 0.0030427
internal_weight=6087.9 3661.38 1116.02 2426.52 626.368 466.523 288.436 2545.36 1331.08 263.953 1067.13 795.885 453.543 342.342 244.367 215.013 271.244 489.652 352.187 209.176 1042.14 619.606 588.092 505.567 178.087 1503.21 422.537 1095.44 1457.97 250.041
internal_count=22082 14849 1266 7233 706 528 320 13583 1581 299 1282 956 545 411 292 256 326 560 405 253 5957 3324 3273 3142 208 7626 2633 5652 7243 288
is_linear=0
shrinkage=0.03


Tree=25
num_leaves=31
num_cat=0
split_feature=6 61 1 39 60 45 58 52 34 55 7 75 46 1 6 31 31 78 48 69 7 53 78 68 55 29 63 80 61 32
split_gain=7.46504 4.29616 2.67331 2.35272 1.90828 2.4872 2.54972 1.84793 1.74008 2.24299 1.82962 1.96332 1.72424 1.6019 1.52334 1.49361 1.70943 1.49173 1.47985 1.42901 2.10576 1.6829 1.38368 2.03647 2.20002 1.74728 2.067 1.70214 2.18358 2.78176
threshold=44.555506860790608 674.60000000000002 29.451767207015681 38.67948717948719 512.6500000000002 0.25052301255230131 251.1166666666667 0.37844626922446079 18.958333333333339 307.35000000000008 27.249311910350254 192.2416666666667 0.33404864091559378 55.662601626016261 35.556999132811178 10.909657673996827 12.920149609659363 33.45000000000001 166.86774527456146 5.5000000000000009 30.379269231250664 0.40706620567962931 30.050000000000004 -3.6876893939393933 284.62500000000006 26.429670329670333 641.20000000000016 11.950000000000001 591.90000000000009 8.3801313628899852
decision_type=10 10 10 10 8 10 2 8 10 2 10 10 10 10 10 10 10 2 2 2 10 10 2 2 2 10 10 2 10 10
left_child=2 3 19 8 -4 6 14 -7 10 -10 11 -2 15 -14 -6 18 -17 -8 22 20 -1 -21 23 -12 -25 26 27 28 29 -24
right_child=1 -3 4 -5 5 7 17 -9 9 -11 12 -13 13 -15 -16 16 -18 -19 -20 21 -22 -23 25 24 -26 -27 -28 -29 -30 -31
leaf_value=-0.17293979069262141 -0.10913346068555033 0.95006876959625153 -0.073866005776713164 0.3776200532365388 0.42314727870834556 0.052063011049607512 -0.015103868396915162 0.26261140893165297 0.1312033481427472 0.62944094437905729 0.31037752429299598 -0.34595309272073171 -0.1792348609188425 0.28719437208827725 -0.058795200393671358 -0.23577423226922301 0.056483967958597177 -0.44568518413639308 0.59546820433769521 -0.44904194000298192 0.21639506728912083 -0.031612777511406731 -0.11889332694807642 -0.0055322008009795042 -0.40382461898289923 1.3366208369244545 0.43840935125493519 0.15027461923619631 -0.58495677229431065 0.73451779829849151
leaf_weight=816.2784112393856 210.81107384897768 92.762203097343445 1859.2819552440196 77.988451419398189 87.00795540958643 139.59200639277697 149.24092942476273 85.695469349622726 377.9092050306499 45.17480206489563 129.32090460695326 28.842263221740723 167.58767170272768 62.999088559299707 139.14123684167862 75.232789477333426 71.035646513104439 97.922822713851929 93.886746168136597 68.128840804100037 41.628484854474664 47.399805283173919 114.61455645598471 345.03785542026162 88.730705678462982 54.765768384560943 157.859827876091 328.4600000269711 63.429913938045502 29.680798212066293
leaf_count=3937 991 94 9180 253 118 166 161 103 1452 46 343 35 479 274 180 162 130 107 172 296 144 154 449 1232 91 167 169 978 69 76
internal_value=-0.000227378 0.000986992 -0.00112705 0.000752377 -0.00061738 0.000718672 -0.000517134 0.00330582 0.00058752 0.00233474 0.000221012 -0.00223454 0.000552197 -0.00186315 0.00178072 0.00091201 -0.00196399 -0.00261832 0.00121243 -0.00246431 -0.00203784 -0.00558656 0.000949942 -0.00017362 -0.00115933 0.00179394 0.0013812 0.000489727 -0.00163101 0.000416581
internal_weight=6147.45 2616.13 3531.32 2523.37 2557.88 698.6 473.313 225.287 2445.38 423.084 2022.3 239.653 1782.64 230.587 226.149 1552.06 146.268 247.164 1405.79 973.436 857.907 115.529 1311.9 563.089 433.769 748.811 694.045 536.185 207.725 144.295
internal_count=22208 7662 14546 7568 10015 835 566 269 7315 1498 5817 1026 4791 753 298 4038 292 268 3746 4531 4081 450 3574 1666 1323 1908 1741 1572 594 525
is_linear=0
shrinkage=0.03


Tree=26
num_leaves=31
num_cat=0
split_feature=1 61 15 26 26 41 39 5 41 1 90 3 7 72 49 21 1 45 72 15 25 60 44 58 55 75 35 45 32 23
split_gain=6.99126 3.37365 2.3966 2.11249 1.94996 1.90841 1.98978 2.83148 1.8771 1.85121 2.1327 2.70485 1.6952 2.26768 1.6775 1.59706 1.5634 1.77908 1.80477 1.54258 2.64826 1.88713 1.57779 1.50686 1.4566 1.40799 1.4064 1.3286 2.02754 1.56935
threshold=31.670068027210888 667.20000000000016 61.074175824175832 5.8892896781354063 14.67278287461774 3.7224295190713104 22.66939890710383 44.806250000000006 3.7968114837398379 53.544466403162062 12.500000000000002 61.225000000000009 31.111493048126146 177.07500000000002 149.79359291215943 0.38750000000000007 35.775431034482764 0.06648250460405157 172.21538461538464 52.348484848484858 20.215672596209746 619.80000000000007 0.35843603446395467 177.70436507936512 239.07857142857145 171.56666666666669 29.340579710144933 0.58681159420289875 9.2788888888888916 5.9375000000000009
decision_type=10 10 8 8 10 10 10 8 10 10 2 10 10 8 2 8 10 8 10 10 10 10 8 2 2 10 10 10 10 8
left_child=4 2 5 -3 12 6 9 16 -7 19 -11 24 15 -14 26 -1 17 -8 -19 22 21 -21 -2 -22 -12 -9 -10 -24 29 -29
right_child=1 3 -4 -5 -6 8 7 25 14 10 11 -13 13 -15 -16 -17 -18 18 -20 20 23 -23 27 -25 -26 -27 -28 28 -30 -31
leaf_value=-0.26448153706629851 -0.0011722356768040499 0.0064884315836438427 0.09118346938939971 0.62322989845624477 -0.50430089674229106 0.28200110751129626 -0.26810934264895303 -0.053426587158662428 -0.80855325253194532 0.58220468034839767 -0.0036747118690371393 -0.38934991362668347 -0.11314330942739147 0.15204234639776404 0.37608510590222693 -0.073690362267301385 -0.13135042570993719 -0.027428646126939248 0.38580772129334234 -0.0045738238006691034 -0.23404220269622739 -0.43291066489349161 -0.10263824736078511 -0.51168712353000034 0.69006314151785852 0.56659798175006215 -0.0060812405779761035 0.099524275121441685 0.31528378676178559 -0.6120796333776094
leaf_weight=510.62958377599716 791.90495035611093 95.492908775806427 1545.0601335242391 133.04881238937378 37.821784984320402 140.15867033600807 26.923219310119748 52.625760547816753 21.744898363947868 32.434621028602123 66.031423565000296 35.18741443566978 56.663843005895615 45.545342870056629 56.601169036701322 528.07634830102324 228.96956697292626 46.080016672611237 45.532291956245899 172.80533935688436 52.60764241963625 28.318106710910797 833.15766918286681 67.588859057053924 36.593652784824371 156.19742505252361 195.21655451320112 22.119622686877847 41.843192124739289 42.878227265551686
leaf_count=2461 3397 99 4293 138 109 467 90 521 66 118 385 96 253 70 155 2596 975 264 105 713 214 31 2894 110 41 233 977 108 74 203
internal_value=-0.000261009 0.000232021 5.99475e-05 0.00378399 -0.00233704 -0.000409325 -0.000692337 0.000911072 0.00148932 -0.00109375 0.00190456 0.000253666 -0.00210992 0.00156435 3.93607e-05 -0.00247263 -0.000748527 0.00203718 0.00402414 -0.00134317 -0.00324947 -0.00113235 -0.00098782 -0.00675345 0.00271773 0.00366324 -0.00116407 -0.00181825 0.00132148 -0.00199125
internal_weight=6145.86 4967.12 4738.58 228.542 1178.74 3193.52 2779.8 556.328 413.721 2223.47 170.247 137.812 1140.92 102.209 273.563 1038.71 347.505 118.536 91.6123 2053.22 321.32 201.123 1731.9 120.197 102.625 208.823 216.961 939.999 106.841 64.9978
internal_count=22256 16767 16530 237 5489 12237 10572 2188 1665 8384 640 522 5380 323 1198 5057 1434 459 369 7744 1068 744 6676 324 426 754 1043 3279 385 311
is_linear=0
shrinkage=0.03


Tree=27
num_leaves=31
num_cat=0
split_feature=61 8 40 39 38 44 68 26 64 55 1 22 64 64 29 2 39 62 14 46 55 52 90 22 3 63 22 32 75 73
split_gain=6.05455 3.52944 3.01709 3.1792 2.26152 2.14689 3.14228 2.6055 2.34573 2.13367 2.3099 1.96445 1.71438 3.38361 1.65395 1.63233 1.57096 1.50297 1.49686 1.49168 1.43182 1.34571 1.31182 1.3053 1.2495 1.24666 1.19186 1.18743 1.20009 1.17949
threshold=509.85000000000008 96.500000000000014 31.317703648664505 29.506410256410259 1.1661358811040341 0.33936762778505908 -4.7999999999999998 5.7747887950200099 0.03234524847428074 264.06250000000006 44.957954545454555 151.62344507695556 0.25123762376237629 0.343174350293737 19.501322751322757 57.166666666666679 16.229020979020984 591.85000000000014 4.5000000000000009 0.085903500473036909 275.75000000000006 0.49102940094877362 23.500000000000004 50.925925925925931 34.225000000000009 600.75000000000011 142.00456621004568 9.1335456475583872 172.37500000000003 68.500000000000014
decision_type=10 10 10 10 10 10 2 8 2 2 10 10 2 2 10 10 10 10 2 10 2 10 2 10 8 8 10 10 10 2
left_child=1 14 3 5 12 6 -2 20 -7 25 -11 -10 15 17 19 18 -6 -14 -4 22 -8 -3 24 -18 -1 -9 -16 28 -23 -21
right_child=2 21 4 -5 16 8 7 9 11 10 -12 -13 13 -15 26 -17 23 -19 -20 29 -22 27 -24 -25 -26 -27 -28 -29 -30 -31
leaf_value=-0.18434781387517418 0.70756572326301492 -0.012507904445938038 0.40523631562073797 0.30383660609073354 0.16901932723155724 0.13215999609253729 -0.37090163896906425 0.048930734390933567 -0.097948763427026714 -0.26881954877050096 0.18887738090095507 -0.36737824180530537 0.083008944209522956 0.25066849295237537 -0.028794950550552655 0.150382393677471 0.0099860494086536269 -0.51919048928042533 0.183308796448648 -0.029432993848542352 -0.12671389646513112 0.074968779722984422 -0.25319398021129347 -0.38136588384883241 0.022959112322114165 0.5655282602461128 0.42741687797050437 -0.1209929516688765 0.50025546436283097 -0.11814828625676881
leaf_weight=273.74784726090729 135.3119885623455 1408.5068749692291 142.97523257136345 134.23434061557055 151.55434876680374 106.9157303571701 78.43994115665555 105.58803787827492 166.04348852112889 115.92282271385193 182.30392426252365 138.36607962846756 84.287114799022675 120.69307551160455 186.57671549357474 155.677341401577 100.67577666044235 82.985817551612854 146.44363793730736 561.50725902244449 81.017314970493317 104.82052884809673 551.01813648827374 86.478850424289703 170.89063953980803 86.651838421821594 27.769701594486833 27.357357000932097 76.958690583705902 273.24332185089588
leaf_count=1488 155 7123 171 157 171 121 121 148 189 125 192 157 116 138 1077 179 117 90 180 3970 87 797 3021 100 929 93 100 105 130 590
internal_value=-0.000150959 -0.000918585 0.00101908 6.473e-05 0.00220291 -0.000427691 0.000492185 -0.000375825 -0.0021807 0.000708464 -0.000880064 -0.00352037 0.00313857 0.00132844 -0.00174662 0.00430408 0.000174599 -0.00143283 0.00563422 -0.0020385 -0.00369457 0.000128509 -0.00282241 -0.00166022 -0.00160476 0.00316459 0.000743768 0.00236804 0.00324529 -0.00110122
internal_weight=6064.96 3662.4 2402.57 1330.8 1071.77 1196.56 785.236 649.924 411.325 490.467 298.227 304.41 733.062 287.966 2044.75 445.096 338.709 167.273 289.419 1830.41 159.457 1617.64 995.657 187.155 444.638 192.24 214.346 209.137 181.779 834.751
internal_count=22137 19330 2807 1545 1262 1388 921 766 467 558 317 346 874 344 11175 530 388 206 351 9998 208 8155 5438 217 2417 241 1177 1032 927 4560
is_linear=0
shrinkage=0.03


Tree=28
num_leaves=31
num_cat=0
split_feature=6 63 39 72 34 40 90 78 6 2 80 68 25 49 52 60 90 34 69 70 57 70 1 13 54 29 53 1 61 4
split_gain=6.21245 2.37888 2.28398 2.52303 2.27317 2.05533 2.07584 1.98226 1.86284 1.86085 2.15699 1.87781 1.74183 1.96222 1.8896 1.8111 1.74002 2.2518 1.73778 1.92107 1.67224 1.61383 1.57561 1.5737 2.22142 1.55052 1.54294 1.53942 1.5078 1.40067
threshold=44.555506860790608 480.95000000000005 20.692744755244757 192.22500000000002 20.954545454545457 26.92891327185713 4.5000000000000009 38.250000000000007 37.757898293689436 38.833333333333336 8.7500000000000018 4.9105263157894727 22.558683293599859 150.38938202995982 0.31186104787517716 489.95000000000005 9.5000000000000018 14.832167832167835 7.5000000000000009 26.720486111111118 8.9525062221822438 74.922949735449748 47.542763157894747 0.87301587301587313 181.14583333333337 12.479726027397263 0.34490840676999918 35.561469780219788 481.65000000000003 28.81666666666667
decision_type=10 8 10 10 10 8 2 2 10 10 2 2 10 2 8 10 2 10 2 2 2 2 10 10 2 8 10 10 10 10
left_child=1 8 7 9 5 25 -7 16 -1 22 -11 -12 13 14 -8 27 17 28 19 -6 -13 23 -4 24 -18 -3 -17 -16 -2 -21
right_child=2 4 3 -5 18 6 12 -9 -10 10 11 20 -14 -15 15 26 21 -19 -20 29 -22 -23 -24 -25 -26 -27 -28 -29 -30 -31
leaf_value=-0.10742308510847628 0.042320326538298612 -0.088299284913706089 0.58027393267616956 0.66906128842314561 0.13957583946404334 0.19015244115474289 -0.50781768303908958 0.30594736772759146 -0.021087153969095381 0.45156206530317772 0.11619169437579585 -0.034919104203592115 -0.28692927307859023 0.11518920246470149 -0.44841088438258442 -0.14728681760133014 -0.022740366390415261 -0.14096825535537022 0.26147123966932473 -0.16817764230698609 -0.52271959888214381 -0.19827584327098666 0.065279258822285871 -0.022087921850936637 0.63579532412177275 0.35414852893668658 0.1248591905590796 -0.049157269155009398 0.5241660583238823 0.022272391652114285
leaf_weight=1467.1638568155468 127.4927264098078 101.35373302176595 43.98296695202589 125.45904008299112 75.947293289005756 88.406044311821461 112.58800425380468 118.21421555429697 604.81522177159786 80.523737650364637 275.5249627456069 58.49040400236845 137.94407688826323 123.49210475757718 56.193826757371426 96.38616806268692 121.14307154901326 71.547229185700417 137.1815200522542 69.356438957154751 31.941226679831743 69.414113994687796 30.874154880642891 1197.2464625667781 90.547202106565237 109.10174609348178 95.621437788009644 54.927482575178146 138.35348687320948 211.91340156644583
leaf_count=8842 606 130 115 148 123 185 228 264 3391 281 1001 232 199 164 136 109 439 280 198 117 56 187 152 3562 139 163 114 133 160 322
internal_value=-0.000150432 -0.000965943 0.000968895 0.00251072 -4.29692e-05 -0.000882302 -0.00160387 0.000452212 -0.00162061 0.00158507 0.000844948 -0.000137752 -0.00216864 -0.00139378 -0.00237908 -0.00113823 0.000206057 0.00214666 0.00161243 0.000505829 -0.00386447 -0.000237984 0.00593014 -1.646e-05 0.00236164 0.00173765 0.000627801 -0.00416815 0.00341591 -0.000641122
internal_weight=6123.15 3542.39 2580.76 646.796 1470.41 976.015 765.559 1933.96 2071.98 521.337 446.48 365.957 677.153 539.209 415.717 303.129 1815.74 337.393 494.399 357.217 90.4316 1478.35 74.8571 1408.94 211.69 210.455 192.008 111.121 265.846 281.27
internal_count=22176 14554 7622 1985 2321 1561 1268 5637 12233 1837 1570 1289 1083 884 720 492 5373 1046 760 562 288 4327 267 4140 578 293 223 269 766 439
is_linear=0
shrinkage=0.03


Tree=29
num_leaves=31
num_cat=0
split_feature=60 67 40 18 51 25 55 23 75 22 82 34 27 25 64 55 36 8 58 34 63 67 67 38 11 75 36 36 28 23
split_gain=5.03667 2.92167 2.59973 2.58655 3.11763 2.05515 2.1986 1.81236 1.66132 3.01962 1.64587 1.60241 2.44421 1.62577 1.48262 1.47709 1.47247 1.44726 1.3946 1.49496 1.43444 1.32718 1.35485 1.54992 1.45419 1.24344 1.27397 1.13827 1.18715 1.22264
threshold=509.40000000000003 35.355339105339119 31.317703648664505 4.5000000000000009 9.571101077246821 23.538899430740042 290.5428571428572 37.354166666666679 189.79166666666671 151.17878647522005 9.1500000000000004 18.763888888888893 81.120250685468093 18.458237041928033 0.045351707116413002 233.90000000000003 2.5590277777777781 89.500000000000014 148.30238095238099 30.845238095238098 483.30000000000001 55.837572150072155 41.09221466364324 1.1892915642915647 2.1180555555555558 190.12500000000003 2.469444444444445 3.8027777777777785 16.77525252525253 23.414285714285715
decision_type=10 2 10 8 2 10 2 8 10 8 2 10 10 10 2 2 8 10 2 10 8 2 2 10 8 10 8 10 10 10
left_child=1 15 3 5 8 6 7 -2 9 -5 -7 21 -13 17 -10 -1 -6 -14 25 27 -21 22 24 -24 -4 26 -3 28 -20 -30
right_child=2 18 11 4 16 10 -8 -9 14 -11 -12 12 13 -15 -16 -17 -18 -19 19 20 -22 -23 23 -25 -26 -27 -28 -29 29 -31
leaf_value=-0.11294850682762429 0.24437149156412075 -0.19797544708807349 0.15837680488071085 0.13778711776404962 -0.048173055958934792 -0.13857072487361866 -0.076857030834626625 0.98231613537528462 -0.1154543794170317 -0.30968848997451059 0.32316600531878831 -0.0088064461130151084 0.20422434092967684 0.1402297748550525 -0.4211570836908527 0.0745572211952166 0.27869718946156996 0.76368804137396051 -0.10258470628488289 0.085320071437425399 0.78282902114981867 -0.11386405015678802 0.451761155673501 0.0064039915096909244 -0.21066716913382413 0.72987579938365676 0.096729137995157893 0.055409417337719161 0.13732729678697331 -0.09342679337789192
leaf_weight=1277.4015316143632 153.01430058479309 98.421725917607546 92.741430759429932 87.880369186401367 92.907196581363678 135.61047291755676 114.01731497049332 83.141748279333115 115.73864513635635 98.768315672874451 165.88795524835587 124.48001754283905 98.280339807271957 135.18190431594849 156.71027034521103 87.821534916758537 93.276988625526428 94.182743787765503 535.37855077721179 108.77537504024804 22.717313390225172 156.71974956989288 150.05819439888 102.82989445328712 83.817018687725067 26.851544618606567 505.39143322221935 244.12699187360704 227.3137469496578 627.25564003735781
leaf_count=7063 187 802 117 113 100 149 120 101 125 132 185 141 114 153 161 161 104 105 2399 546 46 176 172 121 95 75 3727 1231 993 2395
internal_value=-0.000111345 -0.000790684 0.00098276 8.68467e-05 -0.00125853 0.00141892 0.00297881 0.00462479 -0.00258495 -0.000400718 -0.000396672 0.0021007 0.00344103 0.00479707 -0.00407439 -0.00189783 0.00200854 0.00656394 -0.00015937 -0.000591901 0.00247377 0.00106278 0.001924 0.00332756 -9.37735e-05 0.00105053 0.000763329 -0.000839955 -0.00117174 -0.000476758
internal_weight=6096.7 3761.46 2335.24 1296.95 645.282 651.672 350.173 236.156 459.098 186.649 301.498 1038.29 452.125 327.645 272.449 1365.22 186.184 192.463 2396.23 1765.57 131.493 586.166 429.447 252.888 176.558 630.665 603.813 1634.07 1389.95 854.569
internal_count=22109 19438 2671 1477 735 742 408 288 531 245 334 1194 513 372 286 7224 204 219 12214 7610 592 681 505 293 212 4604 4529 7018 5787 3388
is_linear=0
shrinkage=0.03


Tree=30
num_leaves=31
num_cat=0
split_feature=5 4 49 44 8 63 46 62 53 34 55 90 64 26 73 75 44 58 79 15 24 6 63 8 2 8 54 44 41 24
split_gain=5.70996 2.86157 2.38948 2.23165 2.11517 2.54667 1.87966 2.53822 2.5344 2.23474 2.03755 1.95501 1.81366 1.79912 1.62239 1.57674 1.69977 1.51569 1.51554 1.58453 1.46302 1.45308 1.41423 1.36629 1.29149 1.27023 2.02383 1.76291 1.4457 1.27397
threshold=57.975000000000009 29.414285714285715 164.34495176154033 0.89758158508158525 172.50000000000003 456.2000000000001 0.38716540837336999 445.75000000000006 0.40113192597522412 20.954545454545457 278.40833333333336 2.5000000000000004 0.027100470035252646 14.243448858833476 90.500000000000014 190.95833333333334 0.57185886402753883 275.06388888888893 75.500000000000014 37.894444444444453 10.472222222222223 49.093228313646584 610.20000000000016 166.50000000000003 63.416666666666679 106.50000000000001 192.90000000000003 0.042708984782155519 1.7350877192982457 14.707142857142857
decision_type=10 10 2 8 10 10 8 10 10 8 2 2 2 10 2 10 10 2 2 10 10 10 8 10 10 10 2 10 8 8
left_child=1 13 3 -2 5 -3 7 -7 12 10 -10 -8 -9 18 21 16 25 -5 19 20 -1 -6 -20 24 -4 26 29 -27 -29 -13
right_child=2 4 23 17 14 6 11 8 9 -11 -12 15 -14 -15 -16 -17 -18 -19 22 -21 -22 -23 -24 -25 -26 27 -28 28 -30 -31
leaf_value=-0.095245247453627474 0.45282906081063207 -0.069668013966871944 0.17999131819843561 0.13471736636035048 -0.28581213229474056 -0.089256984498852596 0.3775349803165875 0.27531106849990622 0.16121654901288671 0.38021084258018784 -0.11658464668244518 -0.30934869832474221 -0.0078659478328413218 -0.45013284537688314 -0.4463148302983051 -0.29668833104245512 -0.14119885611440522 -0.13154414951394394 -0.016035257587621778 0.063275361622998585 -0.24229830757613049 0.087921517670496385 0.38021791691803969 0.47604095592444623 -0.46981082683132125 0.59547457739040233 0.56145330343600763 -0.43511974449581892 -0.066956941747194423 0.19526783514083115
leaf_weight=750.43657932430506 581.83932223170996 1537.9017708227038 40.777654217556119 74.500658333301544 36.883468670770526 227.97137733176351 50.052429093047976 125.82844491489232 161.7443829625845 205.75835272669792 99.842512905597687 33.019136440008879 447.28338251821697 63.439177960157394 49.333262234926224 224.22085452079773 106.76382679864764 78.555903613567352 200.64345990307629 86.764395890757442 234.85404219292104 68.022564535960555 27.159053355455399 68.902850061655045 61.934557665139437 73.994935253635049 69.360626328736544 49.108262693509459 110.09132109768689 137.99240330792964
leaf_count=3214 1529 9374 111 278 112 984 93 161 239 264 105 75 576 156 57 260 220 80 843 285 1467 215 32 123 153 126 96 103 272 444
internal_value=-0.000186042 -0.000570622 0.00200909 0.00275272 -0.000148907 -3.46543e-06 0.00066985 0.00140214 0.00203006 0.00366733 0.00181651 -0.000417399 0.000690878 -0.00174982 -0.00357875 -0.00077773 4.90255e-05 -0.000468245 -0.00150592 -0.00197781 -0.00232017 -0.00143917 0.000713756 -0.0011728 -0.00335216 0.000821302 0.00234725 -0.000754917 -0.00252911 0.000581635
internal_weight=6084.98 5178.47 906.511 734.896 3815.17 3660.93 2123.03 1268.43 1040.46 467.345 261.587 854.604 573.112 1363.3 154.239 804.551 580.331 153.057 1299.86 1072.06 985.291 104.906 227.803 171.615 102.712 473.567 240.372 233.195 159.2 171.012
internal_count=22047 19773 2274 1887 13776 13392 4018 2329 1345 608 344 1689 737 5997 384 1596 1336 358 5841 4966 4681 327 875 387 264 1116 615 501 375 519
is_linear=0
shrinkage=0.03


Tree=31
num_leaves=31
num_cat=0
split_feature=5 34 89 69 19 66 69 66 62 55 62 15 54 11 41 68 53 15 62 47 50 33 74 42 61 60 5 8 60 41
split_gain=5.45086 2.98281 3.2648 2.61722 1.82543 1.77353 1.75024 1.63173 2.09909 1.94844 1.74952 1.5031 2.56522 2.1981 1.4587 1.42024 1.32417 1.72644 1.73296 1.44632 1.59769 1.55277 1.53458 1.3946 1.79187 1.38608 1.32398 1.52346 1.69482 1.41858
threshold=44.975000000000009 15.585714285714287 2024.5000000000002 1.5000000000000002 5.4500000000000011 3.5000000000000004 26.500000000000004 1.0000000180025095e-35 635.75000000000011 323.55000000000001 557.05000000000007 104.07142857142858 173.85000000000005 57.45000000000001 3.7632753759398501 5.2803145787139707 0.41827895750277988 79.045454545454561 449.90000000000003 0.10555555555555557 8.7274566874627162 0.31666666666666671 -8.1083333333333183 0.36117229564366132 674.60000000000002 619.80000000000007 25.720779220779225 133.50000000000003 482.65000000000003 1.7661458333333335
decision_type=10 10 2 2 10 2 2 2 10 2 8 8 2 10 8 2 10 10 10 10 2 8 10 10 10 10 8 10 10 8
left_child=1 4 -3 -4 26 -5 7 8 10 11 14 13 -13 16 -2 -15 19 18 -18 20 22 -21 -9 24 -23 -25 -1 28 -28 -30
right_child=6 2 3 5 -6 -7 -8 9 -10 -11 -12 12 -14 15 -16 -17 17 -19 -20 21 -22 23 -24 25 -26 -27 27 -29 29 -31
leaf_value=-0.19781784201020644 -0.13136408699301477 -0.046323197000485476 -0.034902828681875206 0.23223537754695986 -0.19264220105041349 0.072687039436578754 0.50085070627544581 -0.58529170063411529 0.38710279220052835 0.43888241828074065 -0.28028807651842791 0.093746748325074514 -0.33773047934024597 1.1082422050881333 0.2028923460319052 0.34080568322895621 -0.018575500915655994 -0.1840695889984702 0.27395997908541592 -0.5021956192189333 0.58447530228037015 -0.077056133509662533 0.11021350865860566 0.092592205450992462 0.88813218926467508 1.0358802735935573 -0.074435056083382634 -0.20344724148046966 0.3527685262779155 0.023909617930904615
leaf_weight=188.21924679353833 127.02966477163136 1198.5319301597774 151.57635110616684 183.27555936574936 697.51593061536551 166.27555936574936 64.181989476084709 30.352666333317757 68.937005162239075 119.38110154867172 97.953577876091003 99.255388397723436 68.838727930560708 97.922869075089693 125.905866144225 81.064711613580585 120.55185100622475 39.119273310527205 352.69933610409498 50.647190732881427 46.949484406039119 476.86755860969424 74.822320239618421 204.48478577099741 30.793700516223907 36.318106710910797 670.60342747345567 118.10453040152788 96.324926808476448 198.3341607786715
leaf_count=1029 823 6266 172 207 2066 190 93 93 71 120 114 338 99 145 679 125 719 97 652 182 105 1628 263 796 31 39 4110 346 138 305
internal_value=-0.000130301 -0.000858691 6.21018e-05 0.00209308 -0.00165311 0.00351772 0.000976556 0.000841661 -0.000851821 0.00121028 -0.00179344 0.000963968 -0.0017308 0.00124062 -0.000468405 0.00436972 0.000855235 0.00208315 0.00258532 0.000192342 0.00286338 -0.000319079 0.000786357 2.80496e-05 -0.000863644 0.00190372 -0.000975329 -0.000570346 -0.000175167 0.00171769
internal_weight=6082.84 3668.76 1699.66 501.127 1969.1 349.551 2414.08 2349.9 419.826 1930.07 350.889 1810.69 168.094 1642.59 252.936 178.988 1463.61 512.37 473.251 951.236 152.124 799.111 105.175 748.464 507.661 240.803 1271.59 1083.37 965.263 294.659
internal_count=22041 14829 6835 569 7994 397 7212 7119 1687 5432 1616 5312 437 4875 1502 270 4605 1468 1371 3137 461 2676 356 2494 1659 835 5928 4899 4553 443
is_linear=0
shrinkage=0.03


Tree=32
num_leaves=31
num_cat=0
split_feature=9 15 19 69 75 62 55 81 61 31 72 34 62 63 73 55 19 73 86 5 30 73 60 2 23 75 72 54 51 72
split_gain=5.2415 2.47391 2.44406 2.09203 2.50771 1.89618 2.4644 1.78669 1.85589 1.75943 1.67682 1.58558 1.62224 1.92453 1.56245 1.55886 1.45392 1.43552 1.42197 1.33876 1.32227 1.21041 1.3232 1.16422 1.39106 3.19958 1.6281 1.1611 1.14161 1.22571
threshold=0.47222222222222227 27.677083333333339 3.6333333333333337 3.5000000000000004 194.10000000000002 627.90000000000009 293.33571428571435 31.550000000000008 641.6500000000002 8.9676609297482717 202.15000000000003 19.522727272727277 651.85000000000002 603.80000000000007 95.500000000000014 304.72857142857146 10.125000000000002 103.50000000000001 1.0000000180025095e-35 31.205263157894738 17.11843533439092 94.500000000000014 651.85000000000002 21.416666666666668 36.267857142857146 185.77500000000003 179.67500000000004 194.12857142857146 10.214378146175385 173.92500000000004
decision_type=10 8 10 2 10 10 2 2 10 8 8 10 10 10 2 2 10 2 2 10 8 2 8 10 8 10 10 2 2 10
left_child=1 2 18 10 11 6 7 8 17 14 16 12 13 -5 -7 23 -3 21 -1 -12 -20 22 -2 -13 26 -26 -25 -18 -4 -30
right_child=5 3 28 4 -6 9 -8 -9 -10 -11 19 15 -14 -15 -16 -17 27 -19 20 -21 -22 -23 -24 24 25 -27 -28 -29 29 -31
leaf_value=-0.055106520649574192 0.047231885549554632 -0.070045675708099039 -0.20504506138558906 -0.065262367019723933 0.36604393313114314 0.40044603040353433 -0.19324411900897534 0.43235619086199972 0.5110308517264377 0.64294636733322919 -0.14085902880685097 0.19418976951925934 -0.47277370103430649 0.31478764285869448 -0.11398305417229924 0.49150694930246869 -0.10379339371422623 -0.25351498873306888 -0.07117682460836057 0.43142237301469055 0.65981439889784954 0.47821737402094633 -0.51711911913462127 -0.0028112184900876257 0.092510474893616038 -0.5325746135093673 0.24054634620486973 -0.60905203364443139 -0.17682533752563312 0.21700235486445665
leaf_weight=178.92075190320611 997.49332033842802 1524.9557725954801 701.0354958679527 825.5261096060276 134.14980268478394 200.54172116518021 145.04881238937378 71.613744173198938 102.54172116518021 107.28660929203033 13.046739958226683 78.070896139368415 38.318106710910797 107.03462994098663 98.730705678462982 31.937005162239075 61.560636041685939 76.884633660316467 21.608179828152061 18.229887001216412 38.278553875163198 76.653528392314911 38.487446211278439 233.73291959427297 62.054996991530061 42.508341312408447 81.108825977891684 25.372339947149158 36.61573170311749 32.608602348715067
leaf_count=798 4460 5858 3058 3416 136 209 150 253 111 111 183 302 41 119 101 34 289 107 166 147 151 111 50 1105 277 56 149 47 225 72
internal_value=-0.000232536 -0.000815454 -0.0021136 -0.000415276 0.000344598 0.00107186 0.00058095 0.000976982 0.000719049 0.00288773 -0.00117087 -7.97989e-06 -0.000727985 -0.000475786 0.00169531 0.0013113 -0.0013057 0.000383392 0.000536362 0.00560336 0.00449746 0.000658464 0.000387289 0.000890916 0.000260756 -0.00272136 0.00125664 -0.00505836 -0.00293481 0.000731208
internal_weight=6201.96 4286.67 1009.07 3277.61 1634.44 1915.28 1508.72 1363.67 1292.06 406.559 1643.17 1500.29 970.879 932.561 299.272 529.413 1611.89 1189.52 238.807 31.2766 59.8867 1112.63 1035.98 497.476 419.405 104.563 314.842 86.933 770.26 69.2243
internal_count=22292 16629 4470 12159 5635 5663 5242 5092 4839 421 6524 5499 3576 3535 310 1923 6194 4728 1115 330 317 4621 4510 1889 1587 333 1254 336 3355 297
is_linear=0
shrinkage=0.03


Tree=33
num_leaves=31
num_cat=0
split_feature=1 55 75 40 71 45 63 12 40 38 2 69 5 1 41 2 15 7 82 70 54 0 7 32 40 74 19 58 61 2
split_gain=4.87219 2.35791 2.33102 2.15014 2.11676 1.91082 2.22781 2.21403 1.9043 2.12905 1.88497 1.4935 1.86899 1.46272 1.51278 1.44615 1.49406 1.75218 2.38071 1.44388 1.62968 1.74585 1.47596 1.40642 1.39254 1.37797 1.4793 1.64044 1.53354 1.46509
threshold=39.919136878814307 304.72857142857146 183.56666666666669 38.125572381969157 -2.1658297465327574 1.0000000180025095e-35 461.25000000000006 18.775000000000002 39.968644334355595 1.1892915642915647 28.833333333333339 1.5000000000000002 38.757352941176478 28.278129395218006 3.5763664874551977 63.833333333333336 62.035714285714292 33.702077086018882 10.65 48.505802533980628 222.67142857142861 123.50000000000001 37.839992001227394 9.3849682427664103 36.258583810383421 6.7499999999999867 4.7750000000000012 267.45000000000005 613.80000000000007 54.166666666666679
decision_type=10 2 10 10 2 10 10 10 10 8 10 2 10 8 10 10 10 8 2 2 2 2 10 10 10 8 10 2 10 10
left_child=1 5 -2 4 19 13 -7 -8 -5 -10 -6 -9 24 -1 25 16 17 -12 -19 20 21 22 -4 -14 -13 26 27 28 -15 -27
right_child=2 -3 3 8 10 6 7 11 9 -11 15 12 23 14 -16 -17 -18 18 -20 -21 -22 -23 -24 -25 -26 29 -28 -29 -30 -31
leaf_value=-0.20638434339399886 -0.017249763410525247 0.070269171591897647 0.31771548722862963 0.56412496617159236 -0.15676209956587941 -0.069842511964098145 0.089326088149183747 -0.12009525355988195 0.37681048679518547 -0.088079300323572265 0.3209032853959371 0.27116280877904175 0.009286975118543853 -0.048176259614981697 -0.76553819057910422 -0.031934446812947499 0.57891339194417479 -0.23420952919143181 0.20364712277673844 0.6607596188816629 -0.14880786737531912 0.710003899325379 -0.041069251400852332 -0.30594274122232368 0.0067790533792881288 -0.00095396701978225429 -0.21078946171651747 0.2734243549884211 -0.46498426200295939 0.63111538488339691
leaf_weight=453.9841496758163 1419.5744836963713 182.36691910028458 125.39084738492966 84.128928601741791 108.95175379514694 626.55260112322867 159.83793999068439 124.49620611406863 98.747580766677856 93.496785521507263 154.92919087409973 94.560700666159391 73.20115583948791 443.1806683819741 28.696255307644606 331.0592542886734 85.410226225852966 95.558841407299042 95.083493888378143 113.24817508459091 107.77951806783676 87.320104420185089 114.72908055782318 67.685148388147354 101.82840969413519 152.49438730441034 400.08494355157018 26.968502581119537 23.937005162239075 26.109364716336131
leaf_count=2248 8550 190 166 101 139 3731 365 252 119 113 196 170 136 2000 88 379 99 117 115 131 115 113 137 81 212 911 1036 28 26 114
internal_value=-0.000129013 -0.000994775 0.000700835 0.0014513 0.000978425 -0.00120998 -0.000335248 0.000936491 0.00386772 0.0021998 5.85294e-05 -0.000119064 0.000918135 -0.00191123 -0.00131857 0.000587632 0.00173133 0.000846401 -0.00107782 0.0024365 0.00164397 0.00269525 0.00136227 -0.0017115 0.00280371 -0.00113253 -0.00161288 -0.000512949 -0.00093363 0.00126792
internal_weight=6101.39 2985.98 3115.41 1695.83 1419.46 2803.62 1248.16 621.61 276.373 192.244 870.993 461.772 337.275 1555.46 1101.47 762.041 430.982 345.572 190.642 548.468 435.22 327.44 240.12 140.886 196.389 1072.77 894.171 494.086 467.118 178.604
internal_count=22178 11588 10590 2040 1707 11398 4947 1216 333 232 1045 851 599 6451 4203 906 527 428 232 662 531 416 303 217 382 4115 3090 2054 2026 1025
is_linear=0
shrinkage=0.03


Tree=34
num_leaves=31
num_cat=0
split_feature=5 34 72 45 78 52 0 28 54 62 19 15 57 90 55 8 60 15 54 71 58 70 82 15 9 40 31 71 7 41
split_gain=6.05271 2.91291 2.9199 2.57193 2.27005 1.77111 1.99114 2.89181 2.13705 1.86926 1.66197 1.61195 1.54936 1.52153 2.02482 1.63029 1.50683 1.49615 1.48763 1.45127 1.3927 1.36795 1.86982 1.54265 1.46658 1.4586 2.15272 1.35115 1.34948 1.34391
threshold=44.353571428571435 15.607692307692309 179.88750000000002 0.53907203907203916 35.45000000000001 0.33306319470668405 149.50000000000003 35.504545454545458 225.28333333333339 468.35000000000008 5.4500000000000011 23.041666666666668 7.8531064816828433 23.500000000000004 244.3119047619048 48.500000000000007 553.1500000000002 37.292857142857152 239.02222222222227 -3.6907368786930834 315.04047619047623 38.93818231441049 8.4500000000000011 47.033333333333339 0.23611111111111113 31.317703648664505 6.9456735496558517 11.545062849695858 36.660128190633166 3.5071175278622095
decision_type=10 10 8 10 2 8 2 10 2 10 8 8 2 2 2 8 8 10 2 2 2 2 2 10 10 10 10 2 10 8
left_child=1 10 28 4 -4 9 7 20 19 -2 11 -1 -8 14 15 -12 -13 -5 -11 -9 21 23 25 -7 -24 26 -23 -26 -3 -17
right_child=5 2 3 17 -6 6 12 8 -10 18 13 16 -14 -15 -16 29 -18 -19 -20 -21 -22 22 24 -25 27 -27 -28 -29 -30 -31
leaf_value=-0.19603200035998675 0.0078358753800340953 -0.049742936996339394 0.094839619753284893 0.28438513918675495 -0.39547077267197189 0.29658497423395108 0.47188840712330976 0.6440802093725958 0.69615020143990325 0.29375705912625177 -0.34957908231262086 -0.068949344495739376 0.24805389967609956 -0.23535723171922834 0.075610735873983398 -0.21613379313941336 0.32314190675491916 0.10361808070836816 0.071826417971663822 0.018033145147008673 0.31230411886009213 -0.21229883147127082 -0.49073533783791906 -0.087006257826753364 -0.0181655462643306 -0.03609746293863729 -0.62328742229858336 0.41863449614626164 0.13622941630134952 0.020797954898168595
leaf_weight=181.58041008748114 322.73858969286084 1059.271146569401 327.35275617614388 50.937327951192856 56.942558191716671 65.531928047537804 63.619784519076347 83.325146067887545 38.594527080655098 506.54383155144751 63.330159533768892 675.55401458032429 123.00559476017952 540.79001198709011 103.53591775894165 67.889966009184718 144.18432442843914 56.654179126024246 187.31917813420296 174.08802858740091 40.17480206489563 64.134054491296411 40.042267121374607 119.27536326274276 472.57412447594106 157.27297053299844 60.502357067540288 34.021245656535029 111.29789650812745 136.63328612409532
leaf_count=960 2168 5295 659 139 96 211 100 252 45 726 327 3732 246 1637 127 240 178 93 205 595 41 166 148 295 1812 450 98 119 478 602
internal_value=-7.50887e-06 -0.000803987 0.000114661 0.00205182 0.000897312 0.00110809 0.000464722 6.20836e-05 0.00267683 0.00207885 -0.00160176 -0.00075673 0.00336046 -0.00252751 -0.00104505 -0.00242022 -0.000188708 0.00612926 0.00295514 0.00167158 -0.000674419 -0.00089337 -0.0014138 0.00143494 -0.0003884 -0.00339372 -0.00580578 5.33836e-05 -0.000700413 -0.00110409
internal_weight=6128.72 3575.95 1662.46 491.887 384.295 2552.76 1536.16 1349.54 296.008 1016.6 1913.5 1001.32 186.625 912.179 371.389 267.853 819.738 107.592 693.863 257.413 1053.53 1013.35 828.547 184.807 546.638 281.909 124.636 506.595 1170.57 204.523
internal_count=22240 14563 6760 987 755 7677 4578 4232 892 3099 7803 4870 346 2933 1296 1169 3910 232 931 847 3340 3299 2793 506 2079 714 264 1931 5773 842
is_linear=0
shrinkage=0.03


Tree=35
num_leaves=31
num_cat=0
split_feature=9 55 35 12 11 16 1 24 75 72 58 43 58 85 82 58 75 68 89 5 66 69 74 46 81 7 7 0 31 35
split_gain=5.15236 2.59321 2.2127 2.40406 2.34558 2.23294 2.17294 2.16199 2.08396 1.79662 1.60828 1.48859 1.40064 1.39776 1.70532 1.40198 1.41017 1.27592 1.35349 1.89539 1.53724 2.66471 1.69962 1.76399 1.65766 1.37604 1.3211 1.20823 1.20177 1.06612
threshold=0.47222222222222227 218.18730158730162 35.091936572199735 30.050000000000004 36.31666666666667 5.5000000000000009 30.450676982591879 20.527777777777782 189.44166666666669 195.37500000000003 248.04285714285717 0.10038759689922482 108.93750000000001 2.5000000000000004 5.4500000000000011 190.80892857142859 178.25833333333335 14.588541666666666 2024.5000000000002 34.306250000000006 3.5000000000000004 6.5000000000000009 1.3964285714285725 0.20810715648015027 12.950000000000005 35.733737550040424 26.873034811870436 9.5000000000000018 5.0009924573243358 41.092499660925
decision_type=10 2 10 10 10 2 10 10 10 10 2 10 2 2 2 2 10 2 2 10 2 2 10 8 2 10 10 2 10 10
left_child=6 -2 3 4 -3 7 9 -6 -7 10 13 -4 -8 -1 -15 16 -16 18 27 26 22 24 23 -21 -22 -25 -20 29 -23 -14
right_child=1 2 11 -5 5 8 12 -9 -10 -11 -12 -13 17 14 15 -17 -18 -19 19 20 21 28 -24 25 -26 -27 -28 -29 -30 -31
leaf_value=-0.20190273578121651 -0.0099213037145922545 0.68566794760398297 0.17951624441395372 -0.073191596525980993 0.35191185397987185 0.72471430685536453 0.36177875481384958 -0.34869369127139127 0.27890409034021968 -0.34500165409152128 0.013421995400110092 0.48239366755762508 -0.19062453243283883 -0.71930566485623904 0.0027054184807240489 0.14492298571532017 -0.52498402134057542 -0.29643540203456642 0.46960623756621445 -0.13121680378444101 -0.0034675428865920919 0.10219606869944223 0.2267359386861991 -0.018857059193390383 -0.49526131468413209 0.18326184252576047 0.0043963910090442249 -0.038434478798372779 -0.066174825068938237 0.052478537573495389
leaf_weight=582.39953714795411 848.67277423664927 113.90774977207184 135.71787303499877 183.45367553085089 155.8095828294754 89.474534206092358 51.655443770810962 94.904145570471883 197.39097726345062 76.340139267966151 146.16806423664093 107.01205446571112 163.44722146913409 23.234466688707471 115.15616854466498 84.672337509691715 22.129815697669983 59.867782708257437 93.87714284658432 145.28974181413651 91.097624778747559 98.510223746299744 97.733838200569153 105.859827876091 116.41573148965836 120.20943200588226 105.43304646015167 1772.9780257623643 132.90864026546478 33.005193088203669
leaf_count=3239 4395 157 168 210 173 121 396 122 206 116 167 133 911 108 991 264 51 170 111 162 101 108 113 117 129 133 124 8650 149 242
internal_value=-0.000191916 0.0010942 0.00207029 0.00133425 0.00218788 0.0013534 -0.000776576 -0.000713873 0.00315636 -0.00195953 -0.00160805 0.00458626 -0.000386465 -0.00212016 -0.000218606 0.000603799 -0.00126744 -0.000467779 -0.000382559 0.000456313 -0.000126241 -0.00140068 0.0010667 0.000136203 -0.00386074 0.00179098 0.00309771 -0.000854217 0.000812374 -0.00308064
internal_weight=6164.73 1926.34 1077.67 834.941 651.487 537.579 4238.39 250.714 286.866 1050.1 973.76 242.73 3188.29 827.592 245.193 221.958 137.286 3136.63 3076.77 1107.34 908.025 438.932 469.093 371.359 207.513 226.069 199.31 1969.43 231.419 196.452
internal_count=22237 5685 1290 989 779 622 16552 295 327 4936 4820 301 11616 4653 1414 1306 1042 11220 11050 1247 1012 487 525 412 230 250 235 9803 257 1153
is_linear=0
shrinkage=0.03


Tree=36
num_leaves=31
num_cat=0
split_feature=1 63 64 50 53 42 28 5 62 1 1 65 24 7 30 39 82 45 14 15 56 79 53 62 58 11 15 82 34 1
split_gain=4.81326 2.02056 2.3953 2.51471 2.39551 2.00603 2.6839 1.79719 1.90609 2.13635 2.06639 2.01167 1.70732 2.22174 1.70122 1.49245 1.46453 1.39826 1.38232 2.43012 2.30032 1.93503 2.21264 1.75511 1.66619 1.31802 1.27548 1.24255 1.21612 1.20844
threshold=43.370899470899481 466.30000000000001 0.029882638091593319 8.0488295562304621 0.38097773647761674 0.10535885167464117 23.433035714285719 93.77500000000002 639.35000000000014 48.502475247524764 75.118055555555571 10.500000000000002 17.612500000000004 21.881499015482884 22.661771703964416 18.427400468384075 9.4500000000000011 0.052747507535358222 4.5000000000000009 15.154761904761907 137.8982459118881 63.500000000000007 0.30557658060193499 616.80000000000007 239.95000000000005 25.414285714285715 36.63068181818182 12.350000000000003 19.348484848484851 41.544332210998881
decision_type=10 8 2 2 10 8 10 8 10 10 8 10 8 10 8 8 2 8 2 10 2 2 10 10 2 8 10 2 8 8
left_child=1 -1 3 12 18 6 16 8 10 -10 11 -2 13 -3 -7 -5 -6 -17 19 27 24 23 -23 25 -21 -20 -15 -4 -18 -14
right_child=7 2 4 15 5 14 -8 -9 9 -11 -12 -13 29 26 -16 17 28 -19 21 20 -22 22 -24 -25 -26 -27 -28 -29 -30 -31
leaf_value=-0.082129931392451214 0.055408059160450378 -0.28401846907986916 -0.082828483181313958 -0.055662236160372913 0.052676961186740208 0.25018577981931589 -0.28395579650257763 -0.21861529298302776 -0.0085052810471406108 0.56267209755444814 -0.37442276136749386 0.89184676743332558 -0.5648712860419477 0.43208250787198521 -0.041504980240016767 0.012421140400062 -0.11915315285967083 0.32900457924066567 -0.31976470304512178 -0.0016937563672046352 -0.12961664416385316 0.187452478782386 -0.26586961643242379 -0.56289904850747419 0.27953187895840914 0.026934248586941437 -0.0027840487481844887 -0.40570939544555273 0.036448941384893803 -0.046173291856101667
leaf_weight=1842.3223649542779 1828.0547433774918 65.588953383266926 75.499006796628237 64.747383821755648 132.96001546829939 216.13990928605199 147.66472263634205 29.415581559762359 116.04881238937378 229.77951806783676 42.93796594068408 27.601850993931293 29.961072878912091 53.489578051492572 70.858225094154477 73.337552914395928 63.784334320574999 162.63168509304523 104.42406761832535 84.969562251120806 79.376122534275055 52.88469947129488 54.661022245883942 62.017314970493317 79.27495402097702 44.787072017788887 58.361505487933755 64.38187588378787 122.80625671893358 26.522529758512974
leaf_count=11088 6905 161 145 98 183 354 216 62 121 237 168 64 76 103 108 113 97 270 239 225 113 118 92 68 87 90 99 103 209 131
internal_value=-0.00015188 -0.000800445 -0.000137764 0.00157785 -0.000768172 0.00040578 -0.000806638 0.000941404 0.00103913 0.00308444 0.000665155 0.000816996 -0.000753711 0.000698252 0.00237547 0.00338802 0.000740452 0.0044911 -0.00202773 -0.000810787 0.000999183 -0.00348466 -0.000204421 -0.00514594 0.0030204 -0.00334425 0.0032589 -0.0039478 -0.00097312 -0.00524777
internal_weight=6107.29 3833.45 1991.13 534.64 1456.49 754.213 467.215 2273.84 2244.42 345.828 1898.59 1855.66 233.924 177.44 286.998 300.717 319.551 235.969 702.276 383.502 243.621 318.774 107.546 211.228 164.245 149.211 111.851 139.881 186.591 56.4836
internal_count=22143 14586 3498 1051 2447 1167 705 7557 7495 358 7137 6969 570 363 462 481 489 383 1280 673 425 607 210 397 312 329 202 248 306 207
is_linear=0
shrinkage=0.03


Tree=37
num_leaves=31
num_cat=0
split_feature=15 34 55 18 11 27 15 62 70 49 43 60 65 32 72 52 72 27 40 72 61 26 60 56 40 55 39 40 40 18
split_gain=4.55958 2.35214 2.24608 2.2425 2.2914 2.24223 2.11422 2.50748 2.10652 1.87441 1.66296 1.55981 1.48696 1.76633 1.99691 1.54875 1.62099 1.48815 2.24353 2.42459 1.84678 1.46937 1.80442 1.78354 1.58398 2.07468 2.03156 1.53562 1.44488 2.64106
threshold=64.527777777777786 17.961538461538463 281.49722222222232 3.5000000000000004 44.850000000000001 89.223227752639545 95.708333333333357 627.90000000000009 74.922949735449748 141.97721465760227 0.80461293743372231 492.25000000000006 6.5000000000000009 9.1132421124052936 196.55000000000004 0.32198487613889609 167.17500000000004 93.369963369963372 31.38707506184495 177.76666666666668 514.55000000000007 14.67278287461774 487.30000000000001 161.41886880660698 21.45808736717828 208.63472222222225 25.512111620696341 18.57298474945534 36.817349781765621 5.5000000000000009
decision_type=10 10 2 8 10 10 10 8 2 2 10 10 8 10 10 10 8 8 10 10 10 10 10 2 8 2 10 10 10 10
left_child=1 3 10 -1 21 -4 7 8 -2 -7 12 -8 13 14 -3 -14 -17 20 -19 -20 -15 23 -23 24 25 -5 28 -25 -26 -30
right_child=6 2 5 4 -6 9 11 -9 -10 -11 -12 -13 15 17 -16 16 -18 18 19 -21 -22 22 -24 27 26 -27 -28 -29 29 -31
leaf_value=0.0066316212474954025 0.17676553977547257 0.007640695416148517 -0.0034844389948837026 -0.15935120313119 -0.5006175958869401 0.42384108957463262 0.22072759101700079 0.60827410193233977 -0.28157593761529953 0.12505597066757848 -0.27549791500747312 -0.23629141963384395 -0.031165422084295284 -0.086499630632565314 0.26400681555340816 -0.032237398423412528 0.39730486332986142 -0.19206320186982487 -0.048196359528397924 0.25437334115206239 -0.67576089557047303 -0.11519208349283787 -0.55990423248024601 -0.076265583183235883 -0.111964816791122 0.258736526583902 -0.35791562171693209 0.26329120698668235 0.44430217914340198 -0.035058935890984695
leaf_weight=997.3844348192215 597.28515235334635 829.1379504352808 116.82664048671722 75.248980011790991 35.214155908674002 97.667710840702057 56.747889079153538 220.76339823007584 39.181403800845146 104.60471600294113 52.229997377842665 114.6059160605073 78.361652879044414 80.424074541777372 18.01091861538589 42.639324882999063 109.73317742347717 139.44863952696323 131.4895377587527 70.179204413667321 54.12455815076828 52.008471747860312 47.652906447649002 107.09739233739674 1287.9528987240046 98.690019134432077 124.57692653313279 79.432590147480369 50.268523501232266 232.2423386964947
leaf_count=4260 1695 4908 124 372 65 102 241 233 171 111 173 132 314 310 31 331 271 470 441 113 64 159 63 209 4911 135 376 195 222 1037
internal_value=-0.000193487 -0.000560191 0.000267812 -0.00106009 -0.00159682 0.0025625 0.00162801 0.00223578 0.00127625 0.00446625 -0.000189497 -0.00140779 -1.08415e-05 -0.000398905 0.00042264 0.00220607 0.00396006 -0.00185987 -0.000800617 0.00122148 -0.00451965 -0.00147032 -0.00501151 -0.00129627 -0.00157549 0.00114563 -0.00185524 0.00149499 -0.00156045 0.000381374
internal_weight=6141.23 5112.65 1924.88 3187.77 2190.39 319.099 1028.58 857.23 636.467 202.272 1605.78 171.354 1553.55 1322.81 847.149 230.734 152.373 475.666 341.117 201.669 134.549 2155.17 99.6614 2055.51 1868.98 173.939 1695.04 186.53 1570.46 282.511
internal_count=22239 19767 7763 12004 7744 337 2472 2099 1866 213 7426 373 7253 6337 4939 916 602 1398 1024 554 374 7679 222 7457 7053 507 6546 404 6170 1259
is_linear=0
shrinkage=0.03


Tree=38
num_leaves=31
num_cat=0
split_feature=89 59 46 40 35 0 68 1 33 70 25 63 35 14 25 42 47 75 0 13 20 70 60 26 19 3 28 55 55 33
split_gain=4.18335 2.04719 1.85217 1.64829 1.81948 1.68507 1.51511 3.05603 2.35637 2.24465 2.19489 2.07082 1.79066 1.696 2.54562 1.61071 1.61099 1.50002 1.41772 1.27252 1.73589 1.16083 1.05982 1.41504 1.50829 1.41857 1.15372 1.1442 1.05516 1.04811
threshold=2024.5000000000002 6.5000000000000009 0.41226533166458074 38.125572381969157 41.202710220950571 70.500000000000014 -2.333750521485189 51.775793650793659 0.81666666666666676 47.372720364741646 20.284366576819412 529.85000000000014 32.451474430757749 8.5000000000000018 23.768653973388226 0.17485653360092826 0.29285714285714287 190.41666666666671 9.5000000000000018 3.5777777777777779 0.47222222222222227 46.704107999789066 455.85000000000008 4.5390162245686332 4.1000000000000005 30.100000000000005 1.0000000180025095e-35 233.90000000000003 267.38333333333338 0.5277777777777779
decision_type=2 8 10 10 8 2 2 10 8 2 8 10 10 2 10 10 10 10 2 10 10 2 10 10 10 8 8 2 2 8
left_child=1 18 3 6 5 -5 7 9 15 10 17 -10 13 14 19 16 -8 -2 -1 20 -13 -15 26 25 -25 -24 -3 -28 -12 -26
right_child=2 22 -4 4 -6 -7 8 -9 11 -11 28 12 -14 21 -16 -17 -18 -19 -20 -21 -22 -23 23 24 29 -27 27 -29 -30 -31
leaf_value=-0.11931260608381883 0.51332346471284562 -0.55824793193605504 -0.2698221460803954 0.42158463082229836 0.046877690794574579 0.088920022667116988 0.0011020318144294094 0.76830180780388824 0.27956527638041906 -0.18294549032106014 -0.12610736367283218 0.16404000406353331 -0.39080339757173904 -0.0075140038955981226 -0.29158951734075478 -0.25527322964820259 0.29709681813514183 0.043235324833292878 0.010734975496864863 0.19700484320233261 -0.21654818442243759 0.54452929376239834 0.025392499055417871 -0.015362117169807376 -0.1765169435427171 -0.16768134987737476 -0.048414726282591226 0.40381152034147644 0.10559072428026539 -0.31891917447660145
leaf_weight=232.10374683141708 105.37005162239075 17.333202200010419 93.733838200569153 97.303924262523651 153.63934594392776 102.41573148965836 96.510223746299744 100.54172116518021 130.96058517694473 91.478726327419281 89.670843362808228 101.01731497049332 153.55903613567352 105.38423407077789 175.44722890853882 89.003132522106171 169.6078485250473 95.52440619468689 1696.9034112691879 160.59053355455399 163.44722890853882 118.68502581119537 156.72652658447623 65.974284512922168 64.254187131300569 152.19152676872909 1044.4916707538068 27.917466521263123 99.398416519165039 168.03024554811418
leaf_count=1755 126 126 109 107 172 115 106 109 165 102 107 107 168 119 187 102 189 98 8739 174 175 129 556 193 166 500 6877 78 106 433
internal_value=-0.000135382 -0.000785744 0.000810358 0.000972432 0.0028617 0.00474254 0.000644934 0.00193836 0.000129862 0.000938727 0.00193121 -0.000551413 -0.00102642 -0.000470369 -0.00130111 0.00225315 0.00341838 0.00410653 -0.000116995 -4.35788e-05 -0.00132114 0.0017519 -0.00154544 -0.00254924 -0.00402021 -0.00112064 -0.000984327 -0.000855914 -0.000389622 -0.00515283
internal_weight=6119.22 3625.93 2493.29 2399.56 353.359 199.72 2046.2 581.984 1464.21 481.442 389.964 1109.09 978.131 824.572 600.502 355.121 266.118 200.894 1929.01 425.055 264.465 224.069 1696.92 607.177 298.259 308.918 1089.74 1072.41 189.069 232.284
internal_count=22195 19423 2772 2663 394 222 2269 648 1621 539 437 1224 1059 891 643 397 295 224 10494 456 282 248 8929 1848 792 1056 7081 6955 213 599
is_linear=0
shrinkage=0.03


Tree=39
num_leaves=31
num_cat=0
split_feature=6 89 55 40 61 65 25 70 31 64 35 2 44 90 21 62 68 74 2 58 54 58 44 26 12 32 63 38 32 34
split_gain=3.85212 2.33921 2.40024 2.43886 2.06686 2.54858 1.91795 2.04745 1.80591 2.04346 1.76998 1.66317 1.62778 1.69722 1.60489 1.63852 1.55217 1.32554 1.88342 1.24631 1.24348 2.08481 1.19923 1.13355 1.05909 1.03837 1.3117 1.13345 1.02548 1.61341
threshold=30.528099474171743 2024.5000000000002 247.41111111111113 30.560943022153268 674.60000000000002 6.5000000000000009 20.023310023310028 45.186154248080108 10.385491740347229 0.030803117587258563 40.919661733615236 47.166666666666679 0.14856107660455489 44.500000000000007 0.29285714285714287 578.35000000000014 4.9105263157894727 -7.4416666666666762 44.833333333333336 166.45357142857145 144.11964285714288 203.60555555555558 0.17504863813229574 14.243448858833476 19.535714285714288 7.7656862745098056 465.63333333333338 0.98290473407364132 9.0319185059422775 29.154761904761909
decision_type=10 2 2 10 10 10 8 2 10 2 8 10 8 2 8 8 2 10 10 2 2 2 10 8 8 8 10 8 8 8
left_child=14 19 3 6 5 8 -3 -8 9 10 -4 -5 13 -11 23 20 17 -14 -19 -2 21 -16 -7 -1 -17 -21 -27 -28 29 -22
right_child=1 2 4 11 -6 22 7 -9 -10 12 -12 -13 16 -15 15 24 -18 18 -20 25 28 -23 -24 -25 -26 26 27 -29 -30 -31
leaf_value=-0.15855317606365218 0.019783877502846464 0.38087496893177891 0.53282636087496826 0.30149547394833953 0.37247775461574412 -0.34445625038119931 -0.24251386736480596 0.3217554574574899 -0.14321781081586973 0.052199500842210075 0.1244813976959363 0.19639595551850852 -0.083971241279212946 0.95356740454650557 -0.040872027119156544 0.16620834690562319 -0.24712563369149379 -0.14105012559391972 0.27350430032909884 0.052963644964376111 0.11840910118892224 0.22901581408058092 -0.058142535816070352 -0.39637441323135253 -0.017493544164139924 -0.1081433838349378 0.1388311616340166 -0.067795750376499903 -0.16979439724564088 -0.10441535774374415
leaf_weight=588.39696068502963 1321.4600385446101 85.670843362808228 140.24092942476273 129.00626504421234 118.34960412979126 104.95432013273239 86.670843362808228 89.733838200569153 173.4960412979126 128.33542168140411 130.82833045721054 167.81728053092957 126.82833045721054 97.240929424762726 190.088344193995 61.829299695789814 110.36691910028458 121.59053355455399 142.47872632741928 310.5937605202198 67.189739907160401 43.415521143004298 118.92282271385193 47.416124338284135 66.875927276909351 647.51400242745876 118.54905683547258 256.70834617875516 207.87942595593631 100.99886816553771
leaf_count=2559 8594 103 152 155 120 113 104 105 190 137 143 200 139 109 1293 72 118 135 153 1705 380 127 128 104 142 2614 257 569 777 577
internal_value=-0.000160188 0.000246277 0.00100133 0.0026796 0.000380274 5.61163e-05 0.000566587 -0.00122275 0.000617204 0.00110863 0.00332647 0.00453709 0.000278074 0.00238862 -0.00155774 -0.000604932 -0.000674567 0.000215065 0.00142462 -0.000343319 -0.00125472 0.000463885 -0.00286939 -0.0026614 0.00245851 -0.000990079 -0.0014511 -3.93249e-05 -0.00232021 -0.00057298
internal_weight=6101.45 4727.36 2072.53 558.899 1513.63 1395.28 262.076 176.405 1171.41 997.91 271.069 296.824 726.841 225.576 1374.09 738.277 501.265 390.898 264.069 2654.83 609.572 233.504 223.877 635.813 128.705 1333.37 1022.77 375.257 376.068 168.189
internal_count=22074 16043 2304 667 1637 1517 312 209 1276 1086 295 355 791 246 6031 3368 545 427 288 13739 3154 1420 241 2663 214 5145 3440 826 1734 957
is_linear=0
shrinkage=0.03


Tree=40
num_leaves=31
num_cat=0
split_feature=5 55 78 78 0 37 77 58 34 44 90 75 13 41 59 70 52 4 1 7 7 61 2 15 26 53 8 5 78 82
split_gain=3.47792 2.35352 2.12687 2.10653 2.07706 1.94492 2.02827 1.86961 1.60944 2.10102 1.58354 1.57243 1.46948 1.88707 1.31612 1.54861 1.54105 1.3433 1.30217 1.29293 2.06283 1.83652 1.86474 1.66617 1.47639 1.41473 1.35434 1.32707 1.55966 1.24004
threshold=44.658333333333339 293.33571428571435 33.350000000000001 33.45000000000001 109.50000000000001 9.3494186046511647 1.0000000180025095e-35 290.51250000000005 17.961538461538463 0.39571886446886451 60.500000000000007 190.12500000000003 4.7083333333333348 3.6167445482866047 1.2500000000000002 45.620360867494504 0.32356131151821077 52.645833333333336 50.90803382663848 22.424639220004874 27.049953766503698 618.30000000000007 37.166666666666679 31.348484848484851 4.9916943521594694 0.28683648926189559 140.50000000000003 81.02500000000002 32.95000000000001 11.350000000000003
decision_type=10 2 2 2 2 10 2 2 10 10 2 10 10 10 10 2 10 8 10 8 10 10 10 10 8 10 10 10 2 2
left_child=1 3 19 7 12 6 -3 8 9 -1 -5 -10 13 14 -4 17 -17 -16 -15 -2 21 22 -21 24 -22 -26 -27 28 29 -25
right_child=2 5 4 10 -6 -7 -8 -9 11 -11 -12 -13 -14 18 15 16 -18 -19 -20 20 23 -23 -24 27 25 26 -28 -29 -30 -31
leaf_value=-0.020797376659466342 0.16730317987659751 -0.17133122828123487 0.38830349341715176 -0.10339908386212879 0.44870626685780934 0.30794119363600964 0.13488532332632727 0.26142529193049474 -0.007189774828271424 -0.14079565770840469 -0.30616626023678767 0.24431609662649903 0.39372123416923344 0.48184958239936626 0.28630667057038028 -0.033720780488565825 -0.5882440582107521 -0.14190751158390794 -0.0076617920810715589 0.40988147346474418 -0.32955722403816468 -0.54454927006937437 -0.25141308639299181 -0.011236348264942764 0.45681020673507705 0.24277557902314861 -0.28067014132973489 0.81403759967254952 -0.20526102012591824 0.13181435309256528
leaf_weight=931.88634602166712 94.160412825644016 98.874010324478149 54.374917041510344 641.32488100603223 181.10134045034647 111.66771084070206 118.95432013273239 67.968502581119537 868.24396316707134 562.54754133149981 79.94865445792675 123.07611835002899 132.66304336674511 61.015366323292255 51.43852511420846 55.469361394643784 72.508628154173493 43.424742614850402 42.494153751060367 30.216352839022875 90.661439940333366 31.555903613567352 130.75216044485569 546.20556882955134 51.268084891140461 54.33381642960012 59.449121402576566 60.645669626072049 45.242605987936258 586.07407527603209
leaf_count=4435 369 103 213 3211 308 116 127 69 4308 1933 245 169 450 181 145 140 211 81 182 119 315 33 605 1484 153 143 113 100 114 1988
internal_value=-9.69582e-05 -0.000691471 0.000768777 -0.000934723 0.00217564 0.00172182 6.63878e-05 -0.000529912 -0.000664845 -0.00128625 -0.00236527 0.000272292 0.00119652 0.000245777 -0.00104598 -0.00206715 -0.00420769 0.000834378 0.00368224 0.000219133 2.71377e-05 -0.00288728 -0.0015623 0.000404415 -0.00179573 -9.9679e-05 -0.00196209 0.000859882 0.000634674 0.00085453
internal_weight=6079.55 3604.49 2475.06 3275 694.49 329.496 217.828 2553.72 2485.75 1494.43 721.274 991.32 513.389 380.726 277.216 222.841 127.978 94.8633 103.51 1780.57 1686.4 192.524 160.969 1493.88 255.712 165.051 113.783 1238.17 1177.52 1132.28
internal_count=22163 14716 7447 14370 1911 346 230 10914 10845 6368 3456 4477 1603 1153 790 577 351 226 363 5536 5167 757 724 4410 724 409 256 3686 3586 3472
is_linear=0
shrinkage=0.03


Tree=41
num_leaves=31
num_cat=0
split_feature=9 40 18 62 43 74 11 58 58 30 46 68 32 16 43 32 73 2 34 4 90 27 74 5 29 61 70 74 62 90
split_gain=5.12079 2.26851 2.07437 2.03278 2.38695 1.93912 1.59635 1.49609 1.57025 1.76084 1.40094 1.38118 1.52985 1.3469 1.675 1.50177 2.05861 1.30839 1.29009 1.73202 1.28169 1.27496 1.54225 1.63493 1.25291 1.34521 2.16798 1.91408 1.48958 1.40235
threshold=0.47222222222222227 31.38707506184495 2.5000000000000004 635.75000000000011 0.57597468354430392 -2.2999999999999967 34.225000000000009 283.15952380952388 257.57499999999999 30.250378686625684 0.083527131782945754 -2.5640989729225008 10.137147335423199 6.5000000000000009 0.59643838511942515 10.637022397891966 96.500000000000014 27.166666666666668 21.133928571428573 34.612500000000004 41.500000000000007 162.50948406676784 -19.816666666666659 53.12916666666667 2.8257575757575766 550.65000000000009 39.375353107344644 -0.44871794871794174 553.35000000000014 23.500000000000004
decision_type=10 10 8 10 8 8 10 2 2 10 8 2 10 2 10 8 2 10 8 10 2 8 10 10 8 8 2 8 10 2
left_child=1 2 10 7 5 -5 24 8 9 21 -1 13 18 15 -15 16 20 -14 -13 -20 -3 -2 -23 -24 -4 28 27 -27 29 -26
right_child=3 11 6 4 -6 -7 -8 -9 -10 -11 -12 12 17 14 -16 -17 -18 -19 19 -21 -22 22 23 -25 25 26 -28 -29 -30 -31
leaf_value=0.73795197127828605 0.031990906292817416 -0.052041839953498863 -0.46440908021813115 0.55804395713250743 0.49404541710899635 -0.20942445212343377 -0.28252966855280853 -0.14449300552559563 0.39200845125722567 -0.46378618429241808 0.00052140180672637364 -0.048056588806589334 -0.03250258582664578 0.036539240649618276 -0.32733514330436758 -0.34890112004785462 0.50632386068164292 0.23107436667568393 -0.0072217820215029248 0.18465512436317244 -0.44312851078968141 0.66764390333479584 0.5837718619031691 -0.024631137971623855 -0.023871396046276843 0.12902391557669696 -0.16816954863357747 -0.0881678436657021 -0.37994687790213716 -0.15901348492931902
leaf_weight=26.424309521913528 1101.5663163196295 112.98986474610865 63.704158930107951 128.49290877580643 107.08030980825424 98.461411356925964 150.34777494892478 108.87401032447815 111.52584874629974 38.349431086331606 410.48846792243421 462.81967650540173 61.317227594554424 245.00395124405622 43.184363432228565 27.109568638727069 18.488344728946686 121.58976239897311 434.51978373900056 282.32129738293588 81.624956637620926 30.560225704684854 60.299833854660392 106.19953913427889 496.44174116663635 209.16907055675983 138.72109939157963 138.10768394172192 42.541473746299744 644.25040656886995
leaf_count=121 4303 740 170 132 111 103 339 113 122 92 1833 1975 155 647 112 79 27 202 2211 1164 411 69 213 364 2451 233 164 212 54 3271
internal_value=-0.000161626 -0.000743995 -0.00137238 0.00113471 0.00325485 0.00149989 -0.00180426 0.000678172 0.000933617 0.000646633 0.00048907 2.73433e-05 0.000532256 -0.0012732 0.00011081 -0.00292721 -0.00205649 0.00307727 0.000135378 0.000932064 -0.00297432 0.000835476 0.00305165 0.00188628 -0.0015451 -0.00138536 -5.62293e-05 0.0012104 -0.00193078 -0.00172116
internal_weight=6102.57 4211.16 2320.2 1891.41 334.035 226.954 1883.28 1557.38 1448.5 1336.98 436.913 1890.97 1362.57 528.401 288.188 240.213 213.103 182.907 1179.66 716.841 194.615 1298.63 197.06 166.499 1732.94 1669.23 485.998 347.277 1183.23 1140.69
internal_count=22193 16571 8848 5622 346 235 6894 5276 5163 5041 1954 7723 5707 2016 759 1257 1178 357 5350 3375 1151 4949 646 577 6555 6385 609 445 5776 5722
is_linear=0
shrinkage=0.03


Tree=42
num_leaves=31
num_cat=0
split_feature=15 61 6 35 36 5 29 75 73 42 7 63 75 26 67 63 30 14 62 34 80 14 55 1 75 73 60 3 80 80
split_gain=3.23325 2.65786 2.55805 2.5305 2.00774 1.87926 1.83381 1.75496 2.12001 1.67087 1.75231 1.61964 1.60698 1.98785 1.49278 2.39541 1.33622 1.75776 1.31772 1.31031 2.03908 1.34548 1.31256 1.27355 1.45294 1.20801 1.19487 1.17905 1.17462 1.23706
threshold=26.954545454545457 661.35000000000002 59.316744151273987 28.989795043306753 2.0590277777777781 93.77500000000002 22.876893939393941 172.2416666666667 71.500000000000014 0.23889984042053883 24.928698321412615 427.35000000000008 191.45000000000002 6.8398560503823678 42.568011203101392 496.05000000000007 17.443738880880961 1.5000000000000002 458.25000000000006 15.585714285714287 12.550000000000002 11.500000000000002 304.72857142857146 23.604347826086961 189.35000000000005 26.500000000000004 439.75000000000006 39.225000000000009 3.7500000000000004 2.4500000000000006
decision_type=8 10 10 10 10 10 10 10 2 10 8 8 10 8 2 10 10 2 10 10 2 2 2 10 10 2 10 8 2 2
left_child=4 5 3 -3 9 6 11 -8 25 10 23 -2 13 14 15 26 -11 -18 -16 20 28 -22 -21 24 -1 -9 -6 -23 29 -13
right_child=1 2 -4 -5 12 -7 7 8 -10 16 -12 19 -14 -15 18 -17 17 -19 -20 22 21 27 -24 -25 -26 -27 -28 -29 -30 -31
leaf_value=-0.094684628437695262 -0.064527244371958295 -0.060909002850245329 0.76297636600019725 0.29804886206321374 -0.054663635227453322 -0.35907230766156534 -0.030060619519140915 0.39746658994399653 0.017020695795291373 -0.13715631341538467 -0.31775076381507072 0.054965576908128283 0.16001345690420846 0.16779287092580908 -0.081795105301956744 0.16336482188421897 0.61232280630355085 -0.12755266614770192 -0.6123715135573683 0.031254385236956846 -0.073924580453487182 0.39967103893423739 0.26210147129722755 -0.22703288792769083 0.25682497769621521 0.84474329551578409 -0.46409500749744736 -0.015244299625308044 0.12544028665831053 -0.49279314823566656
leaf_weight=62.67257671430707 978.24937908537686 152.95432013273239 119.04881238937378 97.667710840702057 103.37018890306354 27.656989246606827 152.21884043700993 56.49187034368515 93.188332468271255 102.1374622322619 141.96558347716928 54.630667503923178 52.746138215065002 106.67735493555665 25.63429151289165 36.259081989526749 31.252415999770164 54.092332154512405 23.748033706098795 1339.5220395289361 1177.0688030347228 48.067159177735448 114.66771084070206 188.70485528372228 21.516966938972473 61.971722170710564 50.515459395945072 102.2979145757854 512.84909229725599 45.02021518163383
leaf_count=397 7237 161 124 102 794 58 1104 108 137 684 503 162 65 460 163 55 90 236 47 3868 2906 124 119 683 26 98 186 210 1210 134
internal_value=-6.16804e-05 0.000242568 0.00268951 0.000960477 -0.00162023 5.21646e-05 9.84871e-05 0.00214176 0.0039021 -0.00271206 -0.00377213 -7.20054e-05 3.08943e-05 -0.000716427 -0.0022312 -0.00100887 -0.000358764 0.00239665 -0.00682429 0.000238033 -0.000272286 -0.000932789 0.000918533 -0.00235152 0.00071149 0.00654785 -0.0026469 0.00173143 0.00115837 -0.00180898
internal_weight=6134.86 5133.57 369.671 250.622 1001.29 4763.9 4736.24 363.871 211.652 602.342 414.86 4372.37 398.951 346.204 239.527 190.145 187.482 85.3447 49.3823 3394.12 1939.93 1327.43 1454.19 272.894 84.1895 118.464 153.886 150.365 612.5 99.6509
internal_count=22251 17862 387 263 4389 17475 17417 1447 343 2619 1609 15970 1770 1705 1245 1035 1010 326 210 8733 4746 3240 3987 1106 423 206 980 334 1506 296
is_linear=0
shrinkage=0.03


Tree=43
num_leaves=31
num_cat=0
split_feature=9 61 15 19 51 71 55 71 58 28 55 81 23 52 73 52 62 62 7 51 90 58 23 90 40 62 67 9 60 35
split_gain=4.72434 2.0886 1.97549 2.21463 1.82596 1.6832 2.70598 1.82751 2.85424 1.84882 1.66207 1.9606 2.62129 2.28327 1.87371 1.58478 1.43961 1.42782 1.52956 1.40998 1.38725 1.38564 1.29814 1.24765 2.07593 1.23376 1.19999 2.10085 1.69214 1.33477
threshold=0.47222222222222227 506.7000000000001 26.033333333333335 3.7083333333333335 10.214378146175385 -1.374775985663083 281.49722222222232 -2.8620370370370352 176.58928571428575 25.88029850746269 255.93035714285716 14.950000000000003 39.38750000000001 0.34101314140968653 36.500000000000007 0.41731196827810096 489.95000000000005 450.25000000000006 36.82397316459295 7.650418331668333 44.500000000000007 260.47500000000008 46.055555555555564 38.500000000000007 32.89531242805176 631.30000000000007 27.668209876543212 0.31666666666666671 611.05000000000007 39.277560339204179
decision_type=10 10 8 10 2 2 2 2 2 10 2 2 8 10 2 10 10 10 10 2 2 2 8 2 10 10 2 8 8 10
left_child=2 -2 3 21 19 6 7 8 -4 16 14 12 -12 20 -3 17 -9 -10 -19 -5 -13 -1 25 24 -17 -21 29 28 -28 -7
right_child=1 10 5 4 -6 26 -8 9 15 -11 11 13 -14 -15 -16 23 -18 18 -20 22 -22 -23 -24 -25 -26 -27 27 -29 -30 -31
leaf_value=-0.018115401058014662 -0.0018026167145662696 -0.030018341351051275 0.092456151389917876 -0.0032623715509561891 0.19345457584173797 -0.21561082930354245 0.1888875378469107 0.094512675397825485 -0.027334964049599151 -0.12876405905665989 0.26425881246225941 0.1894441264537369 -0.20094228234936162 -0.078628735044343229 0.39999164122598296 -0.079486376309201953 0.30018881538172482 -0.3795425731710223 -0.036622827430693831 -0.18303485997379967 0.77678846453107164 0.42382573529468937 0.011878903365339186 -0.22242058160983255 0.47768794032925715 -0.36460553525021122 -0.0087331809817870008 -0.099938827866450738 0.20008983067872121 0.086630818680857855
leaf_weight=199.80045391619205 861.41016620025039 79.964046031236649 402.16689508780837 103.04451668076217 57.770094763487577 208.44332202710211 201.59053355455399 117.07612798921764 86.126951202750206 77.443320108577609 206.00313252210617 143.30873346328735 149.09762477874756 126.82833045721054 217.86889711022377 48.302580900490284 43.942787438631058 133.30038220249116 65.662046898156404 423.41523656062782 104.7480206489563 24.19042706489563 42.553302628919482 45.192230885848403 46.749999603256583 61.34960412979126 928.87023847177625 732.26291857846081 145.530672326684 28.339530935510993
leaf_count=997 4432 113 2358 644 270 819 215 611 363 333 219 149 159 139 282 93 60 234 99 1855 113 26 172 133 137 63 4024 2797 171 139
internal_value=-0.000185973 0.00106066 -0.000743779 -0.00197923 -0.00282161 -0.000402939 0.000455672 -0.000148234 -0.000815282 0.00216026 0.00197315 0.00119964 -0.000397813 0.00270982 0.00385866 -0.00252582 0.00398421 -0.00380645 -0.00519755 -0.00328947 0.00437847 0.000609744 -0.00391558 8.59681e-05 0.00203377 -0.00435595 -0.0009355 -0.000671395 0.000173353 -0.00293933
internal_weight=6112.35 1889.23 4223.12 912.124 688.133 3311 1267.55 1065.96 827.501 238.462 1027.82 729.986 355.101 374.885 297.833 425.334 161.019 285.089 198.962 630.363 248.057 223.991 527.318 140.245 95.0526 484.765 2043.45 1806.66 1074.4 236.783
internal_count=22219 5606 16613 4027 3004 12586 4636 4421 3417 1004 1174 779 378 401 395 1059 671 696 333 2734 262 1023 2090 363 230 1918 7950 6992 4195 958
is_linear=0
shrinkage=0.03


Tree=44
num_leaves=31
num_cat=0
split_feature=4 25 61 59 8 72 61 44 13 31 64 58 16 72 73 33 23 63 64 37 25 86 78 29 89 90 25 63 66 25
split_gain=3.44193 2.87877 2.79938 2.11006 2.2234 2.24299 1.85094 2.02875 2.00596 1.6552 1.58218 1.46155 1.28592 1.23119 1.27749 1.36061 1.2108 1.66353 1.44161 1.51706 1.40357 1.41472 1.31814 1.15128 1.06895 1.06686 1.06352 1.01192 1.10428 1.60382
threshold=62.95000000000001 23.538899430740042 650.60000000000002 10.750000000000002 172.50000000000003 192.22500000000002 492.10000000000008 0.10585122938064116 4.5857142857142863 5.1854222980983549 0.045351707116413002 275.06388888888893 2.5000000000000004 198.65000000000001 93.500000000000014 1.1055555555555558 13.050000000000002 642.95000000000016 0.0058712121212121217 9.6398385913426292 7.1714285714285717 1.0000000180025095e-35 30.650000000000002 17.209159261790841 2025.5000000000002 51.500000000000007 22.146489863217301 410.15000000000003 3.5000000000000004 17.781506338553324
decision_type=10 8 10 8 10 10 10 10 10 8 2 2 2 10 2 8 10 10 2 10 8 2 2 8 2 2 8 10 2 10
left_child=3 6 9 4 5 12 -2 -8 -9 -3 24 16 -1 14 15 -7 17 18 -5 20 -20 25 -23 -12 -11 -22 -6 -14 -29 -30
right_child=1 2 -4 11 26 13 7 8 -10 10 23 -13 27 -15 -16 -17 -18 -19 19 -21 21 22 -24 -25 -26 -27 -28 28 29 -31
leaf_value=-0.073076697460133455 0.027965586968333369 -0.34516761905250803 0.86027308584342954 0.20891439476722889 -0.088232922251092707 0.21212275021311774 1.1069434107135596 0.0023579428080945514 0.52995301551438345 -0.050387513683308141 0.58672601971755189 0.0084259628174738321 -0.079243380996369336 -0.01386754377861573 0.47431739658425981 -0.054787232166065625 -0.24933711156772745 -0.48468841217537106 -0.3415793985291129 0.09382276505439513 -0.12649099687949047 -0.21782758936459615 0.27441252332498123 -0.022254043951334634 -0.33583150539111006 -0.35490187414373475 -0.35488272206644461 0.038223861291607757 0.015531538978127769 -0.083119846666280889
leaf_weight=771.45635767653584 135.95744654722512 59.086654253304005 60.69920825958252 39.00370155274868 68.674394635483623 103.13903310894966 102.06384533643723 135.9046682715416 93.614936351776123 56.333886032924056 57.861129617318511 157.38254410028458 474.46447608061135 126.19655532762408 119.859827876091 113.42232385277748 281.94493051990867 29.69628119468689 62.419852325692773 47.954707987606525 127.4617516156286 38.079042494297028 30.902128059417009 99.520676517859101 50 29.718846818432212 64.29774085059762 1297.0272781383246 708.70413949340582 543.78526724874973
leaf_count=4829 847 97 64 319 206 148 114 148 107 193 108 166 3524 199 131 171 823 43 237 130 525 121 106 194 50 97 137 4301 2508 1480
internal_value=-0.000266247 0.00150212 -0.0004243 -0.000553926 -0.000289592 -0.000169822 0.0030798 0.00428538 0.00270037 -0.00153917 -0.000513308 -0.00192627 -0.000410342 0.00180009 0.00274577 0.00135939 -0.00252284 -0.00146669 -0.000915244 -0.00155122 -0.00237308 -0.00126081 0.0022985 0.00139451 -0.00332369 -0.00282752 -0.00409498 -0.000131242 0.000105671 -0.000529475
internal_weight=6086.63 851.042 383.502 5235.59 4391.03 4258.06 467.541 331.583 229.52 322.802 263.716 844.564 3795.44 462.618 336.421 216.561 687.181 405.236 375.54 336.536 288.582 226.162 68.9812 157.382 106.334 157.181 132.972 3023.98 2549.52 1252.49
internal_count=22123 1922 706 20201 17634 17291 1216 369 255 642 545 2567 16642 649 450 319 2401 1578 1535 1216 1086 849 227 302 243 622 343 11813 8289 3988
is_linear=0
shrinkage=0.03


Tree=45
num_leaves=31
num_cat=0
split_feature=9 78 26 63 78 24 5 52 22 69 75 7 43 55 55 80 50 32 8 37 22 6 35 90 26 63 81 25 39 63
split_gain=3.93475 2.06681 2.02753 2.30297 1.95477 1.87879 2.18964 2.10051 1.89972 2.06588 1.64926 1.72761 2.17459 2.29449 1.91755 3.14849 1.73217 1.73596 1.64316 1.60346 1.59937 1.58412 2.17117 1.50798 1.53652 1.41727 1.40493 1.40199 1.34361 1.28794
threshold=0.47222222222222227 33.95000000000001 14.67278287461774 466.30000000000001 35.95000000000001 7.9500000000000011 56.658333333333339 0.41234703404628364 60.434782608695663 1.5000000000000002 197.65833333333336 32.36278725852717 0.60277173217257729 216.06250000000003 289.38333333333338 16.450000000000003 8.5670561398765859 8.94258241758242 172.50000000000003 9.0657116781080145 149.13036902601334 53.426880953304739 32.294901656314714 59.500000000000007 3.2316082617776751 657.45000000000016 6.450000000000002 11.132478632478636 19.161081081081083 653.35000000000014
decision_type=10 2 10 8 2 8 10 8 8 2 10 10 10 2 2 2 2 10 10 8 8 10 10 2 8 10 2 8 10 10
left_child=1 2 3 -1 10 7 18 8 -5 -10 11 12 29 19 16 -16 17 25 27 -14 -18 22 -6 -3 -25 -13 -9 -7 -11 -2
right_child=4 23 -4 5 21 6 -8 26 9 28 -12 14 13 -15 15 -17 20 -19 -20 -21 -22 -23 -24 24 -26 -27 -28 -29 -30 -31
leaf_value=-0.058184391593405209 -0.091028042053514821 -0.077444886683617542 -0.21964995242475721 -0.16777261273184538 -0.55520125010192023 -0.31693565709237553 0.76903702892875914 0.0262444620396288 -0.074032017998323943 0.0024404602941581364 -0.32588545030111504 0.10197903217089752 -0.39256691833935559 0.81477743165978889 0.26958670233391779 -0.30327414766641675 0.65060948794943219 -0.31143604741039604 -0.24751670537547205 0.20655888379415913 0.14160153954595117 0.45862365016678008 0.29139163622032394 -0.026049429079878061 -0.4157614475497397 1.0426823447019353 0.20847320611507852 0.00053414046823068155 0.22136129068594412 -0.53132099727244497
leaf_weight=1671.7858342900872 421.91237455606461 712.87803217768669 134.12762272357941 106.68468582630157 49.148844428360462 57.203785354271531 56.901530504226685 59.439358338713646 94.513728398829699 68.219026815146208 34 446.01906501501799 25.065389001742005 57.955316761508584 108.28660929203033 158.39841651916504 138.57551394216716 41.033064378425479 61.364855393767357 29.20131772570312 134.37350874952972 180.09252959303558 31.228494815528393 50.667715597897768 100.80020370706916 35.555903613567352 103.36209636181593 861.2276768758893 108.73370789922774 24.937005162239075
leaf_count=9986 1745 3103 320 182 148 147 75 107 168 119 34 1760 145 82 112 165 383 121 76 123 277 381 138 158 202 37 186 1627 188 27
internal_value=-0.000303527 -0.000812506 -0.000477733 -0.000327894 0.00082488 0.000494102 -0.00025396 0.00192553 0.000694322 0.00202592 0.000443829 0.000582575 -0.000766387 0.00295005 0.0012926 -0.000906371 0.00202995 0.0010148 -0.000588392 -0.00147651 0.00396283 0.00323554 -0.00026624 -0.00212094 -0.00483127 0.00152235 0.00476366 -0.000268115 0.00393092 -0.00170424
internal_weight=6163.69 4247.91 3383.56 3249.44 1915.78 1577.65 1036.7 540.953 378.151 271.466 1655.31 1621.31 559.071 112.222 1062.24 266.685 795.557 522.608 979.796 54.2667 272.949 260.47 80.3773 864.346 151.468 481.575 162.801 918.431 176.953 446.849
internal_count=22322 16644 13181 12861 5678 2875 1925 950 657 475 5011 4977 2122 350 2855 277 2578 1918 1850 268 660 667 286 3463 360 1797 293 1774 307 1772
is_linear=0
shrinkage=0.03


Tree=46
num_leaves=31
num_cat=0
split_feature=5 71 61 31 2 45 50 45 22 90 6 19 40 61 39 53 45 70 43 15 61 15 55 61 31 27 26 11 53 44
split_gain=3.08174 1.8058 1.78596 2.29711 2.26644 1.6197 2.10695 1.8233 2.11069 1.78587 2.56419 2.49963 1.5245 1.92174 1.7027 2.05005 1.52995 2.48142 1.69755 1.50917 1.41866 1.39601 1.59099 2.36858 1.46073 2.36404 1.33551 1.33003 1.27557 1.48289
threshold=62.775000000000006 -9.3076599326599307 667.20000000000016 5.6454034679841136 62.166666666666679 0.055684754521963829 11.164496092967342 0.14319890635680113 60.434782608695663 20.500000000000004 62.854968887533765 4.4500000000000011 32.767159514364714 504.85000000000008 21.002392344497611 0.38719772908866396 0.35085659021829241 38.832468457468458 0.23955214570858288 71.345238095238116 493.30000000000007 31.038461538461544 228.15416666666667 588.75000000000011 9.6309830802831389 149.2450837360567 4.2583413926499043 40.121428571428581 0.39684611877823367 0.20023310023310029
decision_type=10 2 10 8 10 10 2 10 10 2 10 8 10 8 10 10 10 2 8 10 10 8 2 8 10 8 8 10 10 8
left_child=5 -2 3 4 -3 9 7 8 -7 10 21 -11 16 -14 15 -15 17 18 -9 -6 -20 24 -23 -24 25 -1 -17 -13 29 -5
right_child=1 2 -4 28 19 6 -8 12 -10 11 -12 27 13 14 -16 26 -18 -19 20 -21 -22 22 23 -25 -26 -27 -28 -29 -30 -31
leaf_value=-0.10248394667377478 0.91242242446646038 0.81027218242006549 0.70138500692876971 -0.074125029817583871 -0.14918347349941719 -0.094412338875736024 0.28166575047479392 -0.33045705692644095 0.2333474910089427 -0.017476837861103076 -0.39754697478095163 -0.13577396948801143 -0.033677705387363158 -0.086069465242664969 0.15720002432118449 0.22648691814357697 0.067227583093336166 -0.24009120421420782 -0.07127219288098785 0.3157008945460737 0.22830805179364994 0.0084465425470799712 0.47747024223409684 0.0044848539657488026 -0.2805235799914661 0.37981180555068172 -0.074224461342514439 -0.4190542946271727 -0.24910130257468377 0.18563292887853911
leaf_weight=218.66220883093774 58.393308544531465 50.045727245509624 50.555903613567352 102.94935669191182 37.939096471294761 83.726688535884023 79.213644744828343 48.881564136594534 243.65532133169472 928.23447892442346 34.889026839286089 1046.7255747057498 988.03646149858832 184.80877438932657 210.35966643691063 101.73611795902252 125.36775160580873 167.1051599830389 63.5475436989218 97.462687021121383 42.339127566665411 533.13407936878502 96.119036287069321 116.18943738937378 37.298292150720954 22.856361526995897 86.96081817150116 39.357871044427156 132.20578890480101 75.253477565944195
leaf_count=1076 134 153 52 227 128 293 171 202 1109 3782 84 3460 5378 226 279 118 386 461 283 231 60 2666 150 130 89 93 102 62 266 211
internal_value=-0.000240737 0.00179011 0.00124756 0.000693541 0.00332604 -0.000464375 0.000115158 -4.82582e-05 0.00202502 -0.000921661 7.5636e-05 -0.00144583 -0.000385254 5.47971e-05 0.00141796 0.000199752 -0.00192856 -0.00302101 -0.000278194 0.00128485 0.00185625 0.000351478 0.00102862 0.00321827 -0.00145612 -0.000590418 0.00239305 -0.00242215 -0.000884823 0.000771294
internal_weight=6104.01 604.805 546.412 495.856 185.448 5499.21 2425.74 2346.52 327.382 3073.47 1059.15 2014.32 2019.14 1571.9 583.865 373.506 447.241 321.873 154.768 135.402 105.887 1024.26 745.443 212.308 278.817 241.519 188.697 1086.08 310.409 178.203
internal_count=22062 1402 1268 1216 512 20660 9068 8897 1402 11592 4288 7304 7495 6103 725 446 1392 1006 545 359 343 4204 2946 280 1258 1169 220 3522 704 438
is_linear=0
shrinkage=0.03


Tree=47
num_leaves=31
num_cat=0
split_feature=5 43 70 15 4 61 69 61 64 38 65 10 23 53 16 1 74 43 15 38 35 25 39 3 43 74 90 68 70 4
split_gain=3.83548 1.75665 1.96668 1.73045 1.7971 2.091 1.51023 1.64323 2.07218 3.15865 2.35595 1.9791 1.94466 1.6393 1.61005 1.90943 1.58021 1.49932 1.46505 1.46376 1.71525 1.7672 1.38765 1.61547 1.3866 1.38096 1.38756 1.13782 1.48522 1.22105
threshold=62.775000000000006 0.10956554878048781 74.922949735449748 95.708333333333357 60.414285714285718 641.6500000000002 3.5000000000000004 470.25000000000006 0.033403068340306839 1.1214168714168717 5.5000000000000009 1.0000000180025095e-35 29.236111111111114 0.41416562557502162 7.5000000000000009 35.467204301075277 -7.4416666666666762 0.35946206439565082 43.577380952380956 1.1721142206081325 27.605764314928432 18.274986872046213 19.06379731379732 45.63333333333334 0.45101467160290692 -11.116666666666658 62.500000000000007 -8.1455988017165808 45.620360867494504 52.414285714285718
decision_type=10 8 2 8 10 10 2 10 2 8 10 10 8 10 2 10 10 10 10 10 10 10 10 10 8 8 2 2 2 10
left_child=6 -2 3 4 -3 17 25 -8 9 10 12 16 -9 19 15 -15 -10 -6 -11 20 22 -22 23 -13 -4 26 -1 28 -27 -29
right_child=1 2 24 -5 5 -7 7 8 11 18 -12 13 -14 14 -16 -17 -18 -19 -20 -21 21 -23 -24 -25 -26 27 -28 29 -30 -31
leaf_value=-0.085751684394933317 -0.17739285930817966 -0.087033918746655614 0.27135727662096321 -0.12171200323666972 -0.045296932795152581 0.94798317007725719 -0.04212092304241679 0.29998722290614738 -0.0073283515024854147 -0.21745123062138361 0.83922841406868942 0.14225418409575552 -0.071769225657395658 0.058167692350175063 0.1668298165236608 -0.2318511306763075 0.46634900278933628 0.48777998140152906 0.08136020981910938 -0.39251599566965778 0.16709133991258521 -0.21839344224948462 -0.29642539054455935 -0.27239391039251676 -0.22641663534674594 -0.13597999634918076 -0.27108323031767417 -0.026676938295132437 0.33186956684230162 -0.13587853306054454
leaf_weight=826.14169072173536 44.336185324937105 47.550770504400134 45.438726719468832 86.010173736140132 73.797418599948287 95.461411356925964 1432.5440951026976 85.370192013680935 64.847181469202042 76.973260432481766 86.997783519327641 66.190679308027029 64.823025414720178 58.427605099976063 205.6180012524128 94.343660056591034 113.83170418068767 173.69303176179528 88.460983460769057 78.329822022467852 114.36872516199946 58.318942859768867 98.590081214904785 63.531850829720497 37.481525518000126 28.432015446946025 61.538467280566692 1470.6095742378384 32.730457346886396 251.78857330791652
leaf_count=2329 144 125 94 167 161 100 7427 141 96 113 122 131 89 100 292 170 168 465 120 109 200 90 151 88 151 109 114 7559 106 987
internal_value=-0.000320747 0.00194751 0.00240433 0.00314562 0.00399223 0.00474846 -0.000569027 -8.87982e-05 0.000634561 0.00245313 0.00466507 -8.75318e-05 0.00236255 -0.000699567 0.000833917 -0.0014933 0.00276986 0.00327077 -0.000727205 -0.00184548 -0.00110578 0.00114671 -0.00280706 -0.000755971 -0.00184229 -0.00108145 -0.00204774 -0.000599648 0.00338887 -0.000743165
internal_weight=6126.58 603.769 559.433 476.513 390.503 342.952 5522.81 2851.57 1419.02 402.625 237.191 1016.4 150.193 837.719 358.389 152.771 178.679 247.49 165.434 479.33 401 172.688 228.313 129.723 82.9203 2671.24 887.68 1783.56 61.1625 1722.4
internal_count=22218 1407 1263 1018 851 726 20811 9607 2180 585 352 1595 230 1331 562 270 264 626 233 769 660 290 370 219 245 11204 2443 8761 215 8546
is_linear=0
shrinkage=0.03


Tree=48
num_leaves=31
num_cat=0
split_feature=6 90 21 44 81 43 63 81 40 61 34 50 72 63 72 63 82 43 28 43 37 55 62 55 58 72 2 73 26 53
split_gain=2.91094 1.75339 2.38269 2.04783 1.82263 1.74765 1.76685 2.14396 1.72095 1.70775 1.67687 1.88747 1.65744 1.46483 1.44652 1.42337 2.7963 2.4187 1.96543 1.60205 1.56332 1.35556 1.95866 1.90598 1.34345 1.33014 1.33363 1.32522 1.29052 1.47288
threshold=44.555506860790608 27.500000000000004 0.89444444444444449 0.65017482517482528 24.750000000000007 0.82268272764393646 503.55000000000007 9.0000000000000036 33.735851120062712 669.65000000000009 19.809090909090912 7.9778363080542922 183.83461538461543 682.25000000000011 179.42500000000004 606.4000000000002 8.4500000000000011 0.47104443645945626 29.00340136054422 0.38551917594040291 8.339946332737032 315.89047619047625 627.90000000000009 289.38333333333338 183.81111111111116 188.32500000000002 33.166666666666679 98.500000000000014 8.8638772837812585 0.52843411262337159
decision_type=10 2 10 8 2 10 8 2 8 10 10 2 10 8 10 10 2 8 10 8 8 2 10 2 2 10 10 2 8 10
left_child=1 5 3 21 -5 6 -1 -8 -9 -4 11 27 14 15 -12 19 18 -18 -17 20 24 22 23 -3 -13 26 -10 28 29 -2
right_child=10 2 9 4 -6 -7 7 8 25 -11 12 13 -14 -15 -16 16 17 -19 -20 -21 -22 -23 -24 -25 -26 -27 -28 -29 -30 -31
leaf_value=-0.025085567908120651 -0.13966642969301049 -0.10941770095214472 -0.010941737701433567 -0.25803643941196203 -0.4497713159797927 -0.20846668831633089 -0.087552524253479147 0.0099238656639792124 -0.035752868498765231 0.57019437723514355 0.13318039950315 -0.0886282417151283 0.39454834071284828 -0.37020714393169318 -0.15009592211154951 0.21080970081376915 0.66630887916628878 0.070503572462972855 -0.38108659285164431 0.078047836525633504 -0.095834604765177356 0.52229643728424546 -0.33534290377015186 0.41708385043746005 0.40591744049948619 0.45113275436464439 0.31989174090811856 -0.4364178658326861 0.0772945857546532 0.32184256940003381
leaf_weight=1172.0821783728898 186.36889000050724 713.42849329300225 848.0644661411643 140.78792141936719 48.517462300136685 37.244018549099565 125.64323998242617 133.82790072262287 55.18673774600029 29.381101548671722 213.70094482041895 33.661898389458656 155.36435104720294 48.527189113199711 30.768070405349135 127.19211703538895 183.7480206489563 144.98581755161285 95.461411356925964 772.45685461163521 363.42552799172699 36.555903613567352 68.874010324478149 30.905507743358612 54.993571722880006 61.602283775806427 46.933890856802464 52.751766055822372 136.36165356822312 26.090692164376378
leaf_count=6184 1125 3452 3334 479 130 142 190 165 137 30 1109 208 202 54 69 134 192 152 100 2440 914 38 73 34 144 72 70 69 517 167
internal_value=-0.00015485 -0.000715043 -0.00133023 -0.00230156 -0.00511662 7.5299e-06 0.000159364 0.00181853 0.00320289 -0.000178666 0.000602274 0.0002805 0.00238854 0.000690436 0.00084191 0.000831923 0.00209614 0.00385021 -0.000499261 0.000261423 -0.00115543 -0.00166916 -0.00192452 -0.00147145 0.0023977 0.00525621 0.00310649 -0.00157903 -0.000900546 -0.00235809
internal_weight=6174.89 3549.04 1916.51 1039.07 189.305 1632.52 1595.28 423.194 297.551 877.446 2625.86 2226.03 399.833 1824.45 244.469 1775.93 551.387 328.734 222.654 1224.54 452.081 849.764 813.208 744.334 88.6555 163.723 102.121 401.573 348.821 212.46
internal_count=22126 14530 7570 4206 609 6960 6818 634 444 3364 7596 6216 1380 4338 1178 4284 578 344 234 3706 1266 3597 3559 3486 352 279 207 1878 1809 1292
is_linear=0
shrinkage=0.03


Tree=49
num_leaves=31
num_cat=0
split_feature=15 45 1 72 7 50 90 18 35 15 48 45 78 46 14 63 63 44 60 70 48 63 15 52 52 61 72 72 68 13
split_gain=2.40208 1.65097 2.23545 1.82491 3.05908 1.9492 1.55313 1.4988 1.89035 2.07589 1.49641 1.48837 1.3147 1.27474 1.27362 1.49528 3.1641 1.34444 1.40487 1.31775 1.69925 1.47918 1.43312 1.39373 1.26782 1.42747 1.26601 1.62622 1.22756 2.4621
threshold=61.074175824175832 0.055684754521963829 27.751033057851242 193.52500000000001 31.461087069519362 11.715359828141784 23.500000000000004 2.5000000000000004 28.989795043306753 54.348484848484858 92.326851230960827 0.1306379520520114 28.750000000000004 0.10833976833976836 8.5000000000000018 606.4000000000002 587.1500000000002 0.051316701316701324 496.50000000000006 74.922949735449748 173.47828126465899 673.40000000000009 85.358974358974379 0.45067812252349859 0.27470431166203357 447.15000000000003 191.07500000000002 175.26785714285717 -2.333750521485189 4.7750000000000012
decision_type=10 10 8 8 8 2 2 8 8 8 2 10 2 10 2 10 10 10 10 2 2 10 10 10 10 8 10 8 2 10
left_child=1 2 -1 5 10 11 -4 -8 9 -9 -5 13 -10 -3 19 16 17 -16 -19 20 21 23 -21 28 -15 -26 27 -14 29 -2
right_child=14 3 6 4 -6 -7 7 8 12 -11 -12 -13 26 24 15 -17 -18 18 -20 22 -22 -23 -24 -25 25 -27 -28 -29 -30 -31
leaf_value=-0.18780039550622396 -0.027692779034968921 0.40894527779596856 0.018491015382876126 -0.060978575030297855 0.54083409789889414 0.1333292073048189 0.05284399502230229 0.094217630911911848 -0.01924843851995689 -0.38857459287777402 0.10461400729136533 -0.025988862433970573 -0.21371348946760121 0.57738507808629158 -0.039754828128480857 0.81824259691321632 -0.3938699589359948 0.11648241291079464 0.79341075262763494 -0.35752224604121746 0.41226413998913414 -0.20103842887333306 0.023374136306401668 0.24408612592075868 0.15614011380287862 -0.15144615421146881 -0.38153178707525598 0.002822973361417915 -0.042497141993342778 0.64458447961164012
leaf_weight=470.02276065573096 99.805772446095943 77.856641488149762 907.55102681554854 50.834940288215876 105.53141198307276 34.067577952519059 338.70253966934979 198.31294270977378 181.64406114630401 35.232567338272929 63.172299336642027 1663.7823310326785 349.11873725242913 28.651810558512807 30.019914448261261 133.97163510322571 49.111807227134705 53.382308520376682 53.904914557933807 32.673851089552045 69.542212558910251 38 34.2322011962533 142.07477947697043 54.602850312367082 67.371086092665792 145.2725812792778 154.06998488306999 433.97336902469397 48.227803807705641
leaf_count=2162 247 339 3579 110 194 91 1461 612 743 78 141 6820 1683 164 85 148 52 309 68 105 127 38 106 398 363 174 170 331 1266 102
internal_value=-0.000218789 -0.000513862 -0.000996273 0.000111265 0.0026963 -0.000184591 -0.000611883 -0.00123735 -0.00179039 0.000592004 -0.000713206 -0.000314306 -0.00246057 0.0019509 0.000973076 0.00259397 0.000847782 0.00318366 0.00474474 0.00039287 0.000720187 0.000307437 -0.00362629 0.000613171 0.000330819 -0.00101404 -0.0030916 -0.00237099 -3.88927e-05 0.00231094
internal_weight=6144.72 4925.8 2779.93 2145.87 219.539 1926.33 2309.9 1402.35 1063.65 233.546 114.007 1892.26 830.105 228.482 1218.92 320.391 186.419 137.307 107.287 898.53 831.624 762.082 66.9061 724.082 150.626 121.974 648.461 503.189 582.007 148.034
internal_count=22266 19215 10819 8396 445 7951 8657 5078 3617 690 251 7860 2927 1040 3051 662 514 462 377 2389 2178 2051 211 2013 701 537 2184 2014 1615 349
is_linear=0
shrinkage=0.03


Tree=50
num_leaves=31
num_cat=0
split_feature=7 26 43 63 72 62 81 75 55 38 55 63 60 65 75 19 22 78 19 60 58 25 60 26 89 39 29 15 70 25
split_gain=2.40419 1.8704 1.80119 1.72916 1.62563 2.31005 1.9851 1.6224 1.56011 2.79739 1.50101 1.86373 1.49276 1.32329 2.34034 2.08627 1.54973 1.47671 1.43989 2.36061 1.98878 1.59245 1.99267 1.43708 1.42647 1.66718 1.40951 1.27456 1.24368 1.20189
threshold=36.515270763686495 14.315852923447862 0.89827586206896559 427.35000000000008 201.07500000000002 631.30000000000007 17.450000000000006 195.80000000000004 290.5428571428572 1.0668903803131993 293.33571428571435 641.20000000000016 463.50000000000006 6.5000000000000009 191.92500000000004 9.5833333333333339 142.31425571016018 37.150000000000013 3.9000000000000004 544.15000000000009 193.80476190476193 18.844373624705977 469.35000000000008 10.129370434394692 2024.5000000000002 20.00306748466258 10.316228070175439 57.738636363636367 39.375353107344644 22.558683293599859
decision_type=10 10 10 8 8 10 2 10 2 8 2 10 10 8 10 10 8 2 8 8 2 10 10 10 2 10 10 10 2 8
left_child=1 2 3 -1 5 10 29 8 13 -10 11 -2 -3 14 17 23 -16 18 19 20 -5 24 26 27 -20 -26 -23 -15 -24 -7
right_child=4 12 -4 7 -6 6 -8 -9 9 -11 -12 -13 -14 15 16 -17 -18 -19 21 -21 -22 22 28 -25 25 -27 -28 -29 -30 -31
leaf_value=-0.074295232712100298 0.011031775107292674 -0.0031333761446531126 -0.31707225782714155 0.15786020670694106 -0.34291285065897731 0.48008984287391121 0.72317236013603758 -0.21859411355494562 0.2443435501091632 -0.036625286400863169 -0.19208784115676142 0.40558069009403891 -0.4239741871334638 0.021318903505788567 -0.39088884394250989 0.29622319886419629 -0.10724226095943691 0.1437510402648067 -0.042601082391753239 0.8794921164211108 -0.31474951161894144 -0.099337089926344782 -0.45788820077203152 0.30384817284411836 0.2000553737395927 -0.05007014973531361 0.24163243222140324 -0.26091866425053478 -0.11865209555896598 -0.047016022552250111
leaf_weight=1027.726311666891 1058.0703711230308 65.850666871294379 58.289698446169496 294.83182769827545 61.368545023724437 112.22361445426941 181.98581755161285 124.578125 187.65352839231491 171.98581755161285 135.4299139380455 170.12912219762802 111.25829371809959 285.86577721312642 114.62814182043076 46.536391520872712 107.28384935855865 95.095357496291399 828.26863685622811 39.748020648956299 30.607529738917947 70.659338841214776 99.067704685032368 41.445233399048448 154.9920825958252 124.3558691740036 79.991795288398862 39.960908409208059 69.347645845264196 108.4299139380455
leaf_count=8017 3968 277 191 1396 118 118 189 161 199 179 141 179 195 855 143 111 141 359 3664 48 63 292 161 80 188 152 297 83 117 114
internal_value=-0.000189395 -0.000579085 -0.000448005 -0.000371628 0.000720883 0.000888508 0.00288212 -8.40158e-06 0.000136982 0.00198263 0.000298171 0.000629316 -0.00358877 -0.000126819 -0.000431309 0.00142224 -0.00333833 -8.78482e-05 -0.000281995 0.00139646 0.000542417 -0.000712305 -0.00257618 0.000654944 -0.000173547 0.0016766 -6.55402e-05 -2.13824e-05 -0.00480836 0.000961386
internal_weight=6097.67 4270.03 4092.92 4034.63 1827.64 1766.27 402.639 3006.9 2882.33 359.639 1363.63 1228.2 177.109 2522.69 2108.88 413.808 221.912 1886.97 1791.87 365.187 325.439 1426.68 319.066 367.272 1107.62 279.348 150.651 325.827 168.415 220.654
internal_count=22196 17369 16897 16706 4827 4709 421 8689 8528 378 4288 4147 472 8150 7021 1129 284 6737 6378 1507 1459 4871 867 1018 4004 340 589 938 278 232
is_linear=0
shrinkage=0.03


Tree=51
num_leaves=31
num_cat=0
split_feature=63 68 24 67 68 51 50 90 44 23 68 80 23 70 36 24 31 45 14 7 52 1 50 82 61 39 25 40 29 32
split_gain=2.91111 2.38574 2.28602 2.02171 1.97594 1.31123 1.96869 2.14003 2.62078 1.75399 2.03589 1.62595 1.69974 2.49488 2.56505 1.71494 1.57632 1.97622 1.71524 1.98245 1.74941 1.66382 1.47685 2.16141 1.41535 1.36316 1.29692 1.15799 1.46234 1.0787
threshold=480.95000000000005 13.484347778745642 24.275000000000002 43.386549707602349 3.9012195121951199 7.1714949716106089 7.9778363080542922 23.500000000000004 0.10585122938064116 9.0555555555555571 -1.0000000180025095e-35 8.7500000000000018 39.055555555555564 44.588029950122348 3.1020833333333337 22.732142857142861 8.9676609297482717 0.1306379520520114 10.500000000000002 34.604351042684463 0.33717904511996638 37.241516436903503 7.7580087802462279 9.2500000000000018 650.60000000000002 22.573593073593077 18.670682730923698 32.704587822387275 15.346752549651102 8.8337520938023477
decision_type=10 2 10 2 2 2 2 2 8 8 2 2 8 2 8 8 8 10 2 10 10 10 2 2 10 8 8 10 10 10
left_child=3 2 5 -1 -4 25 22 8 -8 10 -9 -10 13 14 -13 -14 18 24 19 20 21 -11 23 -7 -18 -2 -21 28 -22 -5
right_child=1 -3 4 29 -6 6 7 9 11 16 -12 12 15 -15 -16 -17 17 -19 -20 26 27 -23 -24 -25 -26 -27 -28 -29 -30 -31
leaf_value=-0.066805883505658553 -0.017691476926155136 -0.17108693576591372 0.7834775210882704 0.063372185580913218 -0.07860136596387611 0.37635587373098472 -0.10743740812885982 0.018393761439279389 0.28083598874249788 0.027509125399505407 -0.17750897953933262 -0.070634061451799443 -0.14745725142889338 0.61179176447268313 0.22093368167479419 0.209799955938372 -0.20763334843415404 0.12001362432462613 -0.2841096060937332 0.62278383550396033 0.56383791248714987 -0.33853906682396512 -0.15975152280244281 -0.17298174962053864 0.063128607542023651 0.41184423624571875 0.2022245012703732 -0.013227686976378479 -0.0015164795621611282 -0.077234476779308281
leaf_weight=2006.7348147351295 67.328407865017653 134.46152134612203 97.814846806228161 860.60074768029153 68.295546222478151 81.752860005944967 140.92660187184811 113.84795323014259 129.21926009654999 72.659714408218861 136.22959634289145 70.88598608225584 85.648215301334858 82.896592479199171 141.1916037350893 86.851762291043997 258.67058176547289 135.54940815642476 113.14193297177553 84.957514308393002 75.555091813206673 78.248417761176825 113.57198840379715 122.31383319571614 82.748020648956299 107.07394580543041 216.25754874199629 61.513078767806292 64.218488473445177 189.41874136589468
leaf_count=11604 130 163 156 5394 91 133 210 144 181 122 185 96 109 103 197 119 330 172 163 108 115 108 169 199 91 161 256 81 107 902
internal_value=-0.00010152 0.000558367 0.00074056 -0.000754269 0.00414665 0.000531353 0.000358547 0.0006733 0.0019942 2.00707e-05 -0.00226725 0.00286245 0.0020311 0.0034107 0.00166936 -0.000334076 0.000481513 -0.000871438 0.00132339 0.0019139 0.000383198 -0.00205098 -0.00184757 -0.000315613 -0.00208677 0.00304044 0.00369648 0.00220926 0.00371075 0.000312142
internal_weight=6080.58 3023.83 2889.37 3056.75 166.11 2723.26 2548.86 2231.22 737.62 1493.6 250.078 596.693 467.474 294.974 212.078 172.5 1243.52 476.968 766.552 653.41 352.195 150.908 317.639 204.067 341.419 174.402 301.215 201.287 139.774 1050.02
internal_count=22099 4199 4036 17900 247 3789 3498 2997 1015 1982 329 805 624 396 293 228 1653 593 1060 897 533 230 501 332 421 291 364 303 222 6296
is_linear=0
shrinkage=0.03


Tree=52
num_leaves=31
num_cat=0
split_feature=9 52 34 9 70 62 31 5 12 52 60 60 31 90 61 35 45 6 74 31 24 30 43 61 37 40 36 61 4 28
split_gain=2.74462 1.66143 2.24749 1.8311 1.68179 1.64479 1.54078 1.58355 1.62962 1.50513 1.80961 1.44366 1.43305 1.65829 1.41887 1.71492 2.22009 1.74728 1.31161 1.90393 1.30355 2.10091 1.77321 1.6817 1.42741 1.35393 2.01573 1.87116 1.79458 1.11619
threshold=0.47222222222222227 0.33306319470668405 15.585714285714287 0.81666666666666676 74.922949735449748 587.30000000000007 12.038585408150627 63.853571428571435 42.422222222222224 0.36137369686804005 479.05000000000007 586.75000000000011 6.4002752924982804 42.500000000000007 466.30000000000001 43.76341201716739 0.54664031620553366 38.817183826435333 -18.449999999999999 5.6926790484216481 22.211111111111112 16.963907064097906 0.54817045961624289 425.05000000000007 8.7445691303160462 38.214091662600246 3.3791666666666669 588.75000000000011 58.150000000000013 17.246212121212125
decision_type=10 8 8 10 2 10 10 10 10 10 10 8 10 2 8 10 10 10 10 10 8 8 10 10 10 8 10 10 10 8
left_child=6 3 5 20 9 -3 7 8 14 11 12 -4 -11 -14 -1 16 -16 -18 -12 -20 23 24 -23 -2 -22 26 28 29 -25 -27
right_child=1 2 4 -5 -6 -7 -8 -9 -10 10 18 -13 13 -15 15 -17 17 -19 19 -21 21 22 -24 25 -26 27 -28 -29 -30 -31
leaf_value=-0.053500348553681326 -0.12703886498445996 -0.043632675646100974 0.051467200671743991 0.25347850169436326 -0.32205708171401731 -0.64948960855976601 -0.18840771676529539 0.45103297489703142 -0.11125294794016648 -0.085993259952487258 -0.009189192842139704 -0.41097652327102902 0.33739271888059263 -0.24469818826449874 -0.0011160095595184672 -0.42783950600389226 0.19269266461025286 -0.0019221801171868688 0.79374498677004945 0.31323704664222363 0.010744288053317773 -0.10375761718985008 -0.51423821233616485 0.70287602736398624 0.50977751810897254 0.39977880878341543 -0.076274296944957007 0.80245601164983282 0.089285325908699184 -0.082614025292904777
leaf_weight=1908.1075968779624 51.711527045816183 215.19598907232285 101.72752169892192 36.325491836294532 37.440556284040213 63.398416519165039 221.76011696457863 36.505068376660347 126.19066027738154 188.12306004948914 84.551562063395977 49.357478484511375 90.217204004526138 31.241750692948699 1684.3979919534177 55.315122954547405 114.39574950933456 62.266128310933709 121.30491551756859 156.15931901335716 38.930899241939187 127.96120247617364 34.84381303563714 79.011527340859175 27.877000607550144 34.603078184649348 83.46623739041388 103.25511187314987 78.741239462047815 45.12123654037714
leaf_count=12052 495 807 391 136 86 70 532 86 217 1022 111 54 371 132 3247 135 178 89 177 197 221 388 110 164 73 113 164 108 123 130
internal_value=-0.000195014 0.000757555 3.75017e-05 0.00186128 0.000796244 -0.00229948 -0.000620703 -0.000484914 -0.000543028 0.00108162 0.00169001 -0.0016161 4.95522e-06 0.00253332 -0.000431807 0.000144788 0.000300702 0.00349029 0.00312703 0.0041207 0.0015163 -0.000339441 -0.00217634 0.00241048 0.00410301 0.00303322 0.00154691 0.00497354 0.003534 0.00149274
internal_weight=6089.5 1880.57 1138.72 741.848 860.123 278.594 4208.94 3987.18 3950.67 822.683 671.598 151.085 309.582 121.459 3824.48 1916.37 1861.06 176.662 362.016 277.464 705.523 229.613 162.805 475.91 66.8079 424.198 241.219 182.979 157.753 79.7243
internal_count=22179 5643 3418 2225 2541 877 16536 16004 15918 2455 2010 445 1525 503 15701 3649 3514 267 485 374 2089 792 498 1297 294 802 451 351 287 243
is_linear=0
shrinkage=0.03


Tree=53
num_leaves=31
num_cat=0
split_feature=5 71 14 5 44 74 63 71 3 60 31 30 70 67 22 74 82 72 3 39 22 43 70 67 63 11 8 78 78 57
split_gain=2.61452 2.29447 1.69066 1.63959 1.76516 2.01823 1.60631 1.54197 1.86662 1.71356 2.69921 2.25213 1.41834 1.24238 1.23483 1.49637 1.19737 1.1858 1.25599 1.14239 1.12651 1.82813 1.42892 1.5925 3.68593 1.29851 1.93837 1.28474 1.11012 1.34699
threshold=62.775000000000006 -9.3076599326599307 11.500000000000002 83.316666666666677 0.1133811928711549 -20.172916666666662 610.20000000000016 -1.3207575188707261 86.100000000000009 492.25000000000006 4.9136833407831828 19.436013988161033 67.049206141878571 34.986219336219342 127.12207507033557 -16.08939393939394 5.7500000000000009 191.07500000000002 46.100000000000009 20.216517857142861 185.94395661157026 1.0000000180025095e-35 58.470975783475787 59.895639465521363 569.30000000000007 44.31666666666667 128.50000000000003 28.550000000000004 33.95000000000001 10.495394940347186
decision_type=10 2 2 10 8 10 10 2 10 8 8 10 2 2 10 8 2 8 10 10 10 10 2 2 10 8 10 2 2 2
left_child=7 -2 3 4 6 -6 12 8 9 13 17 19 -3 14 16 -16 -1 18 -11 -12 22 -22 28 25 -25 26 27 -24 -9 -30
right_child=1 2 -4 -5 5 -7 -8 20 -10 10 11 -13 -14 -15 15 -17 -18 -19 -20 -21 21 -23 23 24 -26 -27 -28 -29 29 -31
leaf_value=-0.38662064200650054 0.85551181993874548 0.40437304264329549 0.66931429966894984 -0.22722517273131987 -0.28930084032919412 0.035698640846603118 0.83362116677037501 -0.015485294084753888 -0.43608670112910208 0.30405934807792295 -0.19845014202782296 0.16403536853989642 -0.21211751270619764 0.030479282438085419 -0.30188314556758855 -0.12954374120154732 0.014260453642630289 0.028891928711084203 0.29428012024405659 0.0026170966318868239 0.010057409382695148 -0.36324102568319844 0.54053935881875237 0.25166989601052298 -0.61598475541008946 -0.20300034244996468 0.57013956648181918 -0.084522652004689142 -0.10495777786959515 0.10216986865640049
leaf_weight=25.949346378445625 56.080290814861655 71.847833298146725 87.387151300907135 76.538462987169623 32.467186694964767 154.09713049419224 83.048812389373779 2425.7848999407142 40.763445906341076 81.981724187731743 141.41357377544045 250.48429682850838 30.947121486067772 823.94675732776523 29.24916691891849 150.05677977949381 225.73778632842004 100.83001703023911 100.72293730080128 131.21360266208649 55.053981050848961 94.783758910372853 28.877263264730573 46.486862920224667 25.17480206489563 24.195901196449995 54.579572634771466 57.469428891316056 578.80436698906124 56.310441179201007
leaf_count=140 137 193 174 150 59 476 88 9422 84 121 170 298 136 4138 77 717 1401 114 128 165 199 222 115 246 26 52 200 254 2301 156
internal_value=-1.94041e-05 0.00187331 0.00126215 0.000514276 0.00133752 -0.000723114 0.00339895 -0.00022174 0.000418488 0.000545435 0.00162331 0.000343539 0.000874545 -0.00014814 -0.0014514 -0.00334642 -9.34554e-05 0.00397494 0.00541098 -0.00154068 -0.000612169 -0.00314774 -0.00049604 0.00174456 -0.00197108 0.00335927 0.0044587 0.0016249 -0.000669881 -0.00178546
internal_weight=6142.28 592.414 536.334 448.947 372.408 186.564 185.844 5549.87 2102.35 2061.59 806.646 523.111 102.795 1254.94 430.993 179.306 251.687 283.535 182.705 272.627 3447.52 149.838 3297.68 236.784 71.6617 165.122 140.926 86.3467 3060.9 635.115
internal_count=22159 1413 1276 1102 952 535 417 20746 7553 7469 996 633 329 6473 2335 794 1541 363 249 335 13193 421 12772 893 272 621 569 369 11879 2457
is_linear=0
shrinkage=0.03


Tree=54
num_leaves=31
num_cat=0
split_feature=1 71 57 78 9 50 82 11 8 30 67 72 41 25 72 40 34 5 59 54 7 80 54 3 30 19 74 17 17 53
split_gain=2.21964 1.86688 1.50714 1.50555 1.34745 1.30869 1.3006 1.24119 1.61413 1.45738 1.5174 1.35983 1.50527 1.39154 1.25458 1.84239 2.10022 1.61852 1.68279 1.58641 2.12251 1.22738 1.2176 1.17451 1.45505 1.22256 1.2025 1.56972 1.35475 1.70731
threshold=31.670068027210888 0.20419580419580544 9.7995143498912043 37.400000000000006 0.29285714285714287 13.539209664209665 8.9500000000000011 57.45000000000001 169.50000000000003 24.284348538650644 56.787121212121214 176.3416666666667 3.301178660049628 22.146489863217301 176.3416666666667 41.670018771788691 21.585714285714293 34.306250000000006 9.2500000000000018 211.95000000000005 24.257988360955416 4.9500000000000011 197.00000000000003 83.500000000000014 8.3582834331337335 9.7083333333333339 3.6250000000000004 6.5000000000000009 4.5000000000000009 0.33263345365638097
decision_type=10 2 2 2 10 2 2 10 10 10 2 8 8 8 8 10 8 10 10 2 10 2 2 10 8 10 8 10 10 10
left_child=1 2 3 4 21 6 -4 8 14 10 -9 12 13 -10 -2 17 -17 19 23 20 -16 -1 -13 24 25 -19 27 28 29 -26
right_child=7 -3 5 -5 -6 -7 -8 9 11 -11 -12 22 -14 -15 15 16 -18 18 -20 -21 -22 -23 -24 -25 26 -27 -28 -29 -30 -31
leaf_value=-0.31814394974580168 -0.012356057620611054 -0.19250279681713844 0.33943602840365861 -0.35079152519638074 0.13302182130454432 -0.22337059992035502 0.02628951831502686 0.67195955582161171 0.1177364083122756 -0.15075383676458134 0.20686772905966919 -0.046626459613476286 0.17867838758642016 -0.39597612450204572 0.35568118184614761 0.016413297224874616 0.3213935293658981 -0.11244194013250855 -0.2420717472731102 0.46117974234705017 -0.054049035957917865 -0.055768475946728839 -0.36123064806779481 -0.20532535908989547 0.38911078677744837 0.043620995533044243 -0.0085076903892290535 0.29395368952945627 -0.032127821477943429 0.034341705017705879
leaf_weight=37.491028591990471 2578.4489860013127 278.07961627468467 40.249161317944527 53.583791462704539 86.7714006844908 36.509319763630629 83.599667496979237 92.273678179830313 27.171302653849125 87.524036601185799 104.46469767019153 70.487428979948163 63.225541170686483 33.715899210423231 69.388178275898099 66.367759946733713 55.662442605942488 92.205016436055303 146.19572375155985 53.725538223981857 86.991831054911017 569.02851236239076 94.463993787765503 61.813695231452584 98.828730046749115 84.617826350033283 413.77257468365133 130.20514497160912 156.0584037899971 251.04146870970726
leaf_count=247 12256 1291 140 235 424 102 281 138 146 130 168 126 229 98 171 183 139 165 182 65 191 2749 107 78 125 139 1200 151 195 306
internal_value=-0.000152696 -0.00131748 -0.000656613 -0.00122332 -0.000844317 0.00197406 0.00344065 0.000128209 9.98424e-06 0.00204886 0.00347621 -0.0021568 0.000216694 -0.00312397 0.000154588 0.000770158 0.00431157 0.000504962 0.00014399 0.00295755 0.00140902 -0.00134523 -0.0039332 0.000490771 0.000695125 -0.00181559 0.0011193 0.00193711 0.0011761 0.00221096
internal_weight=6103.96 1185.31 907.233 746.875 693.291 160.358 123.849 4918.65 4634.39 284.262 196.738 289.064 124.113 60.8872 4345.32 1766.87 122.03 1644.84 1434.74 210.106 156.38 606.52 164.951 1288.54 1226.73 176.823 1049.91 636.134 505.929 349.87
internal_count=22157 5469 4178 3655 3420 523 421 16688 16252 436 306 706 473 244 15546 3290 322 2968 2541 427 362 2996 233 2359 2281 304 1977 777 626 431
is_linear=0
shrinkage=0.03


Tree=55
num_leaves=31
num_cat=0
split_feature=55 35 46 40 4 56 67 40 1 64 75 45 67 67 45 90 35 42 52 90 66 75 54 13 35 57 0 79 75 40
split_gain=3.25358 2.13983 2.15713 2.30332 2.09572 2.33944 1.94123 1.70063 2.37804 2.16536 1.88458 1.92218 1.73534 1.75945 1.3906 1.37837 1.3193 1.27809 1.76508 1.2354 1.19979 1.11653 1.10635 1.02335 1.25224 1.04496 1.1665 1.35748 1.01826 1.5597
threshold=240.73333333333338 20.051546391752581 0.076436222005842283 31.834558013555725 30.050000000000004 114.42970489400344 35.222889957264961 38.125572381969157 35.671186749180933 0.010582306830907056 189.79166666666671 0.49381207028265856 43.125588512241059 49.815901360544224 0.49381207028265856 43.500000000000007 41.202710220950571 0.1418679317615488 0.32520303313232307 13.500000000000002 22.500000000000004 191.2416666666667 231.2166666666667 6.1000000000000005 20.051546391752581 9.0638545583302577 107.50000000000001 16.500000000000004 172.10833333333338 22.287581699346408
decision_type=2 8 8 10 10 2 2 8 10 2 10 8 2 2 10 2 8 10 10 2 2 10 2 8 8 2 2 2 10 8
left_child=6 -2 3 -3 5 -4 14 8 -6 -9 11 -10 -12 -14 22 -7 -11 21 -19 23 -21 -18 28 24 -8 26 27 -26 -1 -30
right_child=1 2 4 -5 7 15 19 9 10 16 12 -13 13 -15 -16 -17 17 18 -20 20 -22 -23 -24 -25 25 -27 -28 -29 29 -31
leaf_value=-0.060767011510823109 -0.13974301480027806 0.71181983700530249 -0.39242060983416699 0.0047039807205241542 0.22565692252532046 0.090577697915144639 0.35501027368683447 -0.062692811206270613 -0.0047701452187602911 0.32987761965294954 -0.30823789482768604 0.56313851822640326 0.072261788255050877 -0.052086153632189172 0.023557872317317815 -0.18327258678187222 0.10514955478742756 0.74412431937019563 0.14717894322578687 -0.031780703744702876 0.22586670760739772 -0.03947480120854472 0.15993057301261196 0.25723004837133495 0.25628882490037108 -0.18512429815130865 -0.087329651727054189 0.078655422239955253 0.053467065600305473 -0.14445907069890573
leaf_weight=594.06071329303086 106.92644554376602 105.95345303416252 72.113345861434937 93.338152050971985 92.36163929104805 122.00891253352165 30.233191775158048 91.576790690422058 165.32780128717422 123.45372694730759 129.56409049034119 80.010799199342728 107.34672892093658 181.88050836324692 199.58874404244125 76.549908041954041 95.847456842660904 139.08537632226944 142.00963056087494 1809.2912095915526 124.801808193326 108.96562737226486 24.158891644328833 139.42973601073027 23.771092997863889 78.19953198172152 133.93973574787378 308.15505857020617 84.420462921261787 514.28959116339684
leaf_count=4999 121 117 85 115 106 161 116 112 214 136 135 101 112 186 1002 89 117 155 157 8781 514 113 52 722 103 230 385 1790 155 1017
internal_value=-3.05336e-05 0.000948614 0.00117827 0.00412604 0.000836131 -0.001584 -0.000520738 0.00128637 0.000299143 0.0023499 -0.000330606 0.00175301 -0.00155251 -0.000255647 -0.0014167 0.000104779 0.00299594 0.00228381 0.00359361 -4.10648e-05 -0.000434723 0.000477464 -0.00179721 0.0010248 0.000462596 0.000127008 0.000667301 0.00161975 -0.00192715 -0.00279971
internal_weight=6098.66 2034.32 1927.39 199.292 1728.1 270.672 4064.34 1457.43 756.492 700.939 664.13 245.339 418.791 289.227 1416.52 198.559 609.362 485.908 281.095 2647.82 1934.09 204.813 1216.93 713.728 574.299 544.065 465.866 331.926 1192.77 598.71
internal_count=22198 2332 2211 232 1979 335 19866 1644 854 790 748 315 433 298 7225 250 678 542 312 12641 9295 230 6223 3346 2624 2508 2278 1893 6171 1172
is_linear=0
shrinkage=0.03


Tree=56
num_leaves=31
num_cat=0
split_feature=55 45 64 39 1 16 25 69 1 54 74 90 45 71 40 66 59 31 10 44 46 58 71 28 2 8 90 13 38 74
split_gain=2.15392 2.28703 2.36532 2.214 1.83555 1.59419 1.33363 1.31715 1.91878 1.85761 1.36559 1.27815 1.74919 1.46453 1.76977 1.45595 1.5758 1.61965 1.56658 1.62782 1.41558 1.43152 1.28672 1.32916 1.27701 1.224 1.21337 1.45463 1.39165 1.71369
threshold=304.72857142857146 0.061381475667189961 0.040072992700729934 19.33666666666667 43.370899470899481 16.500000000000004 30.444664031620558 2.5000000000000004 27.233362143474505 231.2166666666667 8.2999999999999847 35.500000000000007 0.52517281105990798 9.4813330996983982 31.17121265043026 10.500000000000002 7.7500000000000009 7.7618496083989905 0.18333333333333338 0.13322510822510825 0.19668701557034093 223.95000000000002 -5.8350340136054415 30.884414758269724 12.41666666666667 120.50000000000001 61.500000000000007 1.7638888888888891 0.78647416413373872 4.2571428571428678
decision_type=2 10 2 8 10 2 10 2 10 2 10 2 10 2 8 2 10 8 10 10 10 2 2 10 10 10 2 10 8 10
left_child=4 2 -2 -3 6 11 7 9 24 10 26 13 15 14 22 16 17 25 19 -17 21 -19 -6 -24 -9 -13 28 -28 -1 -30
right_child=1 3 -4 -5 5 -7 -8 8 -10 -11 -12 12 -14 -15 -16 18 -18 20 -20 -21 -22 -23 23 -25 -26 -27 27 -29 29 -31
leaf_value=0.0092305918937110928 0.21141600134037922 0.016381565640928457 -0.11822492790464485 0.49832562060716135 0.46832130828687912 0.71040700940062596 -0.22337855452471997 0.048813198180861918 -0.00063408822359136254 -0.39446716712917407 0.073400996300103494 -0.20044880327085088 -0.14826020880074597 0.41322444899348232 0.084011232341949044 0.87047026851409293 0.52480807663121509 -0.16247488656101056 -0.31286074598850333 0.061973299817088545 -0.012573117712403246 -0.41026848287264073 -0.43885570961200016 -0.10757671312167418 -0.23057431721596996 0.1306478683168367 -0.38873706021153392 -0.13280093800099643 -0.082427161258811235 -0.28277469774745251
leaf_weight=363.56091221049428 127.54172116518021 100.28660929203033 180.84251290559769 118.4299139380455 34.287099918350577 43.227237284183502 92.221546223387122 26.492801094427705 1846.1253414414823 110.59217622876167 166.04190126620233 164.23917028680444 48.165543109178543 108.65477623045444 819.2438979241997 59.715647283941507 60.080514322966337 84.835397509858012 42.279179217293859 56.431935088708997 70.818963691592216 61.266173958778381 60.588825296610594 90.028128365054727 137.06510641239583 190.03124582953751 44.009632293134928 60.56949881836772 646.30687979049981 76.394797470420599
leaf_count=1624 136 104 186 124 147 52 272 115 6632 164 1188 824 217 374 3170 141 148 293 143 165 259 67 263 359 581 675 113 178 2924 465
internal_value=-0.000285077 0.00154601 -0.000120025 0.00388493 -0.000458812 0.0002702 -0.000866008 -0.000770828 -0.000271639 -0.00145381 -0.00114685 0.000142428 -0.00074207 0.000808463 0.000448504 -0.000399729 -0.00104528 -0.00153276 0.00216297 0.00395436 -0.00356789 -0.00524556 -0.00219498 -0.00338656 -0.00337572 -0.000280111 -0.00150223 -0.0045746 -0.00120251 -0.00196326
internal_weight=6090.38 527.101 308.384 218.717 5563.27 1993.89 3569.38 3477.16 2009.68 1467.48 1356.88 1950.67 837.864 1112.8 1004.15 789.698 631.271 571.191 158.427 116.148 216.921 146.102 184.904 150.617 163.558 354.27 1190.84 104.579 1086.26 722.702
internal_count=22103 550 322 228 21553 7297 14256 13984 7328 6656 6492 7245 2932 4313 3939 2715 2266 2118 449 306 619 360 769 622 696 1499 5304 291 5013 3389
is_linear=0
shrinkage=0.03


Tree=57
num_leaves=31
num_cat=0
split_feature=89 68 4 54 69 78 66 47 12 87 58 22 7 52 58 73 5 31 72 67 71 32 58 78 75 54 66 82 61 55
split_gain=1.63253 2.42231 1.64076 1.46719 1.53068 2.01362 3.01785 1.99754 1.7501 2.19169 1.85327 1.91109 1.81355 2.21442 2.09875 1.63737 1.6025 1.47299 1.27993 1.21763 1.17376 1.16489 0.917078 0.878242 0.960256 1.08872 1.13339 0.991344 1.37449 0.897375
threshold=2024.5000000000002 14.007549857549856 22.612500000000004 149.27678571428575 2.5000000000000004 32.750000000000007 1.5000000000000002 0.29285714285714287 45.050000000000004 1.5000000000000002 283.15952380952388 169.50787061062101 32.728962706662948 0.39477336670444257 230.25000000000003 47.500000000000007 54.853571428571435 8.3376781369482114 187.55000000000004 35.355339105339119 -1.374775985663083 9.0754746835443054 216.07500000000002 26.650000000000002 169.97500000000002 130.11111111111114 8.5000000000000018 15.850000000000003 437.75000000000006 171.05000000000004
decision_type=2 2 10 2 2 2 2 10 10 2 2 8 10 10 2 2 10 10 10 2 2 10 2 2 10 2 2 2 10 2
left_child=19 2 18 -4 5 7 -7 -5 9 12 11 15 13 -6 -14 -11 -17 -9 -2 -1 22 -10 -21 -22 -25 26 -26 28 -27 -30
right_child=1 -3 3 4 8 6 -8 17 21 10 -12 -13 14 -15 -16 16 -18 -19 -20 20 23 -23 -24 24 25 27 -28 -29 29 -31
leaf_value=-0.063149627541392056 0.02416744688315493 -0.28625161569327401 0.24177286323766245 0.24570012586834841 -0.018162946087944078 -0.011067353961976209 -0.37478453994417188 -0.14436989600939745 -0.16801444873804702 0.37905106625183238 -0.20015752826015709 -0.04454342805646317 0.15115081208383271 0.20490345354562603 0.76895078125168048 -0.026141561378802435 0.50209620836073321 0.078360298432328293 -0.29434818277812352 0.036592954434966386 0.12930581150429993 0.030681232526528889 0.36892377432775181 -0.005712703738382458 -0.068796205616053638 -0.02255915868999633 0.27131965457021717 -0.071207950060517361 -0.037282117704707005 -0.29241424482702255
leaf_weight=1320.2046706043184 100.08344233036041 93.398416519165039 144.13225471973419 171.11493974924088 141.08344233036041 173.67084336280823 106.89132529497147 152.37005162239075 96.034629940986633 157.81414800882339 92.286609292030334 144.84564542770386 89.559036135673523 90.765335619449615 121.7480206489563 188.65666091442108 118.30392426252365 104.94013768434525 91.604716002941132 857.88997240923345 144.01264412514865 90.748020648956299 41.317164275795221 626.07233910821378 113.97876939177513 106.57008099555969 37.026558950543404 166.66492781043053 51.977055773139 167.34431682527065
leaf_count=7186 117 100 166 187 158 191 117 173 108 177 96 163 104 105 130 213 128 120 98 4388 953 99 86 5067 369 281 87 491 124 322
internal_value=-0.000144075 0.000450874 0.000637819 0.000871512 0.000663889 -0.000461769 -0.00243291 0.000831729 0.00126301 0.00170216 0.000657506 0.00125832 0.00335156 0.00150934 0.00535623 0.00219507 0.000912326 -0.000838765 -0.00201664 -0.000548583 -0.000133478 -0.00142387 0.000713428 -0.00067231 -0.000924339 -0.00173714 0.000488943 -0.00241921 -0.0033794 -0.00473253
internal_weight=6103.11 2470.05 2376.65 2184.97 2040.83 708.987 280.562 428.425 1331.85 1145.06 701.907 609.62 443.156 231.849 211.307 464.775 306.961 257.31 191.688 3633.06 2312.85 186.783 899.207 1413.65 1269.63 643.562 151.005 492.556 325.891 219.321
internal_count=22104 2750 2650 2435 2269 788 308 480 1481 1274 777 681 497 263 234 518 341 293 215 19354 12168 207 4474 7694 6741 1674 456 1218 727 446
is_linear=0
shrinkage=0.03


Tree=58
num_leaves=31
num_cat=0
split_feature=1 21 39 55 8 61 63 3 25 7 27 58 58 40 50 72 15 26 47 52 90 36 58 15 64 82 58 49 32 75
split_gain=2.13111 1.42127 2.04865 2.40739 1.63061 1.45039 1.96317 1.69098 1.62064 1.25409 1.25683 1.2247 1.80965 1.21032 2.852 3.10477 1.83481 1.69976 1.97092 1.55934 1.79202 1.76614 1.45352 1.39708 1.39113 1.35156 1.24465 2.54986 1.93414 3.04055
threshold=44.070496894409949 0.86607142857142871 22.401754385964917 304.72857142857146 20.500000000000004 600.95000000000016 498.90000000000003 38.100000000000009 7.5093984962406024 55.062010282937301 178.95866275129887 307.22380952380962 290.51250000000005 31.56515716277671 9.2891447707662547 182.33516483516487 65.050000000000011 12.523764258555135 0.5277777777777779 0.39948365435725036 33.500000000000007 3.5257936507936516 232.65376984126985 16.071428571428573 0.080880291561536324 10.65 307.22380952380962 64.94004716511111 8.6876414027149327 190.12500000000003
decision_type=10 10 8 2 8 8 10 10 10 10 10 2 2 8 2 10 8 8 10 10 2 10 2 8 2 2 2 2 10 10
left_child=1 4 5 -4 -1 6 -3 -7 -8 10 11 12 -6 14 15 22 24 23 19 20 21 -19 -2 -15 25 -16 27 -25 -29 -30
right_child=13 2 3 -5 9 7 8 -9 -10 -11 -12 -13 -14 17 16 -17 -18 18 -20 -21 -22 -23 -24 26 -26 -27 -28 28 29 -31
leaf_value=-0.29022809489179502 -0.20754001393990329 -0.039574685061754308 0.023470888859383442 0.59340733294132642 -0.048601088434923764 0.015097894511586957 0.15247287835006104 -0.16015657759920893 -0.022680248643047917 -0.53414009785632921 -0.46416514825558602 -0.1959549655340462 0.35659749153285486 -0.38220312222361502 -0.31750766471569242 -0.60970752676252082 0.41475678866366422 0.78821380807476227 -0.2583068441910496 -0.14664934106315769 -0.065219902505678315 -0.003943363447718653 0.11621429295073721 -0.14035365251070342 0.23379880920534127 -0.021589775810807042 0.29185159199181804 0.11290126515804751 0.11427483440605599 0.67653255874467955
leaf_weight=64.273275753483176 85.271172737702727 681.43639428168535 645.62344454787672 44.111807227134705 1936.8851313218474 86.857766777276993 158.44975342229009 135.5889672935009 107.83929726481438 32.883762657642365 32.490821622312069 39.587401032447815 41.937005162239075 35.593227664008737 42.421703035011888 41.945793258026242 125.35685947164893 42.528712728992105 54.374527459964156 88.060340968891978 81.099084384739399 40.71413085795939 15.452753871679304 61.651760229840875 50.483020890504122 63.30594222061336 39.381101548671722 966.88618947006762 170.67739402875304 114.15105277299881
leaf_count=266 702 3154 2842 47 7947 99 233 144 146 42 81 40 44 132 103 64 239 101 137 236 172 150 18 230 143 203 40 3733 516 133
internal_value=-0.000159113 -0.000565913 4.12507e-05 0.00133701 -0.0010914 -0.000722997 -0.000210143 -0.00289727 0.00196953 -0.000944649 -0.00084963 -0.000753592 -0.000647438 0.000610101 -0.000821555 -0.00426159 0.000930415 0.000968675 -0.0010497 7.44716e-05 0.00179796 0.00486415 -0.00136734 0.0014151 -0.00123688 -0.00318405 0.00157056 0.00140984 0.00170429 0.00387307
internal_weight=6127.32 4007.96 1859.91 689.735 2148.06 1170.17 947.725 222.447 266.289 2083.78 2050.9 2018.41 1978.82 2119.35 424.237 142.67 281.568 1695.12 306.777 252.402 164.342 83.2428 100.724 1388.34 156.211 105.728 1352.75 1313.37 1251.71 284.828
internal_count=22137 15085 6665 2889 8420 3776 3533 243 379 8154 8112 8031 7991 7052 1472 784 688 5580 796 659 423 251 720 4784 449 306 4652 4612 4382 649
is_linear=0
shrinkage=0.03


Tree=59
num_leaves=31
num_cat=0
split_feature=31 7 13 13 79 71 53 46 55 75 71 90 31 63 63 56 35 23 48 45 67 61 20 73 63 69 25 13 16 34
split_gain=1.8629 1.7361 1.91631 1.67517 1.68808 1.63103 1.58366 2.24016 1.45619 1.56827 1.42828 1.42748 1.36746 1.55385 1.63781 1.58924 2.28243 1.3439 1.33477 2.06447 2.28159 1.55757 1.31104 1.25839 1.45269 2.33178 2.22956 2.55192 2.08294 1.96891
threshold=11.838212394892558 28.46164084881816 4.7750000000000012 10.100000000000001 57.500000000000007 7.039916039231227 0.40304474136527796 0.42921784098254695 189.91111111111113 189.79166666666671 -0.33333333333333476 61.500000000000007 10.680505641080657 673.40000000000009 649.95000000000016 159.95738470978435 26.128389696228897 34.267857142857146 133.20380815948909 0.34248120300751889 44.872732426303862 484.85000000000008 0.95000000000000007 123.50000000000001 484.85000000000008 3.5000000000000004 11.944992021026943 3.7888888888888892 5.5000000000000009 21.26136363636364
decision_type=10 10 10 10 2 2 10 10 2 10 2 2 10 8 10 2 8 8 2 8 2 10 10 2 8 2 8 10 2 10
left_child=1 23 6 4 11 10 12 8 9 -8 -6 -4 13 14 15 16 22 -5 19 20 -10 -21 -3 24 -1 26 -26 -28 -27 -30
right_child=-2 2 3 17 5 -7 7 -9 18 -11 -12 -13 -14 -15 -16 -17 -18 -19 -20 21 -22 -23 -24 -25 25 28 27 -29 29 -31
leaf_value=-0.055289325272414085 -0.12727456820437993 -0.36425174713438008 0.27725981364827207 0.0032545826818067523 0.18153583516051314 0.5099976931469401 0.010886075789642576 -0.18672663293905034 0.13109806732088172 -0.48552664438937143 -0.22152101367143054 0.44266050545333568 -0.16133934272043909 -0.31784061513215178 0.16481518989464236 0.64635012087122257 -0.014798797587740338 -0.23509747644187695 0.0060320048923728819 0.032784940628286525 -0.18485057779792094 0.53959628895030032 -0.036852051307970153 -0.41790662492017178 -0.22366346180354046 0.34990895071703476 0.10336760761425101 -0.30560081353039859 -0.015788683230768541 0.16971251053079411
leaf_weight=1629.9981912299991 360.43135516531765 48.920707089826465 411.67307940125465 42.100039510056376 141.18550298176706 38.337058320641518 216.43294778652489 54.553871378302574 119.89697539433837 27.163301229476929 99.170578027144074 39.66787277162075 63.798425344750285 56.32101333886385 125.90550774335861 57.607240799814463 934.41239965707064 39.80580510571599 254.64107730984688 62.758268296718597 72.845929829403758 176.65631288290024 49.063620086759329 41.968502581119537 154.17909783497453 76.503264613449574 259.33374897390604 93.359033655375242 224.54635321348906 137.30836211144924
leaf_count=10018 854 127 1262 151 440 128 1331 152 197 40 328 82 163 60 129 204 3680 103 393 210 114 203 181 43 258 122 485 159 331 199
internal_value=-0.00018731 -5.59845e-05 0.000420404 0.00167388 0.00213058 0.000292861 -1.86274e-05 0.000893545 0.00124177 -0.000748817 -0.000631436 0.00326217 -0.000691266 -0.000474348 -0.000246589 -0.000621603 -0.00089362 -0.00237331 0.00194786 0.00296118 0.000644475 0.00481582 -0.00522566 -0.000626189 -0.000541012 0.000394407 -0.000990487 0.000327096 0.00199436 0.00103526
internal_weight=6110.55 5750.11 3132.92 811.94 730.034 278.693 2320.98 984.949 930.395 243.596 240.356 451.341 1336.03 1272.23 1215.91 1090 1032.4 81.9058 686.799 432.157 192.743 239.415 97.9843 2617.2 2575.23 945.23 506.872 352.693 438.358 361.855
internal_count=22147 21293 9678 2494 2240 896 7184 2640 2488 1371 768 1344 4544 4381 4321 4192 3988 254 1117 724 311 413 308 11615 11572 1554 902 644 652 530
is_linear=0
shrinkage=0.03


Tree=60
num_leaves=31
num_cat=0
split_feature=5 69 8 50 26 1 23 52 31 59 73 64 61 42 3 72 75 73 70 75 5 16 13 11 62 15 73 49 57 23
split_gain=1.91001 1.47972 1.82889 1.50538 2.20605 1.79488 1.82373 1.67969 1.50511 1.47273 1.76528 1.56866 1.67844 1.42015 1.72332 2.18307 1.9647 1.39389 1.74385 1.73405 1.381 1.35057 1.34302 2.35221 1.31678 1.82413 1.25553 1.2278 1.19763 1.18087
threshold=62.775000000000006 3.5000000000000004 173.50000000000003 8.1322685249258306 14.67278287461774 30.861818181818183 29.236111111111114 0.18706342601949683 11.026272577996718 3.5000000000000004 97.500000000000014 0.030803117587258563 469.55000000000007 0.32981331847311235 58.100000000000009 192.87500000000003 191.2416666666667 96.500000000000014 37.274964421252378 188.40833333333336 45.256578947368432 1.5000000000000002 4.366666666666668 27.225000000000005 484.95000000000005 52.348484848484858 51.500000000000007 149.05535059218116 7.6040827852478001 18.267857142857146
decision_type=10 2 10 2 10 10 8 10 10 10 2 2 10 8 10 8 10 2 2 10 10 2 10 10 10 10 2 2 2 10
left_child=1 2 8 13 5 -5 9 -8 -1 24 11 12 -11 14 15 -3 20 18 19 -9 -16 -2 23 26 25 -7 29 28 -22 -10
right_child=21 3 -4 4 -6 6 7 17 22 10 -12 -13 -14 -15 16 -17 -18 -19 -20 -21 27 -23 -24 -25 -26 -27 -28 -29 -30 -31
leaf_value=-0.024845287625900631 -0.08086143064936667 -0.052200060571836668 -0.50811396702356237 -0.14837455896340243 -0.27192685714203585 -0.11806889562334105 0.73677152973492754 -0.010146250088982817 -0.28143348900797505 0.072293098109653398 0.56711448774027562 0.11869712722649632 0.63005167670739826 0.066270401689641434 -0.37024758011503284 0.25192685109865454 -0.4031155085816307 -0.48632816265072421 -0.047919926791463327 0.58015340679007454 0.33669116012269373 0.2422816272561969 -0.30899205005997854 0.13628029303584355 -0.19410285434939828 0.53270519470701183 -0.28562077177582257 0.38839879498301433 -0.37448305073535881 0.15795012022054286
leaf_weight=2350.8723162617534 105.65312847308815 826.58480194024742 45.178415903821588 130.3375393524766 57.582681026309729 33.34953504242003 39.16247534006834 63.936334695667028 37.240490783005953 62.425380609929562 67.702831089496613 272.66532292217016 81.673539387062192 488.14414825662971 26.880348347127438 95.69710959866643 48.093305885791779 57.449285477399826 272.05441069975495 56.50640732049942 22.120482040569186 491.09528815001249 71.661373149603605 45.441603690385818 51.179320752620697 33.168329864740372 96.494494065642357 34.456526441499591 23.4069419875741 30.696328688412905
leaf_count=10340 387 3540 153 441 114 143 67 253 153 286 81 838 109 1996 100 171 52 75 719 71 130 1040 182 93 67 124 173 117 80 83
internal_value=-0.000217111 -0.000391418 -0.000897447 8.50518e-05 0.000848147 0.00112003 0.0015177 0.000156077 -0.000793299 0.00262158 0.00335153 0.0026092 0.00513064 -0.000538675 -0.00114662 -0.000652651 -0.00406361 -0.000367839 0.000275121 0.00326533 -0.00176286 0.00139383 -0.00286236 -0.00163618 -0.000385973 0.00238357 -0.00330432 0.000238339 -0.00296955 -0.00017091
internal_weight=6118.91 5522.16 2677.59 2844.58 1279.19 1221.61 1091.27 489.109 2632.41 602.164 484.467 416.764 144.099 1565.38 1077.24 922.282 154.958 449.946 392.497 120.443 106.864 596.748 281.534 209.873 117.697 66.5179 164.431 79.984 45.5274 67.9368
internal_count=22178 20751 11177 9574 3388 3274 2833 1185 11024 1648 1314 1233 395 6186 4190 3711 479 1118 1043 324 427 1427 684 502 334 267 409 327 210 236
is_linear=0
shrinkage=0.03


Tree=61
num_leaves=31
num_cat=0
split_feature=9 42 40 34 5 62 23 19 63 55 29 26 61 55 67 65 55 33 53 35 2 25 58 39 66 55 7 60 90 34
split_gain=3.47203 1.86812 2.18378 1.75762 1.87518 2.2296 1.59799 1.64145 1.75023 1.57465 1.51056 1.79472 1.48052 1.91212 1.39787 1.37053 1.51024 1.45825 2.20131 1.58431 2.74306 1.92053 1.89558 1.90417 1.71238 1.61951 1.33426 1.35593 1.24107 1.16249
threshold=0.47222222222222227 0.31090259938172166 34.848970162871517 18.958333333333339 53.356818181818191 553.35000000000014 15.35416666666667 10.125000000000002 613.55000000000007 228.15416666666667 13.233031674208146 8.8638772837812585 598.00000000000011 229.91666666666671 38.678698616198623 1.5000000000000002 194.94583333333335 0.64583333333333337 0.37827667743001708 35.091936572199735 50.833333333333336 23.220046082949313 211.81666666666669 19.460769230769234 1.5000000000000002 281.49722222222232 27.344834917340275 451.75000000000006 13.500000000000002 23.950000000000003
decision_type=10 8 10 10 10 10 8 10 10 2 10 10 8 2 2 10 2 8 10 8 10 10 2 8 2 2 10 10 2 10
left_child=1 3 28 4 10 -6 7 8 12 -4 -1 -12 13 -5 -9 -2 -17 18 -18 20 -19 22 25 -24 -23 26 -21 -28 -3 -30
right_child=15 2 9 6 5 -7 -8 14 -10 -11 11 -13 -14 -15 -16 16 17 19 -20 21 -22 24 23 -25 -26 -27 27 -29 29 -31
leaf_value=-0.11507552566450276 -0.20117505153769777 0.090193217471926448 0.086756631925092587 0.018178031451812657 -0.099508435351850721 -0.49377875111634706 -0.048304469980799021 0.0011140761979725154 0.22819608378982556 0.57274132523726429 -0.058911024003828451 0.10865573658069834 -0.24139626536652184 0.27414489937310726 -0.62939387215801301 -0.0040003772130454253 0.062332813580810435 0.18549999289058347 0.54756561924542524 -0.21192328748712391 -0.16482726692630045 -0.19858707153960045 0.090669845862040285 0.61189477739161668 0.26064125372995789 -0.55785957647881734 -0.046636879890416053 0.43633449550030673 -0.022301362298926222 -0.23157023644780966
leaf_weight=946.66174086928368 62.157046923413873 275.96591856703162 156.27795970439911 435.78138986416161 42.019946094602346 42.937005162239075 595.59072557091713 41.311578588560224 90.429913938045502 50.131838962435722 484.40088487789035 148.80296773463488 46.035351760685444 40.370073229074478 34.466960495337844 575.85719443298876 70.090144017711282 112.4497928544879 69.446166520938277 36.752677356824279 150.73265139572322 107.37127343937755 145.67968471348286 187.50265093147755 184.65814211219549 41.71483325958252 58.189384184777737 99.543976858258247 705.31280340068042 78.836647054180503
leaf_count=2958 189 1262 795 2414 182 45 2452 213 96 67 2328 360 61 66 106 3426 114 184 106 141 229 151 166 208 237 46 240 204 2857 243
internal_value=-0.000121859 -0.000601932 0.000361529 -0.00101572 -0.00165865 -0.0059764 -0.000181468 0.000802456 0.00131884 0.00317675 -0.00142283 -0.000287855 0.000647087 0.00114651 -0.00333498 0.000941785 0.00109042 0.00167013 0.00455321 0.00130868 -0.000726353 0.00193055 0.00294354 0.00439785 -4.78215e-05 0.000882215 0.00203513 0.00323247 -0.000189087 -0.000797992
internal_weight=6117.48 4215.33 1266.53 2948.81 1664.82 84.957 1283.99 688.395 612.617 206.41 1579.87 633.204 522.187 476.151 75.7785 1902.15 1839.99 1264.13 139.536 1124.6 263.182 861.413 569.383 333.182 292.029 236.201 194.486 157.733 1060.12 784.149
internal_count=22146 16505 5224 11281 5873 227 5408 2956 2637 862 5646 2688 2541 2480 319 5641 5452 2026 220 1806 413 1393 1005 374 388 631 585 444 4362 3100
is_linear=0
shrinkage=0.03


Tree=62
num_leaves=31
num_cat=0
split_feature=1 11 50 19 5 64 38 28 0 70 66 70 28 22 76 41 52 47 52 7 60 1 58 55 37 1 44 49 3 37
split_gain=1.7797 1.60688 2.16547 1.58969 1.56093 1.47021 1.3944 2.10297 1.56318 1.40498 1.93264 1.90392 2.27155 1.402 1.3689 1.3944 1.51606 1.42828 2.09736 1.34898 2.00796 1.2895 1.27926 1.24338 1.23596 1.21377 1.1891 1.18784 1.18085 1.76541
threshold=43.370899470899481 1.8166666666666669 11.001315474766804 4.4500000000000011 93.77500000000002 0.028335340559346986 1.1623818940892112 25.472474747474752 117.50000000000001 53.427536583786591 1.0000000180025095e-35 42.640759569377998 36.008196721311485 149.66665185119342 1.0000000180025095e-35 3.7780398322851161 0.39948365435725036 0.29285714285714287 0.38161452214774377 55.062010282937301 522.75000000000011 50.367883995703558 204.42500000000004 217.3559523809524 8.3161861941285391 43.003649635036503 0.12518221574344027 145.29561682960957 73.100000000000009 8.8758497979760538
decision_type=10 8 2 8 8 2 10 8 2 2 2 2 10 10 2 10 10 10 10 10 10 10 2 2 8 10 8 2 10 10
left_child=1 2 25 19 6 26 7 21 14 11 -11 -9 -13 -14 28 17 -17 18 -16 20 22 23 -3 -2 27 -1 -5 -12 29 -8
right_child=4 3 -4 5 -6 -7 8 9 -10 10 24 12 13 -15 15 16 -18 -19 -20 -21 -22 -23 -24 -25 -26 -27 -28 -29 -30 -31
leaf_value=0.0067384452159196685 0.20235925658207707 -0.0026899855625570623 0.41515945454979708 -0.23315361844469409 -0.23198800923789342 -0.10112236482362078 0.16366303030106935 0.27756194086550268 -0.40357187587559223 -0.1090089631692968 0.15146602855796287 -0.19393073170142444 -0.077166042650630831 0.50961464627464681 -0.17308214751654694 0.24619805456651689 -0.26945045877413898 -0.4675565865773742 0.17837187445770672 -0.4624325144975005 0.27238164270437332 -0.018361208363158455 -0.21197110317425996 0.51435706285572302 0.40128556253300224 -0.47330577169092058 0.0083680294446197932 -0.28533392131210072 -0.14096997941020531 -0.16669541962129747
leaf_weight=1107.59255967848 119.77735120616853 642.69069868698716 34.627214927226305 26.968124482780695 29.905009781941772 1297.9531129430979 173.48375291377306 234.20566741749644 48.050623804330826 104.35619428195059 30.681965885683894 359.56096092239022 121.76168758235872 98.505504004657269 49.319350751116872 60.873624123632908 36.550286481156945 77.470787050202489 37.331759374588728 28.928349576890469 151.82268065214157 79.836789757013321 44.176937727257609 128.03204995580018 388.21951547451317 29.731895718723536 508.1289360076189 27.774597849696875 39.372580388560891 38.653184898197651
leaf_count=4012 669 3572 90 87 61 4515 763 746 63 407 279 1240 426 218 171 275 153 245 130 36 175 341 86 157 856 71 1944 167 122 81
internal_value=-0.000170605 -0.000562251 0.000365197 -0.000964703 0.000493483 -0.00146522 0.000585058 0.00101454 -0.00071009 0.00049546 0.00166382 -0.00029649 -0.00121828 0.00117753 -0.000220485 -0.00173684 0.00109956 -0.00341702 -0.000752568 9.32334e-05 0.000316197 0.0031691 -0.000375267 0.00423359 0.00252183 0.000136933 -0.000141562 -0.00152387 0.00135702 0.00224355
internal_weight=6156.34 3872.62 1171.95 2700.67 2283.72 1833.05 2253.82 1692.71 561.106 1365.07 551.032 814.034 579.828 220.267 513.055 261.546 97.4239 164.122 86.6511 867.619 838.69 327.646 686.868 247.809 446.676 1137.32 535.097 58.4566 251.51 212.137
internal_count=22158 14588 4173 10415 7570 6546 7509 5506 2003 4339 1709 2630 1884 644 1940 974 428 546 301 3869 3833 1167 3658 826 1302 4083 2031 446 966 844
is_linear=0
shrinkage=0.03


Tree=63
num_leaves=31
num_cat=0
split_feature=71 32 38 69 63 11 2 15 73 65 5 68 4 26 8 39 50 69 12 41 53 67 12 39 62 86 81 15 78 68
split_gain=2.11698 1.51885 2.71683 1.49162 1.48799 1.44629 2.18755 1.24033 1.41581 1.29092 1.19666 1.72915 1.70026 1.43473 1.41199 1.57525 1.40992 1.54147 1.49856 1.4045 1.38286 1.26433 1.40683 1.23285 1.55191 1.3229 1.20621 1.18527 1.18965 1.17701
threshold=-0.49860022396416598 10.947222222222225 0.37602459016393447 5.5000000000000009 669.25000000000011 57.45000000000001 95.500000000000014 20.04545454545455 96.500000000000014 1.5000000000000002 44.353571428571435 -5.8661064425770322 43.707142857142863 12.204431204617391 170.50000000000003 20.216517857142861 8.4987438374758177 3.5000000000000004 35.707142857142863 3.6657088122605366 0.34342426421470901 38.380843162953262 37.828571428571429 25.337398373983742 484.95000000000005 1.0000000180025095e-35 12.850000000000001 26.033333333333335 35.150000000000013 -0.18988684582744139
decision_type=2 10 10 2 10 10 10 10 2 10 10 2 10 10 10 10 2 2 10 8 10 2 10 10 10 2 2 8 2 2
left_child=1 5 -3 -4 7 6 10 8 -2 -9 11 12 20 16 15 -12 18 -18 27 -15 -1 -17 23 24 -23 -25 -16 -13 -29 -30
right_child=4 2 3 -5 -6 -7 -8 9 -10 -11 14 13 -14 19 26 21 17 -19 -20 -21 -22 22 -24 25 -26 -27 -28 28 29 -31
leaf_value=-0.30355077795798363 -0.054778515671396195 -0.080081377361669648 0.3042468105094373 0.13750978198064731 -0.21543279017597144 0.60845335648147481 -0.33879273405509175 -0.30843747439616115 -0.27858462667608713 -0.0029821443656943103 0.029469390563625301 -0.11431897809811228 -0.39786387125946554 -0.40242367676879071 0.085499298931914533 0.49709872923350806 -0.0018658114790360003 0.37617819287962978 -0.18787068204215215 -0.040821054654599002 0.039118134010482919 0.20317149698724377 0.43940303799074393 0.799075922120559 -0.33258134528462985 0.0021802750612319242 -0.26184869846726128 0.075895894069007069 -0.39111807585372116 -0.0097826116414795189
leaf_weight=56.570374740287662 735.36196831986308 80.646163610741496 70.465843826532364 47.353781975805759 143.1118072271347 118.48263801261783 69.707314474508166 56.434849224984646 90.816449731588364 2486.4511119499803 591.34605207107961 155.11777796968818 34.499479191377759 46.006195144727826 35.235228538513184 43.098964536562562 169.21657098457217 171.41060991212726 39.499744690954685 42.973610334098339 94.35122349858284 44.972158182412386 27.147802220657468 36.477472990751266 39.506095711141825 40.009700011461973 47.998242195695639 448.89407180808485 24.447011115029454 44.711577907204628
leaf_count=241 3247 214 141 107 146 171 147 200 118 9342 1889 860 101 127 106 110 556 530 138 95 263 315 41 147 53 131 116 2137 119 242
internal_value=-0.000157939 0.0004873 0.00300364 0.00588902 -0.000639301 0.000279922 0.000112921 -0.000511444 -0.00152056 -0.000183115 0.000277268 -0.000296281 -0.00297524 0.000140805 0.00111737 0.00149471 0.00045102 0.00203562 -0.000308147 -0.00349557 -0.00157415 0.00358881 0.00250076 0.00140913 -0.00108609 0.00414349 -0.00258523 2.89989e-05 0.000718311 -0.00291742
internal_weight=6132.32 2620.15 198.466 117.82 3512.18 2421.68 2303.2 3369.06 826.178 2542.89 2233.49 1327.7 185.421 1142.28 905.792 822.558 1053.3 340.627 712.67 88.9798 150.922 231.212 188.113 160.965 84.4783 76.4872 83.2335 673.17 518.053 69.1586
internal_count=22150 9097 462 248 13053 8635 8464 12907 3365 9542 8317 5409 605 4804 2908 2686 4582 1086 3496 222 504 797 687 646 368 278 222 3358 2498 361
is_linear=0
shrinkage=0.03


Tree=64
num_leaves=31
num_cat=0
split_feature=9 2 60 30 71 5 78 48 22 72 66 13 2 5 50 63 71 53 11 19 37 64 28 73 18 25 75 1 35 34
split_gain=2.43867 1.71047 2.35529 1.67613 1.60221 1.64475 1.34617 2.31943 2.00979 1.68159 1.53195 1.7467 1.59404 1.89083 1.64691 1.60064 1.40966 1.44362 1.39533 1.34763 1.84042 1.53291 1.32892 1.38108 1.35143 1.30771 1.6564 2.17516 1.52877 1.8492
threshold=0.47222222222222227 40.166666666666679 462.50000000000006 16.459857189087508 -9.532993197278909 63.853571428571435 36.550000000000004 71.987405612931582 95.02747252747254 170.62500000000003 1.5000000000000002 0.77500000000000013 45.833333333333336 47.718421052631591 9.1305205045030835 632.85000000000014 -7.4072325447591956 0.3032471205809702 5.5357142857142865 5.366666666666668 9.4002967359050462 0.052506265664160411 33.525541125541132 95.500000000000014 4.5000000000000009 23.220046082949313 190.75833333333335 44.574534161490689 35.010548523206758 17.961538461538463
decision_type=10 10 10 8 2 10 2 2 8 8 2 10 10 10 2 10 2 10 10 10 8 2 8 2 8 10 10 10 8 8
left_child=6 2 -2 -4 5 -3 9 -8 -9 -1 12 -12 13 15 -14 19 -13 -18 -10 20 -11 -21 23 -19 -24 28 27 -27 29 -6
right_child=1 4 3 -5 25 -7 7 8 18 10 11 16 14 -15 -16 -17 17 22 -20 21 -22 -23 24 -25 -26 26 -28 -29 -30 -31
leaf_value=-0.051395009912230803 -0.015186736406223459 0.011097043647779614 0.10399368976898905 0.61637804149880127 -0.1310530555621866 0.81599663530331124 -0.56474310284355733 0.11312556044489547 -0.28940778825195612 0.39074817936211897 0.23046451328787895 -0.14296315957853536 0.087850561508794694 -0.32053877291074606 0.62195063448946863 0.28189692073118616 -0.095877150483276344 0.0023578074210609859 -0.029013924895695667 0.0065782822680094805 -0.0044793506520328565 -0.2348289240977143 0.061439728006624512 0.1269625055125656 -0.31519861089742651 0.39846198573264147 -0.30196270686717175 -0.072094078382768739 0.10747093448710181 0.11130156421704808
leaf_weight=1706.5368319116533 141.02476277016103 56.620973031967878 83.223722696304321 128.02952060475945 166.58669176511467 48.742015486583114 46.619069341570139 45.863177666440606 80.222491225227714 88.367877079173923 89.311411434784532 93.487945636734366 125.26417049765587 34.047425577417016 63.240046288818121 99.761460840702057 307.06819138489664 463.85744815133512 237.59927047044039 176.67701503448188 181.30050820671022 84.017625590786338 49.573349444195628 152.84364041686058 53.242443213239312 63.757457250729203 155.28904461860657 147.36473846063018 730.36333122849464 159.84433565661311
leaf_count=9775 834 190 144 201 443 106 167 168 275 283 200 214 392 89 107 110 790 1107 817 599 762 221 104 200 101 152 168 498 2391 500
internal_value=-0.000103398 0.00079341 0.00267485 0.00467156 0.000358343 0.00391004 -0.000507128 -0.00213686 -0.00131771 -0.000329172 0.000247312 -0.000439206 0.0012204 0.000527083 0.00364756 0.000902961 -0.000762192 -0.000439001 -0.00216719 0.000243964 0.0017277 -0.00129158 0.000296381 0.000823814 -0.00284469 9.28422e-05 -0.00144915 0.000282658 0.000628347 -0.00107619
internal_weight=6059.75 1880.85 352.278 211.253 1528.57 105.363 4178.9 410.304 363.685 3768.6 2062.06 1209.38 852.676 664.172 188.504 630.124 1120.07 1026.59 317.822 530.363 269.668 260.695 719.517 616.701 102.816 1423.21 366.411 211.122 1056.79 326.431
internal_count=22108 5627 1179 345 4448 296 16481 1427 1260 15054 5279 2716 2563 2064 499 1975 2516 2302 1092 1865 1045 820 1512 1307 205 4152 818 650 3334 943
is_linear=0
shrinkage=0.03


Tree=65
num_leaves=31
num_cat=0
split_feature=19 63 68 67 28 85 26 47 55 15 48 67 7 32 58 22 7 35 15 3 64 60 35 75 11 41 75 68 1 28
split_gain=1.87838 1.63122 1.91356 1.90798 1.54706 1.50349 2.58075 1.76168 2.51677 1.56386 2.31182 2.0464 1.54211 1.4455 2.36128 1.42276 1.40732 1.48199 1.45267 1.5071 1.52964 2.3721 1.49652 1.37239 1.69755 1.48363 2.05379 1.7009 2.44964 1.35317
threshold=3.1000000000000005 606.4000000000002 15.232582582582582 56.141281512605055 22.467708333333338 1.5000000000000002 14.243448858833476 1.0000000180025095e-35 284.62500000000006 33.279220779220786 171.96486921103519 56.462233075874614 46.328123155432678 10.44543650793651 283.15952380952388 163.17894736842109 36.660128190633166 32.527196163293958 77.045454545454561 51.63333333333334 0.11437908496732027 496.50000000000006 35.841194968553467 195.28333333333336 25.211111111111112 3.2859389038634328 190.25833333333335 0.86872898983625835 39.229337431693999 23.574175824175828
decision_type=8 10 2 2 10 2 8 10 2 8 2 2 8 10 2 10 10 10 10 10 2 10 10 10 10 10 10 2 10 8
left_child=1 2 4 -3 -1 6 9 8 -7 -2 11 -11 16 14 -14 -6 23 -18 19 20 21 -19 -21 24 25 29 -27 28 -28 -9
right_child=5 3 -4 -5 15 7 -8 12 -10 10 -12 -13 13 -15 -16 -17 17 18 -20 22 -22 -23 -24 -25 -26 26 27 -29 -30 -31
leaf_value=0.22445490822705461 -0.12130494395970284 0.63689896850228123 0.75977153291131627 0.013275543071859632 0.008849663880175598 0.023184234811304272 -0.23123756507873899 -0.16908791957400743 0.56275420530076015 -0.00067025267833422221 0.48743198487643791 -0.35513482346082564 -0.0540234878527351 0.0999875317240181 -0.53421253911049282 -0.24379531391476617 0.17916673141389736 0.00047163642033005711 0.21680102911643409 -0.49744328847681307 -0.088521002107538715 0.59775794541973348 -0.036428179069869733 -0.20814941631525763 0.2366923542561738 -0.016586641473810389 0.25364998884176143 0.29828524868947853 -0.065456163500160175 0.011518640661582182
leaf_weight=129.67010426335037 504.82968891039491 156.71652323007584 25.784438345581293 135.81101548671722 735.11850363574922 413.71395596116781 170.92191249504685 362.94270723499358 65.142562389373779 858.1670076418668 48.759093260392547 66.277080869302154 186.04157104715705 37.18015125580132 61.905507743358612 134.21203204244375 189.35078234039247 55.308102168142796 29.833087747916579 39.418821610510349 39.91051846370101 26.333483159542084 86.069580452516675 86 82.161927551031113 932.9080514125526 82.326602458953857 85.179674983024597 86.120741724967957 192.47739337943494
leaf_count=731 2093 166 100 142 3373 1984 447 1763 76 2621 71 167 652 82 65 322 429 299 100 88 148 30 302 86 293 4230 108 106 99 970
internal_value=-0.000154215 0.000848615 0.000283547 0.00282046 7.13109e-05 -0.000430167 -0.0011634 -4.49059e-05 0.0016283 -0.000758185 -5.48412e-05 -0.000393482 -0.000346451 -0.00242717 -0.00325419 -0.000385748 -9.58792e-05 0.00138008 -2.07761e-05 -0.000784096 0.00159054 0.0039284 -0.00307863 -0.000456668 -0.000280939 -0.000480587 0.000118696 0.00250693 0.000748372 -0.00175874
internal_weight=6106.59 1317.31 1024.79 292.528 999.001 4789.28 1648.95 3140.33 478.857 1478.03 973.203 924.444 2661.47 285.127 247.947 869.331 2376.34 466.224 276.874 247.041 121.552 81.6416 125.488 1910.12 1824.12 1741.96 1186.54 253.627 168.447 555.42
internal_count=22143 4834 4526 308 4426 17309 5399 11910 2060 4952 2859 2788 9850 799 717 3695 9051 1396 967 867 477 329 390 7655 7569 7276 4543 313 207 2733
is_linear=0
shrinkage=0.03


Tree=66
num_leaves=31
num_cat=0
split_feature=15 1 62 3 71 49 56 25 34 32 46 7 43 64 70 32 0 7 52 39 72 15 81 66 42 15 64 78 75 33
split_gain=1.51862 1.54963 1.64992 1.53827 1.50321 1.47845 2.01039 1.43924 1.76238 1.76222 1.41806 1.4046 1.3791 2.44647 2.10706 1.56035 1.41922 1.3345 1.30348 1.26006 1.31105 2.42662 1.65183 1.722 1.47759 1.41027 2.27803 1.2588 1.5214 1.34451
threshold=61.074175824175832 56.795833333333341 572.00000000000011 79.90000000000002 -1.0000000180025095e-35 162.89893383931783 161.972461009932 23.538899430740042 21.612500000000004 9.2788888888888916 0.49601946041574529 24.450869104993917 0.36622616356575671 0.037685128829377162 43.312114197530867 9.9633819339701706 47.500000000000007 32.728962706662948 0.38088357432331016 31.04545454545455 173.31666666666669 53.038461538461547 20.450000000000006 2.5000000000000004 0.24197230814552956 38.261363636363647 0.063891637803067794 30.350000000000005 187.05000000000004 0.76388888888888895
decision_type=10 10 10 10 2 2 2 10 8 8 10 10 8 2 2 10 2 10 8 10 8 10 2 2 8 8 2 2 10 8
left_child=1 3 -3 4 10 6 -2 -6 -9 -10 12 -11 13 15 -15 -1 -16 -13 -7 20 24 22 25 -24 27 26 -22 -14 29 -29
right_child=5 2 -4 -5 7 18 -8 8 9 11 -12 17 19 14 16 -17 -18 -19 -20 -21 21 -23 23 -25 -26 -27 -28 28 -30 -31
leaf_value=0.022004914048224362 0.063183766720134316 -0.012868926508400023 0.62127000215167938 -0.38181676667144682 -0.025718338516930783 0.048226380087318714 0.47280902533014479 -0.47269737059094546 0.23695250519748903 0.014168219593747011 -0.23119347945038435 -0.40786513922885653 0.03258575027059777 -0.094468665677980318 -0.049197807309616835 0.38537928890572865 0.86832955387827482 -0.14163507580455367 -0.46347921106976187 -0.084655885236284617 -0.16985392464439736 -0.051160568685600226 0.40950667579024225 0.26708826908491923 0.17700381237145932 0.27587082935495233 0.26289454621156572 0.18781257773264734 -0.4597284906192165 -0.17952738893991596
leaf_weight=269.10679827444255 956.51722991280258 86.376595618203282 61.905507743358612 41.35404441319406 2272.4996079355478 118.14788507670164 43.99666372872889 72.194421773776412 47.12762495316565 74.541326792910695 56.678059032186866 51.957645084708929 179.94759500026703 495.49303398095071 33.183294646441936 48.315536363050342 31.268559876829386 75.906366350129247 78.61684419773519 105.0796623993665 66.310044232755899 81.208738215267658 53.400377178564668 66.42061135545373 224.39711306616664 172.25620406493545 49.045831033959985 39.429903319105506 31.493656396865845 94.533033298328519
leaf_count=1183 2533 596 65 72 9450 260 71 234 179 202 126 110 890 1897 140 94 88 155 171 460 189 145 127 105 1139 359 107 254 41 588
internal_value=-0.000179999 -0.000414843 0.00259489 -0.000509662 -0.00045818 0.000777034 0.00124456 -0.000940892 -0.00281593 -0.00160782 0.000138992 -0.00282386 0.000269963 -0.000627692 -0.00181928 0.00147343 0.00324787 -0.00472005 -0.00159453 0.000946808 0.00125825 0.00239674 0.00333963 0.00628757 0.00027943 0.00209398 -0.000472196 -0.000951244 -0.00283207 -0.001408
internal_weight=6078.71 4881.43 148.282 4733.15 4691.8 1197.28 1000.51 2594.23 321.727 249.533 2097.57 202.405 2040.89 877.367 559.945 317.422 64.4519 127.864 196.765 1163.52 1058.44 488.642 407.433 119.821 569.801 287.612 115.356 345.404 165.457 133.963
internal_count=22030 18995 661 18334 18262 3035 2604 10330 880 646 7932 467 7806 3402 2125 1277 228 265 431 4404 3944 1032 887 232 2912 655 296 1773 883 842
is_linear=0
shrinkage=0.03


Tree=67
num_leaves=31
num_cat=0
split_feature=18 26 60 52 63 67 21 72 81 68 61 55 63 29 78 31 67 5 72 35 3 12 20 62 40 34 37 63 61 31
split_gain=1.49886 1.69495 1.9794 1.43492 2.1743 1.43776 1.42171 1.33275 1.33177 1.20119 2.23796 1.588 1.40757 1.60889 1.65289 2.26201 2.04691 1.88668 1.8124 1.53188 1.73946 2.7194 1.52778 1.42395 1.38007 1.38054 1.37046 1.29267 1.35415 1.29166
threshold=2.5000000000000004 14.315852923447862 642.85000000000014 0.20014605439586397 600.75000000000011 56.462233075874614 0.89444444444444449 173.57500000000002 6.2000000000000011 14.007549857549856 598.00000000000011 239.07857142857145 673.40000000000009 10.84292763157895 29.750000000000004 5.4892155831748495 37.286271624754782 49.525000000000006 173.37500000000003 44.149994149994157 26.100000000000005 26.121428571428577 0.18333333333333338 646.60000000000014 31.38707506184495 24.563492063492067 8.3161861941285391 569.30000000000007 504.85000000000008 3.7005913476501715
decision_type=8 10 10 10 10 2 10 8 2 2 10 2 10 8 2 8 2 10 10 8 10 10 10 10 10 8 10 10 10 10
left_child=3 9 6 7 -5 -6 -3 -1 -8 11 -11 24 13 19 16 -16 -15 -18 -17 20 -13 -22 -23 -20 -2 27 -24 28 -26 -28
right_child=1 2 -4 4 5 -7 8 -9 -10 10 -12 12 -14 14 15 18 17 -19 23 -21 21 22 26 -25 25 -27 29 -29 -30 -31
leaf_value=0.15623735178864936 -0.07630589218495433 -0.2875079711405869 -0.39123556384764091 0.026114796390906216 0.75564711947633656 0.38425073826603784 -0.32373600996681307 -0.47886186777290685 0.10206344751257219 -0.022716710288633379 -0.44092932270560958 0.1498077273753354 -0.1070690428394256 0.23444482816229562 0.77982572588523147 -0.077516498477686185 -0.23860913072441853 0.06691678252440518 0.33008647472927694 -0.20862083944309304 -0.2151718555816193 -0.036358381093478158 0.2712213726188662 -0.0079887085456095963 -0.033143894125122843 0.049023569704954896 0.2441840761499379 -0.3373468690014324 0.11888955331712736 -0.048255578577591864
leaf_weight=34.31880752183497 1397.1643020436168 102.10432169772685 44.937005162239075 738.39310012571514 97.223614454269409 96.429913938045502 27.670783305540681 54.252245100215077 74.423747146502137 71.208814604207873 44.937005162239075 87.475106596946716 112.76220309734344 88.916426122188568 84.071882009506226 97.377838611602783 78.280500993132591 94.311712384223938 233.44193249940872 116.97748696804047 109.61703492701054 128.13899791240692 96.955611348152161 108.66771084070206 878.47821195609868 637.20584261417389 94.118718400597572 46.048812389373779 102.24302772432566 98.532347917556763
leaf_count=225 6882 212 47 3310 103 102 103 134 264 219 47 105 114 113 103 129 99 109 272 135 128 146 110 113 4991 3196 107 51 178 110
internal_value=-0.000162619 -0.000374329 -0.00278205 0.000885516 0.00123294 0.00405372 -0.00150808 -0.00274344 0.000992613 -0.000248988 -0.00324962 -0.000174014 0.000582277 0.000823178 0.00176559 0.00273691 -0.000182085 -0.00208436 0.00186518 -0.000188843 0.000411361 -0.00024125 0.000864358 0.0028913 -0.000576696 7.10088e-06 0.00206915 -0.000673427 -0.000439926 0.000596805
internal_weight=6076.69 5056.07 249.136 1020.62 932.047 193.654 204.199 88.5711 102.095 4806.93 116.146 4690.79 1629.65 1516.88 785.068 523.559 261.509 172.592 439.487 731.815 614.838 527.363 417.746 342.11 3061.14 1663.98 289.607 1026.77 980.721 192.651
internal_count=21957 18083 626 3874 3515 205 579 359 367 17457 266 17191 1893 1779 938 617 321 208 514 841 706 601 473 385 15298 8416 327 5220 5169 217
is_linear=0
shrinkage=0.03


Tree=68
num_leaves=31
num_cat=0
split_feature=4 15 69 7 56 10 72 72 1 35 53 25 26 42 40 46 63 13 75 72 0 0 72 90 36 63 72 75 60 50
split_gain=1.98179 1.71216 1.87318 1.78867 1.66831 3.08587 1.41 1.74775 3.0237 2.38762 1.41147 1.84634 1.37946 1.10789 1.26772 1.81844 1.83993 1.58303 1.56859 1.22501 1.77827 1.37472 1.45465 1.64192 1.56728 1.30706 1.64427 1.44832 1.33613 1.2533
threshold=69.550000000000011 95.708333333333357 4.5000000000000009 34.889635512848308 148.11496958168274 1.0000000180025095e-35 201.07500000000002 193.29166666666671 32.358452303698904 30.189099991080194 0.50073327537717949 18.274986872046213 7.5605823724838777 0.45936947879858664 35.415118870728094 0.08842144452717797 500.35000000000008 0.87301587301587313 191.45000000000002 189.85000000000005 55.500000000000007 9.5000000000000018 178.03571428571431 68.500000000000014 3.8136574074074079 632.85000000000014 172.10000000000005 190.25833333333335 477.15000000000003 7.9294780470873549
decision_type=10 10 2 10 2 10 10 10 10 8 10 8 8 8 10 8 8 10 10 10 2 2 10 2 10 10 10 10 10 2
left_child=6 2 3 -2 5 -4 7 13 -9 -10 11 -11 -5 19 15 16 -15 -16 -17 21 -21 25 23 24 29 26 27 -1 -28 -23
right_child=1 -3 4 12 -6 -7 -8 8 9 10 -12 -13 -14 14 17 18 -18 -19 -20 20 -22 22 -24 -25 -26 -27 28 -29 -30 -31
leaf_value=-0.073639177074101739 -0.54520748822766074 -0.20955345871557399 -0.041404550283281459 0.44312967457530933 0.7451862822439238 0.68415959041426022 -0.54217515468451705 -0.10980543098267412 0.41436043615501944 0.46363864376940761 0.14531349555407544 -0.11347957555317227 -0.0351962637961592 0.10184614673540437 0.38461742257588705 0.00043112662704658077 0.67222177410459838 0.045584116438434026 -0.23677601053515396 -0.02204591813968601 -0.22254559889562875 -0.10545240903598425 0.058393007072771751 -0.33738915903198335 0.088579139567516937 0.099423332123140598 -0.12638645317332126 0.17498356593020503 -0.40066164530867832 -0.014691884198550937
leaf_weight=258.94638358429074 41.746843816712499 91.786920415237546 88.968483259901404 44.494038842618465 90.593916490674019 82.203013526275754 80.293922116979957 113.60243934392929 91.421634078025818 93.20908397436142 96.664341926574707 128.17209005355835 87.654526054859161 48.648117743432522 68.061422858387232 834.74219748564065 26.798420824110508 173.48630634881556 144.55919450521469 175.0626514852047 148.63102599978447 499.13968220539391 647.16292900592089 22.654256269335747 210.08861442096531 35.968502581119537 99.319204982370138 16.61577582359314 56.332837425172329 1498.196356182918
leaf_count=1896 157 172 180 154 140 116 153 136 107 107 114 160 165 272 291 3734 33 683 224 254 192 2988 1256 134 1050 37 518 22 93 6618
internal_value=-0.000141942 0.00161384 0.00239788 -1.73666e-05 0.00399633 0.00223176 -0.000308531 -0.000250382 0.0013974 0.0025981 0.00135988 3.43815e-05 0.00169686 -0.000424245 0.000329453 -0.000120151 0.0043364 0.00228511 -0.000467562 -0.000690615 -0.0024501 -0.00051964 -0.000274223 -0.000637589 -0.000553083 -0.00202728 -0.00248685 -0.00108721 -0.00494198 -0.00081255
internal_weight=6095.23 527.448 435.661 173.895 261.765 171.171 5567.78 5487.48 523.07 409.467 318.046 221.381 132.149 4964.41 1296.3 1054.75 75.4465 241.548 979.301 3668.12 323.694 3344.42 2877.24 2230.08 2207.42 467.183 431.214 275.562 155.652 1997.34
internal_count=22156 1084 912 476 436 296 21072 20919 624 488 381 267 319 20295 5237 4263 305 974 3958 15058 446 14612 12046 10790 10656 2566 2529 1918 611 9606
is_linear=0
shrinkage=0.03


Tree=69
num_leaves=31
num_cat=0
split_feature=67 55 68 72 74 53 37 64 29 26 56 62 24 72 4 41 60 82 74 31 79 60 44 17 28 40 53 7 49 72
split_gain=1.78681 2.03083 1.78192 1.83799 1.51132 1.52725 1.88837 1.69785 1.56643 1.50568 1.38979 1.33115 1.32866 1.37082 1.30099 1.22341 1.81167 1.22335 1.22155 1.45589 1.43137 2.07991 1.54289 1.2015 2.1787 1.59749 1.49604 1.42275 1.81865 1.80044
threshold=30.411768056504901 332.84166666666675 -8.9747490550008262 188.32500000000002 6.8750000000000009 0.49199238375252669 9.2254434187324978 0.063891637803067794 15.601886792452833 14.243448858833476 143.150955495201 572.00000000000011 23.527777777777782 190.82500000000002 45.050000000000004 3.6488728470111451 501.95000000000005 10.850000000000003 3.7297619047619013 10.909657673996827 65.500000000000014 566.85000000000002 0.49561369757599083 3.5000000000000004 34.091966173361534 33.735851120062712 0.45676734545123238 24.928698321412615 88.64738056169891 172.82500000000002
decision_type=2 2 2 10 8 10 8 2 10 10 2 10 8 10 10 8 8 2 10 10 2 10 8 10 8 8 10 8 2 10
left_child=1 9 3 15 18 7 10 11 -8 14 17 -6 -9 -14 -1 16 -2 -7 19 23 21 -21 -22 27 -25 -26 -27 -4 29 -29
right_child=2 -3 4 -5 5 6 8 12 -10 -11 -12 -13 13 -15 -16 -17 -18 -19 -20 20 22 -23 -24 24 25 26 -28 28 -30 -31
leaf_value=-0.047817900194977052 0.071682561997952657 0.59333550602145213 0.07251552876930388 0.45052711731783879 0.024486537163581516 0.20673842787806535 0.50279889178042836 -0.017043219348104811 0.50074659145972078 -0.34001476278185816 -0.43340850334268999 0.29234192220826583 -0.12751046844939287 -0.67669240274995546 -0.3467079441002876 0.29639396578655414 -0.13809355546750079 -0.063332597376387051 -0.070225121824206052 -0.033692431128530306 0.32048965055574813 -0.33945725295000556 -0.19619274685741145 -0.0016316826318045229 0.47094961730948598 0.24613550614296656 -0.10273769356861684 -0.04241207508326781 -0.031555782701724905 -0.36771687901224881
leaf_weight=1001.2215251084417 60.392669573426247 24 288.5393384359777 69.013845443725586 297.06399699300528 40.8293641153723 37.889758486300707 161.27816161699593 42.767382992431521 45.533654956147075 19.729471137747169 119.06633281707764 20.704502766951919 23.386955678462982 55.417764239013195 57.753599442541599 26.764641381800175 25.63959856890142 382.14461967907846 128.40339577756822 42.00705573707819 112.12912219762802 47.366368239745498 1438.3701252471656 159.97929327189922 217.15483145788312 81.089635483920574 86.051623350009322 968.31579856947064 57.359602421522141
leaf_count=4644 303 24 1424 83 1915 171 111 867 225 135 79 153 190 36 141 178 32 200 1576 371 88 121 130 3663 339 549 159 488 3727 75
internal_value=-0.000180719 -0.00125994 6.20189e-05 0.00273444 -5.76977e-05 0.00114221 0.00368158 0.000455643 0.00695116 -0.00145051 0.000577547 0.00155612 -0.00177093 -0.00632386 -0.00121665 0.00080017 -0.00144087 0.00265868 -0.000293887 -0.000123663 -0.00202065 -0.00322156 0.00121127 6.67178e-05 0.000558692 0.00235774 0.00105375 -0.000599561 -0.00108665 -0.0042276
internal_weight=6137.36 1126.17 5011.19 213.925 4797.27 788.356 166.856 621.5 80.6571 1102.17 86.1984 416.13 205.37 44.0915 1056.64 144.911 87.1573 66.469 4008.91 3626.77 329.906 240.533 89.3734 3296.86 1896.59 458.224 298.244 1400.27 1111.73 143.411
internal_count=22197 4944 17253 596 16657 3947 786 3161 336 4920 450 2068 1093 226 4785 513 335 371 12710 11134 710 492 218 10424 4710 1047 708 5714 4290 563
is_linear=0
shrinkage=0.03


Tree=70
num_leaves=31
num_cat=0
split_feature=7 74 60 58 55 68 82 13 25 13 3 60 78 9 3 78 55 78 64 23 60 61 55 78 57 68 90 34 68 82
split_gain=1.74618 1.74569 1.74395 1.57789 1.52954 2.06655 1.35133 1.31369 1.55027 1.5206 1.80156 3.16235 1.28816 1.38708 1.61516 1.20136 1.17557 1.14856 1.40603 1.50357 1.25478 1.28664 1.25165 1.21608 1.08922 1.58618 1.63179 1.35282 1.25058 1.72533
threshold=28.46164084881816 -25.986904761904764 651.85000000000002 263.79682539682545 315.89047619047625 5.3290705182007522e-15 8.3500000000000032 10.100000000000001 21.713411970292707 6.1000000000000005 77.26666666666668 603.75000000000011 27.750000000000004 0.5277777777777779 46.63333333333334 41.300000000000004 194.56944444444446 29.150000000000002 0.010582306830907056 12.788888888888891 603.75000000000011 643.45000000000016 293.33571428571435 23.450000000000003 9.4140281742140726 2.3235209235209209 28.500000000000004 21.950000000000003 -2.8645782092772385 6.7500000000000009
decision_type=10 8 10 2 2 2 2 10 8 10 10 10 2 10 10 2 2 2 2 8 10 10 2 2 2 2 2 10 2 2
left_child=1 -1 3 17 7 -6 -5 9 -9 15 11 12 -11 14 -14 24 -16 18 19 -3 21 -19 -20 -21 -2 27 -27 28 -26 -30
right_child=4 2 -4 6 5 -7 -8 8 -10 10 -12 -13 13 -15 16 -17 -18 20 22 23 -22 -23 -24 -25 25 26 -28 -29 29 -31
leaf_value=-0.33886114273669882 0.0079194516241022223 0.34281651031749849 -0.13089288634124813 0.27491110396607205 0.60784925726496974 -0.030792085710222458 -0.00031640328667226214 0.0082454593397487484 -0.29585298475751948 0.55912327301762388 -0.12591275535037247 0.8082139134027202 0.12707559342518809 0.59194514510241214 -0.0063813204680204906 0.51088247173983448 -0.50425583089251536 -0.048863753953084198 -0.030760617103065043 -0.26863104350282496 -0.26583641721959927 0.21262246825911391 0.46407896278064548 0.20817335104070805 -0.10709713209396053 -0.39323126805130876 -0.034390412918612397 -0.074623673651075029 -0.12269223179596071 0.26948913751878151
leaf_weight=89.061042461544275 2198.4506477918476 34.202466778457165 121.63621342182159 95.366919100284576 125.69920825958252 108.17480206489563 138.79440081119537 37.341616788879037 36.911563264206052 33.522497441619635 59.996993647888303 57.667710840702057 68.005026025697589 45.846392266452312 28.187094418331981 31.677945349365473 36.863973451778293 1374.6044422835112 650.55330806970596 19.954446867108345 75.411361873149872 48.048812389373779 22 103.69750398211181 99.473640589043498 66.412650503218174 86.72882847301662 68.968134596943855 48.642841530963778 121.82470823079348
leaf_count=305 7588 236 127 103 129 109 156 160 80 157 141 62 278 156 167 49 86 7140 3180 189 90 53 22 457 217 119 163 149 79 282
internal_value=-0.000165068 -0.00072212 -0.000584045 -0.000416626 0.000294745 0.00262959 0.00192571 0.000119306 -0.00379653 0.00021578 0.00213548 0.00317864 0.00146828 0.000441895 -0.00111357 -1.77e-05 -0.00446004 -0.000652907 0.00024185 0.00278046 -0.00114872 -0.000946821 -0.000357229 0.00121251 -8.71112e-05 -0.0013615 -0.00388464 -0.000213308 0.000747695 0.00230264
internal_weight=6133.73 2773.33 2684.27 2562.63 3360.4 233.874 234.161 3126.52 74.2532 3052.27 330.09 270.093 212.425 178.902 133.056 2722.18 65.0511 2328.47 830.408 157.854 1498.06 1422.65 672.553 123.652 2690.5 492.051 153.141 338.909 269.941 170.468
internal_count=22229 12058 11753 11626 10171 238 259 9933 240 9693 1047 906 844 687 531 8646 253 11367 4084 882 7283 7193 3202 646 8597 1009 282 727 578 361
is_linear=0
shrinkage=0.03


Tree=71
num_leaves=31
num_cat=0
split_feature=5 36 5 71 60 61 28 49 11 48 59 13 3 44 78 37 63 57 45 60 43 47 68 58 71 75 12 60 58 23
split_gain=2.06252 1.83114 1.58988 2.35473 1.91637 1.91929 1.6713 1.60683 1.5755 1.54997 1.47262 1.57719 1.59367 1.35863 1.33996 1.31563 1.74008 1.56935 1.2672 2.58048 1.24619 1.19106 1.09162 2.1031 1.20269 1.97479 1.37244 1.11262 2.56177 2.11934
threshold=62.775000000000006 2.7453703703703707 87.100000000000009 -9.0983533014081512 681.1500000000002 664.65000000000009 35.758697027197982 157.94906356744278 44.31666666666667 133.95105675539821 8.5000000000000018 9.071428571428573 41.45000000000001 0.43703044131559915 30.250000000000004 10.168535127055309 613.55000000000007 11.287652431718008 0.49890829694323152 578.05000000000007 0.56006329113924058 0.38750000000000007 -10.505934925289763 170.53809523809528 -3.6329931972789136 193.47500000000002 57.250000000000007 578.05000000000007 230.25000000000003 25.211111111111112
decision_type=10 8 10 2 10 10 10 2 10 2 8 10 10 10 2 10 10 2 10 8 10 10 2 2 2 10 10 10 2 10
left_child=8 -2 3 -3 5 6 7 14 10 20 22 12 15 -14 -5 18 17 -17 -12 -20 -10 -19 23 -1 25 -24 27 28 -26 -29
right_child=1 2 -4 4 -6 -7 -8 -9 9 -11 11 -13 13 -15 -16 16 -18 21 19 -21 -22 -23 24 -25 26 -27 -28 29 -30 -31
leaf_value=-0.019237981515558927 -0.42921700097871712 0.81858673076122301 -0.2420172874648174 0.29379038285657094 0.49438339735268472 0.63439945698895805 0.39637790816921969 -0.4173330363402295 -0.12677987401970325 -0.27598680000945813 -0.062642364037601442 -0.16290000451165323 -0.027367344317152913 -0.27684331661722156 -0.13158516903454112 0.21900822694767949 0.2907269568140633 -0.3012742577455273 -0.0083437048298406324 0.25748782275442744 0.20583977559687056 0.011380582338695929 0.021436708293824082 0.35738367415209382 -0.012512970265666112 0.38624884384445257 -0.42140470159330562 -0.010847468902233785 0.2730472934467455 -0.33156424810007917
leaf_weight=41.359743284061551 63.429427620023489 43.00988345220685 60.106278942897916 61.189886571839452 57.52440619468689 47.762203097343445 142.44226777553558 60.412868183106184 72.247619604691863 156.4811161570251 1303.7688567172736 42.671697122976184 63.46468717418611 93.059646360576153 72.12455777823925 43.146525170654058 60.111807227134705 53.804451985284686 144.99576615542173 39.623371340334415 38.610826389864087 50.900725688785315 829.90312610380352 45.464840242639184 1761.011060712859 64.519842147827148 40.647323084995151 292.05314004421234 135.74163550138474 130.20943200588226
leaf_count=212 188 105 112 186 60 49 420 117 239 297 4844 142 102 130 192 146 63 166 618 45 87 168 3492 114 9201 66 68 321 197 143
internal_value=-0.000219922 0.00143677 0.00199961 0.0025708 0.00190622 0.00113213 0.000324352 -0.00148678 -0.000403164 -0.00264523 -0.000288215 -0.00095588 -0.000822585 -0.00370934 0.000360225 -0.000554193 0.00167559 -8.38773e-05 -0.000866662 0.00145395 7.16284e-05 -0.00206736 9.07737e-05 0.00339116 1.69885e-06 0.000937865 -0.000353399 -0.000256348 5.39708e-05 -0.0016471
internal_weight=6111.8 608.002 544.572 484.466 441.456 383.932 336.17 193.727 5503.8 267.34 5236.46 1895.55 1852.88 156.524 133.314 1696.35 207.964 147.852 1488.39 184.619 110.858 104.705 3340.91 86.8246 3254.09 894.423 2359.66 2319.02 1896.75 422.263
internal_count=22290 1429 1241 1129 1024 964 915 495 20861 623 20238 6424 6282 232 378 6050 543 480 5507 663 326 334 13814 326 13488 3558 9930 9862 9398 464
is_linear=0
shrinkage=0.03


Tree=72
num_leaves=31
num_cat=0
split_feature=62 0 4 44 34 75 15 44 36 27 31 63 33 54 90 15 71 82 71 90 63 55 57 45 22 6 4 90 60 71
split_gain=1.55813 1.53773 1.59921 1.56416 1.45036 2.14659 1.65351 1.43194 1.45154 1.42949 1.48802 1.42928 1.42571 1.46707 1.25057 1.20317 1.27359 1.19395 1.17501 1.11826 1.21545 1.93175 1.53971 1.1254 1.14528 1.07725 1.05337 2.17386 1.59605 1.40965
threshold=694.05000000000007 7.5000000000000009 69.950000000000017 0.26053379098118129 15.696153846153846 193.2416666666667 49.031250000000007 0.15054392326587909 0.98611111111111127 157.66351911561495 11.026272577996718 603.80000000000007 0.73214285714285732 194.9041666666667 25.500000000000004 12.071428571428573 -3.997297641505678 4.1500000000000012 0.38924963924963768 30.500000000000004 622.40000000000009 212.51726190476191 8.0001124150193359 0.052747507535358222 111.14379084967322 78.041320159635333 47.211111111111116 7.5000000000000009 662.85000000000014 -10.900478229266389
decision_type=10 2 10 8 10 10 10 8 8 10 10 10 8 2 2 8 2 2 2 2 10 2 2 8 10 10 10 2 10 2
left_child=1 12 4 14 5 7 -7 11 -9 19 -11 -3 13 -1 18 16 -6 -14 -4 20 21 -10 -23 24 -21 -19 29 -28 -29 -17
right_child=-2 2 3 -5 15 6 -8 8 9 10 -12 -13 17 -15 -16 26 -18 25 -20 23 -22 22 -24 -25 -26 -27 27 28 -30 -31
leaf_value=-0.027020978476355279 0.14579772320613496 0.0043102654715438862 -0.24258770390723605 -0.052608308823858779 0.0074671143251958489 -0.021082461483560948 -0.28278210415752975 -0.36391805080281348 -0.043118377805564732 0.32519102541582179 -0.038506559645500212 0.67548199276101351 0.19059461609311715 0.18915099410002192 0.66439332437390952 -0.2068468219558629 -0.29355127464191905 -0.12150668619518451 0.40276646084068934 -0.57157295340305492 -0.35464803758728125 -0.01052309073253589 0.25332081757748037 -0.081336028324831056 -0.16528867568876868 -0.32578884948391745 -0.16194232262805031 0.12271006258659362 0.63293089954633142 0.010292851461040619
leaf_weight=155.57766648568213 160.47872632741928 883.45997306331992 66.330957911908627 96.173154175281525 26.65073848888278 116.85913181304932 135.70932912826538 41.273046568036079 359.07468660548329 64.088971138000488 120.07907969504595 91.685025811195374 67.586231138557196 54.427075507119298 188.00188924744725 28.993253948166966 63.653569493442774 585.16910302452743 62.777744987979531 23.552067002281547 43 102.57030461169779 85.541263110935688 433.55535753443837 70.79484736174345 28.251297188922763 73.182523218914866 390.69775174371898 45.968502581119537 1449.6470270417631
leaf_count=861 171 3903 125 202 94 125 142 78 1883 160 205 102 160 111 341 112 289 2873 109 87 43 162 122 1743 302 116 275 1360 47 5773
internal_value=-0.000129812 -0.000208634 -6.29602e-06 0.00177977 -0.000165386 -0.000641667 -0.00326242 -0.00035491 -0.000989752 -0.000811488 0.00163138 0.000519876 -0.00135716 0.000800953 0.00279422 0.000423748 -0.00294413 -0.00202286 0.000514124 -0.00121497 -0.000316643 6.89643e-05 0.00252397 -0.00221678 -0.00517126 -0.00243977 0.000578099 0.00175255 0.00255466 0.000172228
internal_weight=6114.81 5954.33 5063.32 413.284 4650.04 2571.24 252.568 2318.67 1343.53 1302.26 184.168 975.145 891.011 210.005 317.111 2078.79 90.3043 681.007 129.109 1118.09 590.186 547.186 188.112 527.902 94.3469 613.42 1988.49 509.849 436.666 1478.64
internal_count=22076 21905 17784 777 17007 9057 267 8790 4785 4707 365 4005 4121 972 575 7950 383 3149 234 4342 2210 2167 284 2132 389 2989 7567 1682 1407 5885
is_linear=0
shrinkage=0.03


Tree=73
num_leaves=31
num_cat=0
split_feature=55 18 45 40 47 64 26 63 36 61 75 90 61 90 75 73 19 0 85 63 25 71 69 60 63 54 78 43 43 61
split_gain=1.74827 2.2426 1.71101 2.08936 1.59407 1.33944 1.68267 1.60071 1.26512 1.62457 1.8423 1.2595 1.34373 1.21984 1.60587 1.90807 1.17331 1.15203 1.72949 1.06915 1.03008 1.4107 1.35947 1.28452 1.02347 0.993285 0.962033 0.957857 1.55415 1.50276
threshold=307.35000000000008 2.5000000000000004 0.061381475667189961 21.132478632478634 1.1180555555555558 0.023904761904761908 7.4722869881785092 535.80000000000007 1.5104166666666667 643.45000000000016 191.63333333333335 31.500000000000004 504.85000000000008 23.500000000000004 190.25833333333335 36.500000000000007 1.3666666666666669 1.5000000000000002 2.5000000000000004 506.7000000000001 23.662418211559437 1.2720558115719387 10.500000000000002 476.25000000000006 493.30000000000007 188.82222222222225 29.150000000000002 0.7002415458937199 0.60652778599751445 503.55000000000007
decision_type=2 8 10 10 10 2 10 8 8 10 10 2 10 2 8 2 10 2 2 10 10 2 2 10 10 2 2 10 10 8
left_child=1 5 3 -2 8 6 -1 19 9 10 -3 12 -6 14 27 25 -9 18 -15 -7 -19 22 23 26 -23 -16 -22 28 -10 -30
right_child=2 4 -4 -5 11 7 -8 16 13 -11 -12 -13 -14 17 15 -17 -18 20 -20 -21 21 24 -24 -25 -26 -27 -28 -29 29 -31
leaf_value=0.01801383150139152 0.062678737061611561 -0.10488484238742604 0.20096350535811217 -0.25684402074966289 -0.18681064982095108 0.15076294426859604 -0.31541427936171251 0.96395945789576643 -0.0076189435147536594 -0.46411192614977775 0.49697438411887884 -0.024365845783298024 -0.44258458965377051 -0.33113627936602075 0.1685642422380616 0.22336592953039833 0.27867187233524482 -0.0112156708239646 0.027836435185430514 -0.25619539415484555 0.4969041952338209 -0.051356606449963808 0.13975877556909203 -0.23689188224584551 -0.30854714654609344 -0.15740000635788751 -0.15261411067159905 -0.15101243116246041 0.059878537097059197 0.74162999593698242
leaf_weight=166.69053594954312 169.25511187314987 288.11350506916642 174.25511187314987 102.22361445426941 24.993993727490306 473.95301426388323 60.88714112341404 98.502349391579628 1152.5707235261798 31.730705678462982 36.802635014057159 47.467392280697823 24.937005162239075 54.059607157483697 83.539843261241913 150.37005162239075 133.59372128546238 2139.6398596316576 45.656251221895218 44.947285331785679 26.239981565624475 45.991621555760503 56.653101317584515 104.06329743936658 57.908742047846317 78.973762392997742 53.047104882076383 92.650210944935679 108.63423520699143 31.933355145156384
leaf_count=825 174 1200 179 108 192 2495 167 110 5251 34 47 190 27 229 163 171 150 8229 204 78 119 201 118 149 75 94 246 419 570 46
internal_value=-8.32697e-05 -0.000224526 0.00172417 0.000231557 -0.000494698 0.00108219 -0.000930995 0.00169268 -0.00041445 -0.00212862 -0.00148185 -0.00427345 -0.00755094 -0.000271211 0.000353092 0.00229067 0.00375821 -0.000681711 -0.00382755 0.000763345 -0.000553914 -0.00207543 -0.00080332 -0.00205777 -0.00497825 3.30631e-05 0.000815454 -8.5712e-05 0.000126369 0.00309282
internal_weight=6160.28 5714.55 445.734 271.479 4735.98 978.574 227.578 750.996 4638.58 356.647 324.916 97.3984 49.931 4281.93 1698.67 312.884 232.096 2583.26 99.7159 518.9 2483.54 343.904 240.003 183.35 103.9 162.514 79.2871 1385.79 1293.14 140.568
internal_count=22260 21799 461 282 17974 3825 992 2833 17565 1281 1247 409 219 16284 6714 428 260 9570 433 2573 9137 908 632 514 276 257 365 6286 5867 616
is_linear=0
shrinkage=0.03


end of trees

feature_importances:
opp_conceded_10=66
opp_batting=65
mean_20=59
team_conceded_10=58
team_scored_10=55
dot_pct_car=53
mean_all=51
season_mean=51
venue_par_20=51
league_par_60=51
match_number=45
bsr_10=43
team_bat_depth_excl=43
opp_scored_10=42
venue_mean_shrunk=40
ewm_5=38
temp=38
sd_10=37
venue_lift=37
bsr_car=36
opp_lift=35
bdry_pct_10=34
bowl_pp_share_10=33
opp_mean_shrunk=33
bat_pos_5=32
six_rate_10=32
six_rate_car=32
opp_spin_share=32
home_share=31
n_prev=29
dot_pct_10=29
bat_death_share_10=29
mean_3=28
year=28
venue_par_rel=27
overs_pm_10=26
bat_mid_share_10=26
venue_matches=26
wind=26
sr_10=25
avg_10=25
opp_left_share=24
opp_n=24
mean_10=23
fielding_10=23
max_10=22
mean_5=21
econ_10=21
batting_10=20
bowl_death_share_10=20
opp_attack=20
avg_car=19
overs_pm_car=19
bpi_10=18
bpi_car=18
econ_v_L=18
venue_n=18
bat_pos_last=16
econ_car=16
wpm_car=16
bat_pp_share_10=15
rank_in_team=15
dew_point=15
p50plus_10=13
season_n=13
bowling_10=12
econ_v_R=12
exp_econ_matchup=12
team_rest=12
dew_spread=12
bowled_rate_10=11
sr_car=11
bdry_pct_car=11
sr_v_pace=11
wpm_10=10
exp_sr_matchup=10
humidity=10
seasons_played=9
field_dis_10=9
sr_v_spin=9
days_rest=7
plow_10=6
role_code=6
left_hand=6
batted_rate_10=4
bats_first=3
won_toss=2
bowl_grp_code=1

parameters:
[boosting: gbdt]
[objective: quantile]
[metric: quantile]
[tree_learner: serial]
[device_type: cpu]
[data_sample_strategy: bagging]
[data: ]
[valid: ]
[num_iterations: 74]
[learning_rate: 0.03]
[num_leaves: 31]
[num_threads: 4]
[seed: 11]
[deterministic: 0]
[force_col_wise: 0]
[force_row_wise: 0]
[histogram_pool_size: -1]
[max_depth: -1]
[min_data_in_leaf: 100]
[min_sum_hessian_in_leaf: 0.001]
[bagging_fraction: 0.8]
[pos_bagging_fraction: 1]
[neg_bagging_fraction: 1]
[bagging_freq: 1]
[bagging_seed: 27648]
[bagging_by_query: 0]
[feature_fraction: 0.8]
[feature_fraction_bynode: 1]
[feature_fraction_seed: 4989]
[extra_trees: 0]
[extra_seed: 22223]
[early_stopping_round: 0]
[early_stopping_min_delta: 0]
[first_metric_only: 0]
[max_delta_step: 0]
[lambda_l1: 0]
[lambda_l2: 1]
[linear_lambda: 0]
[min_gain_to_split: 0]
[drop_rate: 0.1]
[max_drop: 50]
[skip_drop: 0.5]
[xgboost_dart_mode: 0]
[uniform_drop: 0]
[drop_seed: 21136]
[top_rate: 0.2]
[other_rate: 0.1]
[min_data_per_group: 100]
[max_cat_threshold: 32]
[cat_l2: 10]
[cat_smooth: 10]
[max_cat_to_onehot: 4]
[top_k: 20]
[monotone_constraints: ]
[monotone_constraints_method: basic]
[monotone_penalty: 0]
[feature_contri: ]
[forcedsplits_filename: ]
[refit_decay_rate: 0.9]
[cegb_tradeoff: 1]
[cegb_penalty_split: 0]
[cegb_penalty_feature_lazy: ]
[cegb_penalty_feature_coupled: ]
[path_smooth: 0]
[interaction_constraints: ]
[verbosity: -1]
[saved_feature_importance_type: 0]
[use_quantized_grad: 0]
[num_grad_quant_bins: 4]
[quant_train_renew_leaf: 0]
[stochastic_rounding: 1]
[linear_tree: 0]
[max_bin: 255]
[max_bin_by_feature: ]
[min_data_in_bin: 3]
[bin_construct_sample_cnt: 200000]
[data_random_seed: 74]
[is_enable_sparse: 1]
[enable_bundle: 1]
[use_missing: 1]
[zero_as_missing: 0]
[feature_pre_filter: 1]
[pre_partition: 0]
[two_round: 0]
[header: 0]
[label_column: ]
[weight_column: ]
[group_column: ]
[ignore_column: ]
[categorical_feature: ]
[forcedbins_filename: ]
[precise_float_parser: 0]
[parser_config_file: ]
[objective_seed: 24011]
[num_class: 1]
[is_unbalance: 0]
[scale_pos_weight: 1]
[sigmoid: 1]
[boost_from_average: 1]
[reg_sqrt: 0]
[alpha: 0.5]
[fair_c: 1]
[poisson_max_delta_step: 0.7]
[tweedie_variance_power: 1.5]
[lambdarank_truncation_level: 30]
[lambdarank_norm: 1]
[label_gain: ]
[lambdarank_position_bias_regularization: 0]
[eval_at: ]
[multi_error_top_k: 1]
[auc_mu_weights: ]
[num_machines: 1]
[local_listen_port: 12400]
[time_out: 120]
[machine_list_filename: ]
[machines: ]
[gpu_platform_id: -1]
[gpu_device_id: -1]
[gpu_device_id_list: ]
[gpu_use_dp: 0]
[num_gpu: 1]

end of parameters

pandas_categorical:[]
