tree
version=v4
num_class=1
num_tree_per_iteration=1
label_index=0
max_feature_idx=91
objective=quantile
feature_names=n_prev mean_all mean_3 mean_5 mean_10 mean_20 ewm_5 sd_10 max_10 p50plus_10 plow_10 batting_10 bowling_10 fielding_10 season_n season_mean seasons_played days_rest bat_pos_last bat_pos_5 batted_rate_10 bowled_rate_10 sr_10 avg_10 bpi_10 bdry_pct_10 six_rate_10 sr_car avg_car bpi_car bdry_pct_car six_rate_car econ_10 wpm_10 bsr_10 dot_pct_10 overs_pm_10 econ_car wpm_car bsr_car dot_pct_car overs_pm_car bat_pp_share_10 bat_mid_share_10 bat_death_share_10 bowl_pp_share_10 bowl_death_share_10 field_dis_10 sr_v_spin sr_v_pace econ_v_L econ_v_R opp_spin_share opp_left_share opp_attack opp_batting exp_sr_matchup exp_econ_matchup team_bat_depth_excl rank_in_team team_scored_10 team_conceded_10 opp_scored_10 opp_conceded_10 home_share team_rest venue_n venue_mean_shrunk venue_lift opp_n opp_mean_shrunk opp_lift venue_par_20 venue_matches venue_par_rel league_par_60 bats_first won_toss temp humidity dew_point dew_spread wind rain night role_code left_hand bowl_grp_code impact_era year match_number playoff
feature_infos=[0:280] [-2:228] [-2:228] [-2:228] [-2:228] [-2:228] [-2:228] [0:100.06997551713501] [-2:306] [0:1] [0:1] [-2:194] [0:186] [0:36] [0:18] [-4:228] [0:19] [1:400] [1:11] [1:11] [0:1] [0:1] [0:600] [0:249] [0:73] [0:100] [0:100] [0:600] [0:163] [0:73] [0:100] [0:100] [0:36] [0:6] [2:186] [0:100] [0.16666666666666666:4] [1.5:36] [0:6] [2:156] [0:83.333333333333343] [0.16666666666666666:4] [0:1] [0:1] [0:1] [0:1] [0:1] [0:4] [0:600] [0:600] [1.5:36] [1.5:36] [0:0.75855130784708247] [0:0.95604395604395609] [0:396.30000000000001] [0:368.5] [0:600] [1.5:36] [0:368.5] [1:13] [201:750.70000000000005] [201:719.10000000000002] [201:750.70000000000005] [201:719.10000000000002] [0:1] [1:125] [0:94] [-2:228] [-23.431731984829327:40.761627906976749] [0:43] [-2:228] [-25.20814479638009:35.487179487179489] [110:240] [0:131] [-60:62.666666666666657] [150.01666666666668:231] [0:1] [0:1] [12:42.899999999999999] [7:98] [-5.4000000000000004:28.699999999999999] [0.39999999999999858:42.299999999999997] [0.40000000000000002:29.899999999999999] [0:11] [0:1] [0:3] [0:1] [0:2] [0:1] [2008:2026] [0:72] [0:1]
tree_sizes=3233 3449 3448 3449 3461 3460 3473 3447 3459 3466 3457 3475 3468 3435 3454 3441 3486 3458 3445 3471 3453 3469 3462 3456 3492 3459 3504 3489 3469 3489 3479 3474 3495 3449 3449 3477 3480 3490 3497 3476 3494 3486 3478 3484 3460 3481 3481 3495 3472 3474 3495 3485 3482 3474 3489 3448 3480 3489 3480 3468 3477 3484 3498 3472 3473 3474 3505 3489 3487 3499 3495 3504 3503 3498 3455 3479 3469 3474 3493

Tree=0
num_leaves=31
num_cat=0
split_feature=11 89 5 1 23 62 5 75 23 62 8 3 58 46 49 62 6 6 75 80 24 8 60 37 67 49 60 64 49 71
split_gain=14.9917 5.71382 3.40923 2.35213 2.9706 2.0188 1.77844 1.7421 1.45037 1.27482 1.5726 1.23367 1.33528 1.16139 1.04016 1.16664 0.937545 1.32963 0.840703 0.914625 0.742486 0.665354 0.551433 0.540625 0.731735 0.520261 0.643055 0.505543 0.54513 0.506851
threshold=40.121428571428581 2024.5000000000002 57.975000000000009 39.919136878814307 8.8166666666666682 572.00000000000011 44.975000000000009 193.2416666666667 34.267857142857146 584.95000000000016 120.50000000000001 72.450000000000017 228.15714285714287 0.30453442806493752 137.05574632957732 466.55000000000007 33.768443695521015 36.409393639308014 191.45000000000002 13.050000000000002 12.788888888888891 126.50000000000001 627.90000000000009 8.1943183022250796 60.436401098901108 130.9005351542163 458.75000000000006 0.077524038461538478 136.77637853868848 -6.8597623754221226
decision_type=10 2 10 10 10 10 10 10 8 10 10 10 2 10 2 10 8 8 10 2 8 10 10 10 2 2 10 2 2 2
left_child=1 6 8 16 13 14 -1 9 -2 10 -6 -7 -13 22 15 -4 -3 -18 19 -19 -8 -11 -5 24 -16 26 -10 29 -29 -22
right_child=2 3 5 4 7 11 20 -9 25 21 -12 12 -14 -15 23 -17 17 18 -20 -21 27 -23 -24 -25 -26 -27 -28 28 -30 -31
leaf_value=98.400000000000006 100.08 98.518676532688204 99.480000000000004 98.849999999999994 100.50008483436885 101.09047545018423 98.730000000000004 100.05599987983703 98.430000000000007 98.670000000000002 99.273713216856947 100.93624219030252 100.10282715841585 99.510000000000005 99.989999999999995 100.29000000000001 99.659999999999997 99.390000000000001 98.500856583501502 98.640000000000001 99.540000000000006 99.691615616561322 98.25 98.790000000000006 98.969999999999999 98.849999999999994 100.29000000000001 99 99.629999999999995 98.879999999999995
leaf_weight=2484.8456427752972 75.594405651092529 402.45662647485733 26.411127662286162 156.33855420351028 90.988950073719025 100.39841651916504 337.99079974927008 168 18.702634919434786 103.00313252210617 81.020447492599487 98.510223746299744 117.46141135692596 113.30392426252365 63.79538214020431 29.477460952475667 102.11493974924088 130.48185884952545 156.38110154867172 178.92908775806427 43.757368730381131 104.41573148965836 109.87401032447815 33.174005283042789 52.471231855452061 214.76498555205762 21.204077342525125 77.496735047549009 113.09187168814242 283.87851629219949
leaf_count=13470 91 453 162 178 111 107 1953 168 148 116 100 108 122 123 186 54 118 154 157 214 222 117 114 96 233 570 61 519 456 1469
internal_value=99 98.9994 99.0037 99.0007 99.0018 99.0052 98.9986 99.0032 99.0013 99.002 99.0039 99.0067 99.0053 98.9997 99.0028 99.0063 98.9997 99.0004 98.9998 99.0007 98.9998 99.0005 98.9986 99.0015 99.0025 99.0002 99.0033 99.0005 99.0017 98.9998
internal_weight=6090.33 5238.37 851.965 1897.31 926.945 521.699 3341.06 547.428 330.266 379.428 172.009 316.37 215.972 379.516 205.329 55.8886 970.364 567.907 465.792 309.411 856.215 207.419 266.213 149.441 116.267 254.672 39.9067 518.224 190.589 327.636
internal_count=22150 20212 1938 2123 1027 1068 18089 612 870 444 211 337 230 415 731 216 1096 643 525 368 4619 233 292 515 419 779 209 2666 975 1691
is_linear=0
shrinkage=1


Tree=1
num_leaves=31
num_cat=0
split_feature=11 89 67 89 29 19 24 64 6 53 14 6 39 24 42 6 6 46 67 64 82 56 0 25 29 61 90 18 61 23
split_gain=13.8773 5.02589 2.35556 2.25088 2.19687 1.799 1.70784 1.45722 1.42489 1.29012 1.1739 1.07147 2.20702 0.98545 0.913398 0.854104 1.65715 0.617505 0.541094 0.751748 0.600202 0.484633 0.910621 0.453964 0.433274 0.403354 0.390595 0.368076 0.557942 0.307031
threshold=41.95000000000001 2024.5000000000002 31.668859649122812 2024.5000000000002 20.612734335416317 4.4500000000000011 14.707142857142857 0.048138245197068733 36.924448870101067 0.33263345365638097 6.5000000000000009 45.007955400288289 20.692744755244757 7.2111111111111121 0.26096575606002315 36.264161906512882 33.768443695521015 0.30022421524663684 52.726731601731608 0.03180927085309556 12.850000000000003 150.94633666874384 12.500000000000002 9.1127622377622384 11.626329787234043 603.95000000000016 48.500000000000007 2.5000000000000004 496.05000000000007 22.683333333333337
decision_type=10 2 2 2 10 8 10 2 10 10 2 8 10 10 8 10 10 8 2 2 2 2 2 8 10 10 2 8 8 8
left_child=1 8 24 18 9 6 -4 -6 27 -5 -11 15 13 17 -10 16 -7 23 26 -20 -21 29 -23 -13 -3 -17 -2 28 -1 -16
right_child=3 2 5 4 7 11 -8 -9 14 10 -12 12 -14 -15 21 25 -18 -19 19 20 -22 22 -24 -25 -26 -27 -28 -29 -30 -31
leaf_value=-0.28200000000000014 -0.14549999999999982 -0.52556029598064613 1.4249974549689344 0.35728573649447309 2.0419127342909245 -0.40556029598064608 0.26178860349429156 1.0587534716597107 -0.31200000000000017 0.69191273429092426 2.067285736494473 0.080611523890714756 0.81450000000000011 0.64445608088498196 0.2537999999999998 -0.58169999999999999 0.73020000000000007 0.25469999999999982 -0.24870000000000017 0.54090000000000005 1.2512999999999999 -0.76889999999999981 1.1237999999999997 -0.50127441213518908 0.22020000000000009 -0.22502569750504506 1.0203000000000002 -0.67200000000000015 0.58799999999999986 -0.089999999999999997
leaf_weight=117.39024445042014 89.050856778398156 293.72278827428818 111.55903613567352 126.68502581119537 93.891325294971466 138.22674697637558 135.86296039819717 103.24092942476273 1119.0808576755226 98.398416519165039 102.71652323007584 91.129122197628021 179.4960412979126 148.52753871679306 58.035450911149383 166.22987949848175 89.828330457210541 158.25824439525604 30.155248550698161 41.10188701748848 39.93658940307796 20.417408607900143 36.842777362093329 147.73383820056915 87.828330457210541 178.47872632741928 28.082041351124644 1513.8968073278666 19.475726999342442 530.28453314304352
leaf_count=892 371 329 126 137 104 157 160 115 5891 105 112 100 196 164 375 198 102 176 202 230 164 104 180 163 100 189 118 8178 62 2645
internal_value=-2.36673e-05 -0.000561376 0.000663467 0.00378559 0.00486585 0.00118462 0.00352392 0.00736685 -0.00125239 0.00334397 0.00483233 0.00073631 0.00150157 0.000549256 -0.000659168 -0.000233478 0.00118773 -0.000231782 0.00129163 0.00278062 0.00427119 0.00023926 0.00284924 -0.00119277 -0.00144486 -0.00117445 -0.000133441 -0.00188576 -0.000392628 -1.91685e-05
internal_weight=6095.56 5342.31 1926.88 753.259 524.932 1545.33 247.422 197.132 3415.42 327.8 201.115 1297.91 725.145 545.649 1764.66 572.764 228.055 397.121 228.327 111.194 81.0385 645.58 57.2602 238.863 381.551 344.709 117.133 1650.76 136.866 588.32
internal_count=22145 20487 2160 1658 573 1731 286 219 18327 354 217 1445 799 603 9195 646 259 439 1085 596 394 3304 284 263 429 387 489 9132 954 3020
is_linear=0
shrinkage=0.03


Tree=2
num_leaves=31
num_cat=0
split_feature=11 89 1 89 44 44 64 55 5 25 54 32 32 65 15 37 44 15 64 68 66 75 7 77 3 5 28 0 68 64
split_gain=13.7281 4.3269 2.92827 2.47789 2.09783 1.93202 1.61578 1.70923 1.31864 1.12958 1.02422 1.00293 1.98181 1.01426 0.991769 0.736601 0.687992 0.454627 0.451754 0.545233 0.448703 0.445489 0.642377 0.7384 0.432877 0.494441 0.480344 0.390319 0.452555 0.375539
threshold=39.828571428571429 2024.5000000000002 39.919136878814307 2024.5000000000002 0.1133811928711549 0.089054960900671068 0.034568111983612163 290.5428571428572 44.975000000000009 23.662418211559437 169.95000000000002 8.9067494824016578 9.5430821147356593 5.5000000000000009 69.038461538461561 8.4376112099644143 0.24741829021611841 49.966666666666676 0.042211097912777877 -1.0000000180025095e-35 32.500000000000007 193.2416666666667 28.782286217034404 1.0000000180025095e-35 63.63333333333334 59.025000000000006 36.846989966555192 10.500000000000002 -4.5662280701754385 0.029268989149057685
decision_type=10 2 10 2 10 8 2 2 10 8 2 10 10 10 10 10 10 10 2 2 2 10 8 2 10 10 10 2 2 2
left_child=1 8 10 18 6 -4 -5 -8 -1 11 15 13 -13 -7 -6 -3 27 21 -2 -20 -18 22 -12 -24 26 -26 -21 -10 -29 -30
right_child=3 2 5 4 14 9 7 -9 16 -11 17 12 -14 -15 -16 -17 20 -19 19 24 -22 -23 23 -25 25 -27 -28 28 29 -31
leaf_value=-0.54930000000000001 -0.082799999999999721 0.59505077092515135 1.0939349453894627 0.7295426179712724 -0.021320293297044868 -0.30433264614264788 1.9857582312212609 1.2161202744813415 -0.67254000000000014 -0.26101367882166032 -0.50500337677043627 1.0963821799603786 0.444160700854562 0.50016718741425881 1.0191373958502086 -0.33494922907484864 -0.34254000000000018 0.015979010099219499 -0.054309000000000364 0.56399999999999995 0.38046000000000008 -0.60534608547091528 -0.71705365810482891 0.50053930249495504 -0.88020000000000009 0.70467300000000022 1.0139999999999998 -0.3995399999999999 -0.030113999999999946 0.47046000000000004
leaf_weight=2510.2718495111912 118.89392856881022 96.52753871679306 130.22674697637558 114.79683303833008 94.541721165180206 202.16375213861465 156.40154904127121 99.286609292030334 65.191228372976184 204.48185884952545 258.61411356925964 97.891325294971466 173.59053355455399 102.47872632741928 112.0661273598671 86.384234070777893 421.04349673353136 165.83146297931671 56.982037529349327 27.070847051218152 17.314416814595461 194 89.559036135673523 92.114939749240875 23.530393175780773 30.059649536386132 23.476504862308502 74.319351462647319 79.260820880532265 192.31987925618887
leaf_count=13547 589 112 149 128 103 223 176 103 424 228 304 108 187 113 123 100 2444 191 263 121 43 194 104 108 92 148 104 357 384 884
internal_value=-9.05364e-05 -0.000665051 0.000481515 0.00342759 0.00454987 0.00170613 0.00589922 0.00722623 -0.00131132 0.00113827 -0.000653739 0.00181733 0.00313997 0.000632234 0.00211348 0.00136639 -0.000289186 -0.00111668 0.00110666 0.00213685 -0.00111479 -0.00148185 -0.0009504 0.000415791 0.00341773 0.00149636 0.00538621 0.000591748 0.000993331 0.00155993
internal_weight=6110.69 5253.59 1893.86 857.106 577.093 910.833 370.485 255.688 3359.72 780.606 983.031 576.124 271.482 304.642 206.608 182.912 849.449 800.12 280.013 161.119 438.358 634.288 440.288 181.674 104.137 53.59 50.5474 411.091 345.9 271.581
internal_count=22154 20204 2121 1950 633 1008 407 279 18083 859 1113 631 295 336 226 212 4536 901 1317 728 2487 710 516 212 465 240 225 2049 1625 1268
is_linear=0
shrinkage=0.03


Tree=3
num_leaves=31
num_cat=0
split_feature=89 18 70 5 66 72 72 2 42 22 30 32 67 74 26 18 45 3 70 29 25 75 24 23 72 66 34 24 37 4
split_gain=11.4502 10.1247 3.19228 2.48497 2.17947 1.8698 1.55403 1.14866 0.973839 0.916901 1.15912 1.71865 0.8418 0.822112 0.605345 0.585772 0.546083 0.69004 0.537926 0.529517 0.516014 1.23912 0.445834 0.577111 0.43825 0.430834 0.427595 0.400022 0.349912 0.3289
threshold=2024.5000000000002 4.5000000000000009 41.986714551246983 44.975000000000009 1.5000000000000002 193.52500000000001 181.07500000000002 35.416666666666679 0.26096575606002315 158.34816132858839 9.541316526610645 8.7702656088306323 43.922828784119112 -7.7666666666666648 6.2597962382445145 2.5000000000000004 0.11145617667356798 49.550000000000004 41.566348973607042 10.00568181818182 18.402453987730066 180.77500000000003 18.612500000000004 49.055555555555564 185.31785714285715 21.500000000000004 23.154761904761909 9.7321428571428594 9.4002967359050462 43.31666666666667
decision_type=2 8 2 10 2 10 10 8 8 8 10 10 2 10 10 8 8 10 2 10 8 10 10 10 10 2 8 10 10 10
left_child=3 2 12 15 -4 6 -6 18 25 10 -9 14 29 -13 -12 19 -11 -18 26 -1 21 22 -10 -24 -21 -5 -3 -28 -17 -2
right_child=1 7 4 8 5 -7 -8 9 20 16 11 13 -14 -15 -16 28 17 -19 -20 24 -22 -23 23 -25 -26 -27 27 -29 -30 -31
leaf_value=1.0329389999999998 -0.41814221753134562 0.044115285751664714 0.63776374897408961 -0.2422638000000002 1.1130167300335265 0.93923095438922122 2.0469556075291075 -0.25878836633244146 0.54797220000000024 -0.62655589869688677 0.4061889793842795 0.44088062894471136 0.98368355949240849 0.7976709895701235 -0.55698907660733488 -0.6653610000000002 0.53978689418068559 -0.23520624807333518 0.19039401163583455 -0.28706100000000018 0.048586200000000017 1.4278530000000005 -0.011025000000000205 0.81454499999999996 1.3207649999999997 0.36904620000000005 -0.71124501022898123 -0.13824338579811368 -0.30536100000000016 0.24369514936602768
leaf_weight=16.427353957667947 86.765335619449615 105.38423407077789 166.6078485250473 542.93954266421497 115.59053355455399 106.7480206489563 163.05194491147995 156.4960412979126 21.20766431465745 104.55903613567352 116.24092942476273 89.478726327419281 93.066127359867096 158.08344233036041 112.79683303833008 1953.3024081140757 130.52753871679306 152.70234078168869 153.52753871679306 244.13285688683391 347.57726618275046 21.024559497833252 122.27171801775694 18.22680389508605 17.119498992338777 37.620791673660278 231.0377624630928 104.00313252210617 303.41160901635885 88.240929424762726
leaf_count=106 101 119 186 3041 129 115 181 173 167 119 128 100 104 175 126 10599 146 169 169 1627 1582 36 710 123 53 139 256 117 1252 100
internal_value=-6.9575e-05 0.00152299 0.0042354 -0.00113348 0.00553835 0.00677728 0.00807102 0.000143757 4.96565e-05 0.000753808 0.00145663 0.00219106 0.00154185 0.00391862 0.00031486 -0.00165188 -0.000394393 0.00029103 -0.000904301 -0.000350221 0.000978082 0.00226412 0.00134582 0.000715984 -0.000685513 -0.000798629 -0.00143651 -0.00195942 -0.00181182 0.000309786
internal_weight=6080.17 2434.91 820.071 3645.26 551.998 385.39 278.642 1614.84 1110.87 1020.88 633.096 476.6 268.072 247.562 229.038 2534.39 387.789 283.23 593.953 277.68 530.308 182.731 161.706 140.499 261.252 580.56 440.425 335.041 2256.71 175.006
internal_count=22148 2713 916 19435 611 425 310 1797 5798 1136 702 529 305 275 254 13637 434 315 661 1786 2618 1036 1000 833 1680 3180 492 373 11851 201
is_linear=0
shrinkage=0.03


Tree=4
num_leaves=31
num_cat=0
split_feature=6 6 60 81 43 89 29 11 43 31 18 42 24 22 42 32 30 52 45 1 67 61 60 44 54 6 44 62 75 60
split_gain=13.2327 3.62629 3.07227 2.42614 2.68514 2.14673 1.98923 1.32116 1.03935 0.953184 0.942561 0.794061 0.751277 1.02897 0.957493 0.583402 1.07813 0.619179 0.599226 0.560199 0.540783 0.542178 0.662921 0.573921 0.509186 0.499926 0.589251 0.488226 0.436124 0.375478
threshold=57.356143391911822 34.583017952620132 512.6500000000002 17.150000000000002 0.35946206439565082 2024.5000000000002 17.35158825292179 52.750000000000007 0.4733078880407125 6.4377018236690438 2.5000000000000004 0.30054808469855349 17.612500000000004 173.16624820659973 0.08896499238964993 9.5430821147356593 13.601756916080678 0.30652387419065402 0.51465358675659112 48.978332290362964 36.417964595887987 481.65000000000003 454.31666666666672 0.046344831113043043 126.46190476190478 51.085314480385577 0.27925002925002929 451.2000000000001 184.20833333333334 442.65000000000003
decision_type=10 10 8 2 10 2 10 10 8 10 10 10 8 10 8 8 10 10 8 10 2 8 10 10 2 10 8 10 10 10
left_child=1 -1 11 7 -5 10 12 8 -4 -6 20 28 13 14 15 16 -7 -17 -19 -13 -3 22 -22 -24 -21 -12 27 -27 -2 -26
right_child=2 5 3 4 9 6 -8 -9 -10 -11 25 19 -14 -15 -16 17 -18 18 -20 24 21 -23 23 -25 29 26 -28 -29 -30 -31
leaf_value=-0.60844917000000032 0.05690411400000002 -0.42286016999999987 1.0601142958084753 0.7594914214155104 1.7580598278698925 0.32973338066044106 1.0316063902430066 1.3935279823697468 -0.17361477238226194 0.81521963838290346 -0.31540017000000004 1.1112484140000001 -0.3302707306337202 -0.42524297702084979 0.62035233469852025 -0.45587241193562489 0.78700931000275143 -0.2943969651310695 0.29380403221996682 0.85279541400000025 0.075790829999999823 -0.50452317000000024 0.45937682999999963 1.1540054099999999 0.68408741399999995 0.046314113999999761 -0.29620017000000004 0.90406268400000001 -0.7116740406089701 -0.29424938999999994
leaf_weight=1960.3209086358547 130.02572919800878 85.77174156345427 123.30992746353149 125.68477725982666 91.149713791906834 163.95745265483856 173.41886401176453 177.51610437035561 117.11694559454918 98.483535528182983 1250.2147424556315 47.73135999776423 165.81414800882339 122.90864026546478 135.43304646015167 105.77951806783676 90.066127359867096 117.1779345870018 93.066127359867096 21.755840273573995 186.19042889587581 58.449167404323816 64.370230736210942 36.427604749798775 35.264965562149882 41.721143258735538 144.93508678115904 34.259521085768938 54.13424026966095 75.3134610876441
leaf_count=8503 981 407 137 138 101 185 199 193 134 105 6306 192 185 139 154 113 101 131 104 155 1362 140 242 121 240 274 766 103 78 227
internal_value=-5.42421e-05 -0.000705535 0.00292886 0.00404636 0.0060315 -6.17591e-05 0.000950361 0.00253784 0.00108096 0.00827899 -0.000683153 0.000674169 0.000431475 0.000800568 0.00124202 0.000700329 0.00176778 -0.000160574 0.000781086 0.00208541 0.000549315 0.00107868 0.00161466 0.00356174 0.00106362 -0.00104453 0.000270039 0.00239266 -0.000709506 0.00022057
internal_weight=6127.77 5030.28 1097.49 733.261 315.318 3069.96 1167.62 417.943 240.427 189.633 1902.34 364.226 994.203 828.389 705.48 570.047 254.024 316.024 210.244 180.066 431.209 345.437 286.988 100.798 132.334 1471.13 220.916 75.9807 184.16 110.578
internal_count=22216 19535 2681 808 344 11032 1311 464 271 206 9721 1873 1112 927 788 634 286 348 235 814 2272 1865 1725 363 622 7449 1143 377 1059 467
is_linear=0
shrinkage=0.03


Tree=5
num_leaves=31
num_cat=0
split_feature=6 46 60 63 19 15 43 25 79 63 19 42 82 23 17 6 24 61 64 19 67 65 35 31 61 6 82 66 39 22
split_gain=9.81688 3.60919 2.60275 1.48214 1.4608 1.41522 1.56372 1.36216 1.59905 1.27622 1.19909 1.09229 1.02082 1.58426 1.3035 0.738997 0.829926 0.771235 0.607749 0.558909 0.542551 0.539619 0.529172 0.664022 0.51114 0.42891 0.525349 0.403276 0.398392 0.389977
threshold=48.505059776800735 0.60990338164251223 481.05000000000007 529.85000000000014 2.5500000000000003 59.683333333333344 0.60474493623405856 26.648550724637687 33.500000000000007 603.80000000000007 4.5500000000000007 0.32232165128460971 6.2500000000000009 31.585714285714293 4.5000000000000009 27.389898968455935 17.236111111111114 494.75000000000006 0.31352941176470595 2.4500000000000006 48.309027777777779 3.5000000000000004 32.884394461575681 9.1903098675731716 667.20000000000016 34.583017952620132 3.1000000000000005 37.500000000000007 18.004201680672271 171.35890151515156
decision_type=10 8 8 8 10 10 10 10 2 10 8 8 2 8 10 10 8 8 2 10 2 8 10 8 10 10 2 2 10 8
left_child=9 3 18 27 7 -6 -7 8 -4 11 -11 24 -5 14 -14 -13 17 20 29 -20 -17 -12 23 -23 25 -1 -27 -2 -15 -3
right_child=1 2 4 12 5 6 -8 -9 -10 10 21 15 13 28 -16 16 -18 -19 19 -21 -22 22 -24 -25 -26 26 -28 -29 -30 -31
leaf_value=-0.65714669489999999 -0.24192104489999947 -0.003508638419999812 1.2858141858516008 1.0007335261325099 -0.13041028872840144 0.47837586888448969 1.0376652857166466 0.92522289570000049 1.6555746907805031 1.0100142363450573 0.23673047801772454 -0.56714669490000003 0.38396363354769725 -0.64602921723456663 0.85095636439640543 -0.040722894900000452 -0.17339816489999976 0.84395030909999957 0.054567197580000337 1.3097681005800001 1.2465218876999999 0.27514282465817175 -0.55052756438278638 -0.58440171051789236 0.47593099483629947 0.74406183510000001 -0.34673816489999992 0.4874368191000002 -0.029841698533174393 0.70909799058000034
leaf_weight=1200.5164126325399 507.45317996665835 258.6260386928916 86.956405460834503 143.33542168140411 95.655011992901564 100.67597299814224 92.630731772631407 103.90643449500203 143.37179115414619 91.985817551612854 115.30392426252365 259.67045086063445 142.875452876091 98.218804121017456 104.79998708516359 153.63339506462216 438.24529374204576 87.122465766966343 27.589502289891243 21.494818788021803 18.166969077661633 175.47872632741928 95.636213421821594 154.90451806783676 31.318106710910797 32.74186703749001 1162.4995369631797 21.867874786257744 113.83773625642061 28.839532477781177
leaf_count=5688 2786 1091 108 152 119 117 107 122 194 99 125 1531 155 107 116 848 2150 140 162 103 114 186 101 170 34 132 5092 51 128 89
internal_value=-4.03058e-05 0.00162563 0.00297813 0.000477722 0.00412487 0.00254899 0.00401963 0.00547562 0.0067608 -0.000908101 0.000327483 -0.00113937 0.00149343 0.000800433 0.00242563 -0.000280569 0.000228657 0.00157201 0.000848762 0.00389874 0.000399183 -0.000212737 -0.00070578 -0.000134204 -0.00147769 -0.00152773 -0.00112376 -0.000680133 -0.00110022 0.000316273
internal_weight=6109.36 2092.13 959.746 1132.39 623.196 288.962 193.307 334.235 230.328 4017.22 633.309 3383.91 603.067 459.732 247.675 956.839 697.168 258.923 336.55 49.0843 171.8 541.323 426.019 330.383 2427.08 2395.76 1195.24 529.321 212.057 287.466
internal_count=22117 5707 2212 3495 767 343 224 424 302 16410 681 15729 658 506 271 4783 3252 1102 1445 265 962 582 457 356 10946 10912 5224 2837 235 1180
is_linear=0
shrinkage=0.03


Tree=6
num_leaves=31
num_cat=0
split_feature=11 89 19 61 18 69 71 59 77 6 59 22 22 32 51 72 42 68 15 18 64 61 40 66 9 71 18 61 37 75
split_gain=9.82085 3.0156 1.83704 1.86544 1.78373 1.66405 1.54084 1.7595 1.43515 1.13927 1.04992 0.832877 1.16815 2.45338 0.829125 0.741889 0.700138 0.643736 0.593435 0.556631 0.456718 0.802807 0.380845 0.450504 0.360522 0.351219 0.30125 0.323093 0.320314 0.680286
threshold=40.121428571428581 2024.5000000000002 4.5500000000000007 489.98333333333341 4.5000000000000009 8.5000000000000018 -7.4072325447591956 3.5000000000000004 1.0000000180025095e-35 37.057772532336266 8.5000000000000018 158.34816132858839 110.02008032128516 8.7028364998662049 8.2588391656987117 183.25000000000003 0.41077316397650382 0.75162337662337475 38.029411764705891 2.5000000000000004 0.059017027863777098 455.25000000000006 35.012292433056082 7.5000000000000009 0.29285714285714287 -0.83333333333333293 2.5000000000000004 496.05000000000007 9.4002967359050462 187.05000000000004
decision_type=10 2 10 8 8 2 2 10 2 10 10 8 10 10 2 10 8 2 10 10 2 10 8 2 10 2 8 8 10 10
left_child=1 9 3 15 5 16 -5 8 -8 26 11 12 14 -14 -6 22 -3 25 -13 20 24 -22 -2 -24 -11 -12 27 -1 -28 -30
right_child=2 4 -4 6 10 -7 7 -9 -10 19 17 18 13 -15 -16 -17 -18 -19 -20 -21 21 -23 23 -25 -26 -27 28 -29 29 -31
leaf_value=-0.22499374995300059 -0.30467653502341502 -0.40007818276805979 -0.86618425864678927 1.8414391683762084 0.32389424032443598 1.746420633398087 1.2131462488013032 1.6113269325481474 0.048319940842190899 0.60357856825260003 -0.68719597531787724 0.4406007748591993 -0.22590415471757949 0.8315132673092992 -0.37053846311684835 0.86258952741346562 0.71214541221914851 0.1735543078306547 -0.40300512133684507 -0.20943173595299994 -0.0064017880530001037 0.65858189425259961 0.11830321825260014 1.0437330416526001 -0.31128094995300043 -0.30993958297120616 -0.6701322940529999 0.5583857958270001 -0.76823229405299975 0.19176770594700016
leaf_weight=115.78129334747791 82.778049793094397 121.43304646015167 57.039449956268072 96.094201743602753 106.97163510322571 96.177934587001801 168.25996351987123 116.93388479948044 172.43582564592361 19.781728891655803 184.54485368728638 105.68502581119537 159.08344233036041 164.63934594392776 171.22674697637558 24.430399760603905 87.35273665189743 175.33855420351028 222.64247846603394 1340.5203710198402 88.647953812032938 53.002431342378259 100.03470689803362 43.402939705178142 194.01655011624098 289.53067123889923 1334.8459896035492 20.146238543093204 172.16012137569487 49.136921882629395
leaf_count=909 464 140 111 106 121 110 197 127 198 138 206 116 176 183 190 59 102 197 254 6962 595 171 498 189 951 318 7353 61 909 78
internal_value=-0.000117345 -0.000602671 0.00285058 0.00321967 0.000359165 0.00245572 0.00419053 0.00345157 0.00234951 -0.00113765 -4.68843e-05 0.000599103 0.00126134 0.00248361 -0.000164747 0.00106674 0.000941364 -0.000971723 -0.000615113 -0.000587638 0.000466827 0.00178175 0.000518194 0.00144964 -0.000408606 -0.00154526 -0.00168826 -0.00033111 -0.00180651 -0.000744976
internal_weight=6134.08 5272.67 861.409 804.37 1884.63 304.964 553.724 457.63 340.696 3388.04 1579.66 930.249 601.921 323.723 278.198 250.646 208.786 649.414 328.328 1695.97 355.449 141.65 226.216 143.438 213.798 474.076 1692.07 135.928 1556.14 221.297
internal_count=22189 20240 1949 1838 2113 352 628 522 395 18127 1761 1040 670 359 311 1210 242 721 370 8817 1855 766 1151 687 1089 524 9310 970 8340 987
is_linear=0
shrinkage=0.03


Tree=7
num_leaves=31
num_cat=0
split_feature=11 63 62 70 23 37 31 19 71 85 55 46 59 42 62 79 67 59 7 78 14 66 55 75 41 3 46 63 50 7
split_gain=9.02247 3.65124 2.31441 2.14588 2.41913 1.51288 1.42855 1.29143 1.22466 1.13201 1.04517 0.80524 0.786243 1.24355 0.771785 0.87381 1.18293 0.665567 0.566563 0.665457 0.531429 0.469828 0.56699 0.43361 0.423456 0.418363 0.400147 0.46761 0.393911 0.392144
threshold=38.31666666666667 535.80000000000007 489.95000000000005 41.566348973607042 10.52777777777778 9.0336006923322962 5.0284732502728469 2.4500000000000006 -7.5238095238095228 1.0000000180025095e-35 290.5428571428572 0.28217396638449271 9.2500000000000018 0.017416582406471186 455.25000000000006 77.500000000000014 45.901229557479567 6.5000000000000009 54.114435932576846 36.250000000000007 3.5000000000000004 19.500000000000004 188.7777777777778 190.12500000000003 1.697826086956522 52.900000000000006 0.25052301255230131 632.85000000000014 9.0687981004121614 36.515270763686495
decision_type=10 10 10 2 10 8 10 8 2 2 2 10 10 10 10 2 2 8 10 2 2 2 2 10 8 10 10 10 2 10
left_child=1 7 18 12 11 -6 -4 14 -8 -10 24 25 13 26 -1 16 20 21 19 29 -16 -9 -23 -14 -11 -5 27 -3 -7 -2
right_child=2 3 6 4 5 28 8 17 9 10 -12 -13 23 -15 15 -17 -18 -19 -20 -21 -22 22 -24 -25 -26 -27 -28 -29 -30 -31
leaf_value=-0.10108889631141053 -0.18787259818880983 -0.016137435711782059 1.5208845271249998 0.039699829129386445 1.0419475407339902 0.35510432184096019 1.4879955378454621 -0.24256929747440992 1.2259856078845959 0.31276393006901543 -0.18892378633188275 0.45901660341248945 -0.011334837512089564 0.50895494056791502 0.89028472212149368 -0.40108889631141054 1.1893687742414218 -0.53518532523141005 1.0873546492311903 0.61949193109856071 -0.49698299145441055 -0.33887808387440982 0.47909666660559036 -0.79210555829041607 1.1564696335081857 -0.46889569650048385 0.35715665329205237 -0.81333548088633256 0.43394495114754844 0.18019989637942188
leaf_weight=251.12335902452469 111.44972058013082 146.4662327170372 119.77835797145963 105.36691910028458 153.3952961564064 93.954320132732391 86.178179740905762 1365.4344766959548 145.78745865821838 83.86077219247818 114.46141135692596 134.09762477874756 147.22987949848175 134.00313252210617 32.272006282582879 34.820577036589384 39.71515085734427 1760.9411621149629 30.953258816152811 23.716172765940428 41.46718156337738 31.851468548178673 43.383408103138208 260.5354682803154 86.577983558177948 106.72758531570435 99.108686864376068 96.173564970493317 91.409478604793549 169.34858651645482
leaf_count=1733 558 168 141 113 168 102 97 7213 163 100 119 144 179 147 88 92 123 8487 147 130 154 232 127 264 105 117 110 112 99 715
internal_value=1.02641e-05 -0.000488495 0.00266033 0.000719264 0.00197824 0.00377662 0.00372163 -0.0010146 0.00302692 0.0023634 0.00125543 0.000212656 -0.000257893 0.000570174 0.000592698 0.00230125 0.00357 -0.00121524 0.000641134 0.000241543 0.00128452 -0.000736232 0.0015578 -0.00122305 0.00273828 -0.000936704 -0.000391743 -0.00104685 0.00193663 -0.000173243
internal_weight=6141.59 5169.48 972.112 1568.47 684.951 338.759 636.644 3601.01 516.866 430.688 284.9 346.192 883.517 475.752 399.398 148.275 113.454 3201.61 335.468 304.514 73.7392 1440.67 75.2349 407.765 170.439 212.095 341.748 242.64 185.364 280.798
internal_count=22247 19972 2275 1723 743 369 725 18249 584 487 324 374 980 537 2190 457 365 16059 1550 1403 242 7572 359 443 205 230 390 280 201 1273
is_linear=0
shrinkage=0.03


Tree=8
num_leaves=31
num_cat=0
split_feature=6 18 6 63 54 29 66 5 90 6 78 5 24 39 46 64 31 75 58 4 20 64 52 42 24 55 90 40 82 53
split_gain=8.08538 3.15493 2.58147 1.973 1.89238 1.3991 1.14587 1.17891 1.31167 1.20352 1.64334 1.11142 1.07866 1.75026 1.00563 0.959746 0.923671 0.880486 0.857343 0.741945 0.810711 0.563987 0.439006 0.42978 0.426738 0.919326 0.395486 0.365643 0.364246 0.358377
threshold=58.500285945581645 5.5000000000000009 33.768443695521015 535.80000000000007 164.45714285714288 18.310027100271004 1.0000000180025095e-35 57.341666666666676 58.500000000000007 71.78394884789094 30.450000000000003 44.806250000000006 15.050000000000002 24.25403225806452 0.37668378133494418 0.34641025641025647 6.5006254702068604 181.04166666666671 267.45000000000005 46.105555555555561 0.47222222222222227 0.32821344339622643 0.34101314140968653 0.2178852500634679 11.645833333333334 287.32777777777784 66.500000000000014 33.272441950214763 4.0500000000000007 0.43817051705170523
decision_type=10 8 10 10 2 10 2 10 2 10 2 10 8 10 8 2 10 10 2 10 10 2 10 8 8 2 2 8 2 10
left_child=2 4 24 11 21 12 -6 -8 9 10 -9 -4 13 15 28 19 -11 -16 -3 27 -21 -2 -14 -19 -1 26 29 -5 -13 -26
right_child=1 18 3 5 6 -7 7 8 -10 16 -12 14 22 -15 17 -17 -18 23 -20 20 -22 -23 -24 -25 25 -27 -28 -29 -30 -31
leaf_value=-0.57127276547446737 0.11623619625206501 -0.27820704467495744 -0.31937649137446739 0.18655396265232665 0.44522465292982205 0.89442250574118787 0.66065675495527554 2.1788730529475848 1.7204831979137278 1.2133808679886069 1.0389170724556176 0.58740828144982216 -0.004206635982633173 1.0849135839516064 0.040730830021163483 0.47279309156816796 0.74723021918143218 0.10142829504982259 0.48875970675142966 -0.20374976389457702 0.84201556165385294 0.8379970898813508 -0.52561344789258202 0.94327066970986806 -0.66127276547446734 0.55308762062753447 0.10366688884153248 -0.39215909337403682 -0.31617170495017743 -0.10005124630717759
leaf_weight=1130.1996494978666 160.91385840810835 187.05659622140229 1292.1992115806788 103.98581755161285 62.816415933892131 129.14643716812134 83.657136371359229 53.812946628779173 74.122995689511299 81.77770858258009 56.009537678211927 29.606659950688481 117.15124636888504 90.716523230075836 315.68607213720679 96.954320132732391 98.187870018184185 64.033649563789368 125.4455389380455 131.04569202661514 100.09762477874756 34.739367008209229 121.79683303833008 84.731323421001434 425.23236658237875 64.874010324478149 25.405392400920391 174.6078485250473 432.15824472159147 180.45059814304113
leaf_count=4520 694 658 6246 111 125 144 144 106 94 109 110 109 128 100 1755 105 124 98 132 144 110 170 135 131 2439 69 87 194 2225 903
internal_value=-7.52217e-05 0.00236414 -0.000561802 -5.88726e-05 0.00347362 0.00100161 0.00443389 0.00496541 0.00570284 0.00476186 0.00723314 -0.000568442 0.000595816 0.00119148 0.0002246 0.000606484 0.00322214 0.00120898 -0.000145606 8.36852e-05 0.00133716 0.000958848 -0.00114044 0.00310348 -0.00146567 -0.000879313 -0.0012297 -0.000957357 -0.000765982 -0.00138452
internal_weight=6128.62 1018.54 5110.08 3283.92 706.038 1065.5 510.385 447.568 363.911 289.788 109.822 2218.42 936.356 697.408 926.216 606.691 179.966 464.451 312.502 509.737 231.143 195.653 238.948 148.765 1826.16 695.962 631.088 278.594 461.765 605.683
internal_count=22219 2466 19753 11735 1676 1171 812 687 543 449 216 10564 1027 764 4318 664 233 1984 790 559 254 864 263 229 8018 3498 3429 305 2334 3342
is_linear=0
shrinkage=0.03


Tree=9
num_leaves=31
num_cat=0
split_feature=11 6 89 42 62 69 31 29 81 45 68 73 18 2 50 43 23 68 73 23 45 59 1 60 1 58 63 32 74 54
split_gain=9.30198 3.53309 2.78916 2.16643 2.13157 1.82818 1.44029 1.47493 1.38187 1.37049 1.3842 1.43267 1.01603 0.879133 0.86339 0.937217 0.819342 0.779893 0.631876 0.445406 0.411198 0.388995 0.387675 0.37546 0.570033 0.646145 0.37243 0.352964 0.494205 0.775504
threshold=49.250000000000007 33.768443695521015 2024.5000000000002 0.67800744109136024 576.45000000000016 4.5000000000000009 10.385491740347229 3.9800000000000004 16.250000000000004 0.080178571428571446 -1.9619401562797802 45.500000000000007 2.5000000000000004 61.833333333333336 8.7274566874627162 0.60652778599751445 26.236111111111114 2.7865401874750728 86.500000000000014 54.354166666666679 0.052747507535358222 2.2500000000000004 41.444722222222232 454.31666666666672 51.56442687747036 157.75833333333335 467.50000000000006 10.767948717948721 -4.8999999999999906 201.95000000000002
decision_type=10 10 2 10 10 2 8 10 2 10 2 2 10 10 2 10 10 2 2 10 10 10 10 10 10 2 8 10 8 2
left_child=1 27 12 6 13 -6 7 18 -7 14 -11 -12 22 -2 15 16 -9 -13 -4 -15 -8 -14 -3 26 25 -25 -24 -1 -29 -30
right_child=4 2 3 -5 5 8 20 9 -10 10 11 17 21 19 -16 -17 -18 -19 -20 -21 -22 -23 23 24 -26 -27 -28 28 29 -31
leaf_value=-0.55258983149309993 0.66504567745448495 -0.15119764582383396 0.1736819530889363 1.3164324461809955 1.5984864761208075 1.676153804184314 -0.69031549532678016 0.40795853394722897 1.4393773854449032 -0.039253767726423236 0.33509723796285129 1.1016931894365007 -0.022999207808943538 -0.18792361778693303 -0.4640598970627981 0.65050746940745385 -0.074065939458026975 0.66109722894282152 -0.53964125238306615 0.83060279871021458 -0.055116395055338926 -0.3431946942089435 0.14056294388289742 0.31172504664727357 -0.053191299142609692 1.0085958343035211 -0.45328046079187073 -0.42161678779013062 -0.38827122808525216 0.58016608924489288
leaf_weight=1659.6508416626602 51.520553287118673 163.3516910020262 160.70234078168869 88.796833038330078 95.017314970493317 99.573218584060669 147.97163510322571 96.940137684345245 94.842512905597687 107.82833045721054 100.24092942476273 92.716523230075836 358.69713820703328 67.606742739677429 154.63934594392776 92.066127359867096 177.16375213861465 95.748020648956299 137.70234078168869 54.833742972463369 141.37005162239075 1334.8315657489002 179.86635237187147 36.232647087424994 52.636406952515244 53.682456297799945 38.415003033354878 90.888889417052269 60.069986678659916 29.351100483909249
leaf_count=7460 165 875 177 102 101 107 162 112 100 120 112 102 2144 182 173 103 198 104 154 205 162 6671 1195 148 183 141 145 219 287 39
internal_value=-0.000130406 -0.000465707 5.55269e-05 0.00101243 0.00395113 0.00552485 0.000741832 0.00119447 0.00718676 0.00178996 0.00311679 0.0041968 -0.000632355 0.00131619 0.000775701 0.00156827 0.000682358 0.00573232 -0.000636019 -7.59677e-05 -0.00115762 -0.000989469 0.00052109 0.00106912 0.00226092 0.00369944 0.000284034 -0.00154492 -0.000282548 0.00129373
internal_weight=6114.95 5651.56 3811.6 1593.89 463.394 289.433 1505.09 1215.75 194.416 917.343 396.534 288.705 2217.71 173.961 520.809 366.17 274.104 188.465 298.405 122.44 289.342 1693.53 524.185 360.833 142.552 89.9151 218.281 1839.96 180.31 89.4211
internal_count=22148 21288 13283 1781 860 308 1679 1355 207 1024 438 318 11502 552 586 413 310 206 331 387 324 8815 2687 1812 472 289 1340 8005 545 326
is_linear=0
shrinkage=0.03


Tree=10
num_leaves=31
num_cat=0
split_feature=5 19 89 52 17 16 89 1 23 23 61 74 46 58 54 5 66 71 15 49 46 58 15 65 29 73 50 42 74 64
split_gain=8.30443 2.58748 2.39271 1.77407 1.82221 2.04799 1.62341 1.8171 1.71609 1.24713 0.887413 0.86279 0.836484 0.769457 0.745924 0.735972 0.715806 0.591965 0.561614 1.32998 0.549057 0.511942 0.702553 0.470306 0.555116 1.0111 1.09589 0.413885 0.679592 0.445097
threshold=50.853571428571435 5.2250000000000005 2024.5000000000002 0.30652387419065402 3.5000000000000004 7.5000000000000009 2024.5000000000002 40.150471698113215 8.8166666666666682 24.683333333333337 667.20000000000016 -2.5479166666666653 0.30022421524663684 228.15714285714287 169.95000000000002 44.975000000000009 8.5000000000000018 -0.61268458000484027 48.292857142857152 141.03534499818022 0.28602894902454379 150.70555555555561 59.408333333333339 3.5000000000000004 6.2554347826086962 78.500000000000014 8.4894804867978113 0.26096575606002315 -9.2833333333333297 0.057088538837588278
decision_type=10 8 2 10 10 2 2 8 10 10 8 10 10 2 2 10 2 2 10 2 8 2 8 10 10 2 2 8 10 2
left_child=6 2 16 17 -5 -6 15 14 20 -10 12 -11 23 -14 -8 -1 -2 -4 -16 -20 -9 22 -18 -3 -25 26 -26 -17 29 -29
right_child=1 10 3 4 5 -7 7 8 9 11 -12 -13 13 -15 18 27 21 -19 19 -21 -22 -23 -24 24 25 -27 -28 28 -30 -31
leaf_value=-0.42562285338267514 0.02379884944484047 -0.58800627732358535 1.3909199994007242 0.27596657425085852 0.44634042092482329 1.3640670510386572 0.27377046631377322 -0.42301020399669553 1.073865250541419 -0.24920354734950337 0.67005230708202601 1.0736093712650665 -0.056849159495661321 0.6030585052258508 -0.41497654420595209 -0.1956634929754037 1.2093071329594669 1.5523035754865937 0.43302609124037106 -0.56305547568535697 0.26768788771683161 0.20611221097545609 0.77653470274277114 -0.5105218605593782 -0.46163329490366106 -0.27179071297540386 0.87624082603640208 0.12428696437039505 -0.070590065486413348 0.76603906072701933
leaf_weight=2530.9044238515198 295.32788852602243 103.27269495651126 95.017314970493317 159.87714284658432 120.76533561944962 116.41573148965836 156.83146297931671 116.73383820056915 146.02044749259949 108.41573148965836 54.036217726767063 92.272426843643188 102.90470217913389 86.541720032691956 576.06447499990463 310.92940915934741 22.921551220118999 99.636213421821594 102.97163510322571 88.590533554553986 91.303924262523651 54.239492820575833 27.365261543542147 150.84762530960143 26.296186992898583 64.130463004112244 40.376502243801951 38.039792453870177 141.10271371714771 27.460808556526899
leaf_count=13649 1580 311 101 177 135 129 182 132 165 121 57 103 599 96 646 1551 124 105 117 102 101 159 128 294 184 78 87 171 769 92
internal_value=-0.000117595 0.0017251 0.00267881 0.00388884 0.00272715 0.00439016 -0.000777139 3.83797e-05 0.0013943 0.00268403 0.000218366 0.00113966 -0.000130108 0.00149705 -0.000775906 -0.00117274 0.00088296 0.00623241 -0.00116098 0.000245295 -0.000757668 0.00300378 0.00515478 -0.000932742 -0.00029441 0.00113125 0.00369256 -0.000141597 0.000896628 0.00339704
internal_weight=6147.61 1619.97 991.566 591.712 397.058 237.181 4527.64 1479.2 554.746 346.709 628.406 200.688 574.37 189.446 924.458 3048.44 399.854 194.654 767.627 191.562 208.038 104.526 50.2868 384.923 281.651 130.803 66.6727 517.533 206.603 65.5006
internal_count=22245 4344 2638 647 441 264 17901 1669 622 389 1706 224 1649 695 1047 16232 1991 206 865 219 233 411 252 954 643 349 271 2583 1032 263
is_linear=0
shrinkage=0.03


Tree=11
num_leaves=31
num_cat=0
split_feature=6 89 19 42 23 29 2 62 30 63 5 31 29 67 72 64 1 1 66 53 63 62 80 63 37 18 73 36 28 52
split_gain=7.44456 2.46595 2.34698 2.13361 1.48999 1.39629 1.37663 1.33785 1.21142 1.1608 1.11142 1.05385 1.37312 1.68995 1.05398 1.29739 0.923544 0.763763 0.617448 1.1064 0.579093 0.558292 0.749706 0.57734 0.508556 0.472329 0.504018 0.467598 0.452679 0.730041
threshold=58.500285945581645 2024.5000000000002 2.5500000000000003 0.10025125628140706 23.267857142857146 18.310027100271004 33.833333333333336 642.85000000000014 24.460887563713289 489.98333333333341 43.341666666666676 8.8377965703547119 4.6055555555555561 43.657216100397925 172.97500000000002 0.068104514533085983 43.093520174915533 44.193168771526992 7.5000000000000009 0.16527454632617899 657.45000000000016 667.00000000000011 22.050000000000004 610.20000000000016 8.9722198405213067 2.5000000000000004 86.500000000000014 1.5104166666666667 34.626368613138695 0.32697767936093586
decision_type=10 2 8 10 10 10 10 10 10 10 10 10 10 2 10 2 10 10 2 10 8 10 2 10 8 8 2 10 10 10
left_child=1 10 5 11 6 -2 -5 16 9 -7 25 12 20 14 -14 -16 -4 -6 -12 -20 21 22 23 -3 -13 26 -1 -27 -18 -30
right_child=2 3 7 4 17 8 -8 -9 -10 -11 18 24 13 -15 15 -17 28 -19 19 -21 -22 -23 -24 -25 -26 27 -28 -29 29 -31
leaf_value=-0.14233742830027069 1.4218561971809294 -0.5413570626284111 0.99543569656651976 0.49603606614984969 -0.21783585313435552 0.35930223091985142 0.93378338445795417 0.67607312903190597 -0.31797227956726887 1.5312050364796355 -0.14592080818614192 -0.24277690501799937 -0.48729732021549954 0.77230038126957823 0.55143245871142499 -0.29986631403986636 -0.16153350367887995 0.8061400799483549 0.80929297468537464 0.058593870061791758 -0.52880968676741302 -0.58306571403211338 0.63638739780105447 0.29508171990352577 -0.55240561464162952 -0.68013016778119473 0.58278008557685002 -0.35013016778119477 0.86746855879318319 -0.030546428778451255
leaf_weight=222.26685763150454 116.41607665456831 129.91177278757095 59.704276490956545 93.066127359867096 138.27555936574936 100.76772326789796 97.034629940986633 131.1118072271347 44.846288478001952 150.10978177189827 749.08800707384944 118.40154904127121 94.670843362808228 99.510223746299744 128.35273665189743 119.79683303833008 314.66677219606936 104.90864026546478 31.283994238823652 205.21700803935528 108.08030980825424 89.318106710910797 90.177934587001801 87.255111873149872 263.62516349554062 875.66637195274234 21.955783516168594 1236.8514640983194 30.874993789941072 64.479187175631523
leaf_count=1549 156 159 111 104 162 467 109 134 120 179 3990 138 112 109 143 133 960 121 148 873 112 92 104 92 289 4698 43 6418 150 203
internal_value=-7.47975e-05 -0.000541081 0.00227317 0.000366818 0.00219241 0.00401422 0.00417497 0.00107423 0.00290176 0.00371158 -0.00101978 -0.000229522 0.000307201 0.00152571 0.000521179 0.00154759 0.000323381 0.000631857 -0.000173588 0.00115971 -0.00076154 -0.000228592 0.000379613 -0.000576479 -0.00155743 -0.00137343 -0.000123776 -0.00151777 -0.000187469 0.00161291
internal_weight=6117.69 5104.72 1012.98 1762.39 433.285 412.14 190.101 600.837 295.724 250.878 3342.33 1329.1 947.074 442.331 342.82 248.15 469.725 243.184 985.589 236.501 504.743 396.663 307.345 217.167 382.027 2356.74 244.223 2112.52 410.021 95.3542
internal_count=22178 19698 2480 1979 496 922 213 1558 766 646 17719 1483 1056 497 388 276 1424 283 5011 1021 559 447 355 251 427 12708 1592 11116 1313 353
is_linear=0
shrinkage=0.03


Tree=12
num_leaves=31
num_cat=0
split_feature=6 11 52 72 89 20 67 55 63 17 40 24 34 82 67 66 50 26 3 62 13 35 22 72 42 52 86 7 7 55
split_gain=6.33537 2.56607 3.24398 1.84767 1.17029 1.34548 1.61172 1.1577 0.997862 0.929947 0.877444 1.69498 1.29467 0.82771 0.791355 0.534312 0.495152 0.44316 0.420438 0.411823 0.487387 0.700726 0.523115 0.453251 0.408004 0.356165 0.341628 0.32711 0.414688 0.458548
threshold=48.721760451295282 51.050000000000004 0.34456145709845792 177.97500000000002 2024.5000000000002 0.95000000000000007 41.31251770509396 221.12500000000003 653.35000000000014 3.5000000000000004 38.465312901034203 16.527777777777782 20.954545454545457 9.0500000000000025 49.00462962962964 22.500000000000004 9.7055923352937281 5.0878274268104784 25.633333333333336 672.20000000000016 0.82857142857142863 32.294901656314714 127.12207507033557 187.55000000000004 0.2540002560163851 0.52645203776348437 1.0000000180025095e-35 48.996122244108626 42.233280500512883 168.55000000000004
decision_type=10 10 8 10 2 8 2 2 10 10 8 8 10 2 2 2 2 10 10 10 10 8 10 10 8 10 2 10 8 2
left_child=4 7 3 -3 14 19 17 15 10 -4 12 -12 13 -9 18 24 -16 -7 -1 20 23 22 -22 -6 25 -2 27 28 29 -26
right_child=1 2 9 -5 5 6 -8 8 -10 -11 11 -13 -14 -15 16 -17 -18 -19 -20 -21 21 -23 -24 -25 26 -27 -28 -29 -30 -31
leaf_value=-0.63428429693052479 -0.29091687726516768 0.78897187945887792 -0.17288397594780505 2.1502077878042831 -0.15700095352251622 0.43346205060241216 1.1245881727209985 0.45119167900737522 -0.094733601810800303 0.62015860115915644 1.3925078616817146 0.25923630452132795 0.96248400123573097 -0.33593641328615986 0.023585310005910003 0.48774068911157514 0.73408347498399906 -0.35260929023254739 -0.30650663968983266 -0.54092197706474476 -0.27780324192813449 -0.42479719053215875 0.29761325936558036 0.50813107651074896 0.62466224413932003 0.68460522641030208 -0.24860454332135035 0.84144450202938781 -0.59970959539780822 0.11861514519580339
leaf_weight=857.43918517418206 352.1240435000509 58.775682710111141 93.737808126956224 146.92354627326131 89.765335619449615 108.41573148965836 92.35273665189743 150.4724568426609 182.95432013273239 129.03084322437644 126.2855940181762 118.94048923254013 86.910612190142274 172.36693141795695 214.92407356202602 43.7494838796556 22.719910930842161 94.828330457210541 1704.2527166716754 120.39841651916504 160.06925988197327 413.52275383472443 118.14643716812134 87.954320132732391 33.112995594739914 27.282904073596001 119.74948763102293 24.772660672664642 55.13423933647573 94.031587645411491
leaf_count=4896 1942 174 190 182 104 121 107 173 191 197 153 158 106 211 1193 166 83 107 8901 127 184 475 133 96 222 161 588 116 248 383
internal_value=-0.000136585 0.00123899 0.00329655 0.00600361 -0.000815742 -6.62992e-05 0.00170638 0.000682064 0.00144772 0.000781261 0.00199421 0.00341078 0.00114019 0.000260455 -0.00115974 -0.000174195 0.000494566 0.000206561 -0.00131334 -0.000596855 -0.000367855 -0.000727848 0.000435409 0.00102958 -0.00037513 -0.00104315 0.000401245 0.00113691 0.000685499 0.00162428
internal_weight=6101.14 2016.36 428.468 205.699 4084.79 1285.45 295.597 1587.89 837.93 222.769 654.976 245.226 409.75 322.839 2799.34 749.957 237.644 203.244 2561.69 989.857 869.458 691.738 278.216 177.72 706.208 379.407 326.801 207.051 182.279 127.145
internal_count=22088 5561 743 356 16527 1454 335 4818 992 387 801 311 490 384 15073 3826 1276 228 13797 1119 992 792 317 200 3660 2103 1557 969 853 605
is_linear=0
shrinkage=0.03


Tree=13
num_leaves=31
num_cat=0
split_feature=6 19 6 55 54 2 19 58 51 69 18 23 25 82 52 68 31 41 5 23 63 73 2 74 42 30 89 74 63 28
split_gain=6.53853 2.03161 2.02048 1.61192 1.17745 1.51014 1.05814 0.957368 0.899707 0.780248 0.736238 1.01256 0.556008 0.966672 0.648914 0.512297 0.483032 0.729475 0.864 0.470713 0.719968 1.79866 0.553323 0.958478 0.459544 1.16648 0.398709 0.650299 0.377274 0.580937
threshold=58.500285945581645 2.5500000000000003 32.571694719637456 226.35158730158733 176.10714285714289 73.166666666666671 3.2250000000000005 267.45000000000005 7.5977560198073304 5.5000000000000009 2.5000000000000004 18.414285714285715 21.22545761554905 12.15 0.34101314140968653 -3.8879310344827576 8.3376781369482114 3.5676379504504512 42.51315789473685 21.732142857142861 615.50000000000011 94.500000000000014 67.833333333333357 -5.200000000000002 0.63362557629808791 21.808776585515947 2025.5000000000002 -7.4416666666666762 465.63333333333338 26.336538461538463
decision_type=10 8 10 2 2 10 8 2 2 2 10 8 8 2 10 2 10 10 10 10 10 2 8 10 10 10 2 10 10 8
left_child=2 4 -1 10 24 -6 9 19 -8 -5 11 -4 13 16 -15 28 17 18 -10 -3 21 22 23 -21 25 -2 27 -14 -12 -30
right_child=1 7 3 6 5 -7 8 -9 12 -11 15 -13 26 14 -16 -17 -18 -19 -20 20 -22 -23 -24 -25 -26 -27 -28 -29 29 -31
leaf_value=-0.46525576802260882 0.3005505683748268 -0.30013545974763217 0.98781031573877998 0.33045957643250573 1.6069355325190446 1.4663418201693093 0.51784168302171918 0.59060734734104481 0.51862355446088571 1.3805487253801336 -0.22561132792197056 0.037043500417931058 -0.42133106355706385 0.021918225409827415 0.61640888894732582 -0.29437658272435413 -0.55615197174944597 -0.40390581428730649 -0.095438946861725216 -0.31157017328247033 -0.0807952427925612 1.6233052520285045 -0.10967017328247024 1.4104776394102345 -0.51791370956017391 1.1016792687630488 -0.39309814175417634 0.44423016012121153 0.42006903664658396 -0.21279918538495707
leaf_weight=1613.7711314354092 102.97580643370748 140.72111325152218 24.385056266561151 90.289653992280364 94.649220572784543 142.45427155867219 135.22803523391485 171.81101548671722 98.262695357203484 85.43695305287838 262.5887693259865 442.23546735197306 69.127028293907642 84.723397761583328 91.789790729060769 1350.2178954854608 98.689119249582291 99.059281289577484 111.35688833892345 24.507506752386689 103.63621342182159 36.970191419124603 114.50958897732198 26.259732320904732 29.115566246211529 27.900761852040887 198 96.697449162602425 59.70402816683054 53.819502359256148
leaf_count=7122 377 539 140 121 137 195 180 178 126 114 1441 2306 99 106 112 6799 113 112 125 108 109 46 431 154 77 120 198 132 147 120
internal_value=-9.96594e-05 0.00209619 -0.000540212 -0.000130398 0.00376826 0.00510765 0.000724992 0.00101817 0.000373371 0.00287752 -0.000621462 0.000435116 4.56297e-05 0.000618874 0.0024665 -0.000907138 -0.000185784 0.000399376 0.00140017 0.000283844 0.00094366 0.00198222 0.000625579 0.0032002 0.00176394 0.00251947 -0.000873512 0.000211729 7.19377e-05 0.00150942
internal_weight=6080.89 1015.51 5065.38 3451.61 397.096 237.103 1258.66 618.415 1082.93 175.727 2192.95 466.621 947.706 583.881 176.513 1726.33 407.368 308.679 209.62 446.604 305.883 202.247 165.277 50.7672 159.992 130.877 363.824 165.824 376.112 113.524
internal_count=22084 2471 19613 12491 906 332 1538 1565 1303 235 10953 2446 1123 694 218 8507 476 363 251 1387 848 739 693 262 574 497 429 231 1708 267
is_linear=0
shrinkage=0.03


Tree=14
num_leaves=31
num_cat=0
split_feature=5 11 52 78 6 15 62 89 6 23 90 26 15 42 19 23 7 53 50 24 80 82 7 33 70 64 28 3 42 37
split_gain=5.34958 2.08825 1.93809 1.70283 1.38741 1.11277 1.11036 0.958886 1.40211 1.06038 1.35725 0.727212 0.841332 0.66273 0.648208 1.02762 0.831012 0.708034 0.773102 0.748479 1.26719 0.938977 0.590713 0.585491 0.480858 0.433122 0.418321 0.49716 0.410847 0.485971
threshold=49.353571428571435 49.250000000000007 0.34456145709845792 34.45000000000001 33.768443695521015 70.792857142857159 694.05000000000007 2024.5000000000002 35.556999132811178 32.527777777777786 18.500000000000004 8.1844763423710809 77.045454545454561 0.015444245676803818 2.4500000000000006 25.050000000000004 46.328123155432678 0.48329897298827956 7.9778363080542922 14.612500000000002 24.250000000000004 6.6500000000000012 48.548171951887788 1.267857142857143 42.502702702702713 0.020314885889975653 32.175191815856785 57.100000000000009 0.063537939260482623 9.4405882352941202
decision_type=10 10 8 2 10 10 10 2 10 8 2 10 10 8 8 10 8 10 2 8 2 2 10 8 2 2 10 10 8 10
left_child=4 6 3 5 -1 -3 14 28 -9 10 -10 12 -4 -12 15 -2 17 18 -16 20 21 -20 25 -23 -19 -17 -27 -28 -6 -30
right_child=1 2 11 -5 7 -7 -8 8 9 -11 13 -13 -14 -15 16 22 -18 24 19 -21 -22 23 -24 -25 -26 26 27 -29 29 -31
leaf_value=-0.45553474055694859 1.2864521187511775 1.5195706639954913 1.2813970456327841 2.2570744853588907 -0.32159976607533364 0.33733030164136396 0.41881680760201268 0.63437211786436054 0.58041476395716884 -0.35593274696016036 -0.32694442575582738 -0.10601982635223968 -0.022019659352886547 0.40390033215901294 -0.212182264386405 -0.67575182994767302 -0.41877005712547966 0.27472692158671724 0.83842223830173856 0.10933784760523087 0.68839321539641363 0.49921649580778787 0.90054882143246429 -0.45933166427502453 -0.56388450246477728 -0.13543950422248868 0.69776235010430321 -0.043625088787970438 -0.1534599660753338 0.30446043339049778
leaf_weight=1817.2339941225946 46.793123252689838 50.747501345351338 58.977230321615934 71.392227118834853 781.05269263125956 106.68151247687638 66.905507743358612 91.177934587001801 138.84564542770386 290.51648879051208 210.38736659288406 116.16033206693828 51.525321843102574 149.10075730085373 139.48227144032717 43.731147814542055 247.32105549238622 39.661273565143347 65.771883485838771 216.30154757201672 52.451282635331154 69.28111295774579 34.619404148310423 66.950625790283084 122.98710594512522 51.044925706461072 54.941734459251165 48.06092375703156 689.58708365261555 111.8569257799536
leaf_count=7955 120 117 158 103 4011 190 70 105 157 326 237 177 96 172 826 172 751 85 96 546 113 194 105 183 373 168 198 173 3646 466
internal_value=-0.000141394 0.00121971 0.00297662 0.00491848 -0.000720932 0.00314173 0.000632256 -0.00025673 0.000536731 0.000127463 0.000966654 0.00100329 0.00273444 -8.84709e-06 0.000436467 0.00171455 8.53686e-05 0.00056982 0.00103843 0.00161892 0.00271858 0.0016224 0.000886483 0.000192542 -0.00118394 0.000244716 0.00099383 0.00208768 -0.000698035 -0.000220381
internal_weight=6101.55 1821.79 455.484 228.821 4279.76 157.429 1366.3 2462.52 880.028 788.85 498.334 226.663 110.503 359.488 1299.4 279.191 1020.21 772.887 610.239 470.756 254.455 202.004 232.398 136.232 162.648 197.779 154.048 103.003 1582.5 801.444
internal_count=22089 5014 841 410 17075 307 4173 9120 997 892 566 431 254 409 4103 936 3167 2416 1958 1132 586 473 816 377 458 711 539 371 8123 4112
is_linear=0
shrinkage=0.03


Tree=15
num_leaves=31
num_cat=0
split_feature=6 35 67 2 55 55 66 78 78 58 39 48 55 29 66 37 19 63 55 54 82 52 61 5 46 74 7 67 6 53
split_gain=5.60504 2.00281 1.79793 1.11174 1.00626 1.05523 0.987474 1.15333 0.859601 1.21351 0.932448 0.811698 0.776859 1.26478 0.719476 0.689089 0.68365 0.669814 0.931685 0.660578 0.579693 0.473246 0.697929 0.4618 0.547149 0.52455 0.413884 0.438276 0.408346 0.407019
threshold=58.500285945581645 21.940522036799319 42.304512757109144 61.166666666666679 226.35158730158733 304.72857142857146 17.500000000000004 35.750000000000007 30.350000000000005 275.06388888888893 25.512111620696341 142.11313689809634 287.32777777777784 13.504098360655741 5.5000000000000009 8.8934908911866106 4.5500000000000007 618.10000000000014 264.06250000000006 185.79642857142861 5.5500000000000007 0.52645203776348437 445.05000000000007 48.552777777777784 0.083527131782945754 -10.974999999999993 51.302436505990372 49.815901360544224 34.870853327362518 0.35147190241477361
decision_type=10 10 2 10 2 2 2 2 2 2 10 2 2 8 2 8 8 8 2 2 2 10 8 10 8 8 8 2 10 8
left_child=2 3 12 19 16 11 7 17 -3 10 29 14 28 -14 15 -6 20 18 26 -2 -4 -18 -23 -22 -25 -26 27 -5 -1 -10
right_child=1 8 4 6 5 -7 -8 -9 9 -11 -12 -13 13 -15 -16 -17 21 -19 -20 -21 23 22 -24 24 25 -27 -28 -29 -30 -31
leaf_value=-0.51773205276522172 0.65675931827439904 -0.2764146001524041 0.71555346470420078 1.2008493477228157 0.35634575521888662 -0.12326100912700493 1.0077326390519712 0.8467033959911775 0.058904513908499018 1.0145086364879519 0.66561155344381051 0.98771704716771069 -0.23562435055225825 0.61735788242613998 0.59484535901752933 -0.40646993926482861 -0.29748090075861211 -0.08609735651550926 1.574391582705142 1.7742737141421405 -0.094273373783852601 -0.36634244052745402 0.74476375009556506 -0.39760594213427508 0.7922175388868079 0.086901076945975 -0.36899857104762163 0.20694993254957778 -0.18849445960887282 -0.55528428665530793
leaf_weight=1607.8236497677863 49.88536511734128 188.51769289001822 40.798043051734567 30.890368467196822 93.12579826824367 128.08030980825424 66.628564581274986 59.357226086780429 61.046094132587314 70.318106710910797 27.584239711984992 136.14646229334176 310.4960412979126 141.95432013273239 142.38448840379715 106.68235881812871 566.9362317584455 109.79842082411051 78.048564970493317 73.364052860066295 253.28284231200814 24.317567471414804 18.243043299764395 26.072547001764178 55.793471122160554 102.76600078307092 51.755723198875785 66.256788328289986 1306.80625904724 76.802793525159359
leaf_count=7719 161 654 175 105 129 132 109 93 289 73 96 168 327 150 177 132 2917 114 86 90 1440 204 68 143 157 607 133 225 4952 231
internal_value=-0.000169837 0.00186928 -0.000577109 0.00300437 0.000219794 0.00119804 0.002321 0.0017436 0.000298168 0.00150287 9.20936e-05 0.0018449 -0.000978131 0.000178098 0.00105965 -0.000103442 -0.000325945 0.00105562 0.00198341 0.00553074 0.000521916 -0.000991639 0.00202695 0.000199258 0.00133648 0.00199961 0.000581789 0.00173033 -0.00115762 -0.000924254
internal_weight=6071.96 1010.25 5061.71 585.985 1694.63 606.419 462.736 396.107 424.269 235.751 165.433 478.339 3367.08 452.45 342.193 199.808 1088.21 336.75 226.951 123.249 478.713 609.497 42.5606 437.915 184.632 158.559 148.903 97.1472 2914.63 137.849
internal_count=22056 2459 19597 1116 6449 738 865 756 1343 689 616 606 13148 477 438 261 5711 663 549 251 2522 3189 272 2347 907 764 463 330 12671 520
is_linear=0
shrinkage=0.03


Tree=16
num_leaves=31
num_cat=0
split_feature=11 5 42 2 66 2 64 55 31 2 24 24 89 45 46 39 19 18 39 36 79 23 35 88 82 52 2 72 45 82
split_gain=5.28306 2.64934 1.56809 1.44967 1.21122 1.1798 1.15433 1.07967 1.2334 0.850073 0.728014 0.867903 1.1375 0.743536 0.741381 0.891929 0.654891 0.615189 0.649094 0.581969 0.569496 0.522439 0.508762 0.677584 0.479073 0.472612 0.461534 0.75694 0.538682 0.807194
threshold=49.250000000000007 44.975000000000009 0.68670682730923704 53.416666666666679 15.500000000000002 46.416666666666679 0.31776392676275816 287.32777777777784 9.277184307505717 46.833333333333336 7.2111111111111121 14.612500000000002 2024.5000000000002 0.080178571428571446 0.28217396638449271 19.460769230769234 1.4500000000000002 2.5000000000000004 23.975534939398475 1.5104166666666667 78.500000000000014 43.211111111111116 24.117039096190172 1.0000000180025095e-35 7.6500000000000012 0.32120189462411486 43.166666666666679 193.29166666666671 0.12526150627615065 14.750000000000002
decision_type=10 10 10 10 2 10 2 2 10 8 10 10 2 10 10 10 10 8 10 10 2 10 10 2 2 10 10 8 10 2
left_child=1 7 10 -4 5 -2 16 17 9 25 14 12 -12 -14 -3 20 -7 18 -1 -19 24 -18 23 -21 -16 -9 -24 28 29 -28
right_child=4 2 3 -5 -6 6 -8 8 -10 -11 11 -13 13 -15 15 -17 21 19 -20 22 -22 -23 26 -25 -26 -27 27 -29 -30 -31
leaf_value=-0.044737029689693487 1.6671360101305339 -0.36004802487314491 1.2535133889769086 0.034504807860615189 0.95168941075481439 1.3307457176275197 1.3824099382083435 -0.26467211253189776 -0.62676900109302958 0.52983281389168069 0.010867526264146363 0.045147963031784852 0.243936849280455 0.64777307233120673 0.22117702344841816 0.82756679215171125 -0.37393016779857874 -0.53220009118226497 0.4929578235674657 -0.53424886523760495 0.53727876318533918 0.26441984594388018 -0.44471997900172183 0.48165896054587987 -0.28260781641224619 0.5716505646598552 -0.092118372547980248 0.54625412320051325 -0.33321472904618843 0.83568230671493493
leaf_weight=278.25712411478162 52.33390199393034 391.30584627948701 54.362341964617372 53.202774923294783 92.311862215399742 74.923801755532622 58.052594384178519 103.57321858406067 120.36691910028458 104.66771084070206 169.62479489855468 822.22766916453838 99.891325294971466 106.54172116518021 60.176606334745884 39.730929588899016 75.284904120489955 1217.7935443464667 30.038755832239985 56.298933429643512 39.471917741000652 131.88810655288398 1107.8885966595262 74.486719608306885 150.56753528863192 105.25511187314987 67.289567394182086 29.78667732141912 311.79452727548778 37.492932761088014
leaf_count=1619 98 953 167 134 151 144 102 111 128 109 994 2990 110 115 158 118 91 5309 184 409 106 305 5073 106 550 110 286 79 1217 154
internal_value=-0.00013152 -0.000390368 0.000490709 0.00399645 0.00287026 0.00213289 0.00147741 -0.000870699 0.000532961 0.00152325 0.000288059 0.000733022 0.00192481 0.00341486 -0.000494534 0.00065391 0.000676408 -0.00106046 0.000213085 -0.00119574 -1.61938e-05 -0.00019617 -0.000833808 0.000957753 -0.000639364 0.000411674 -0.000985082 -0.000170114 -0.000504437 0.00134789
internal_weight=6116.89 5632.09 1987.1 107.565 484.795 392.483 340.149 3644.99 433.863 313.496 1879.54 1198.29 376.058 206.433 681.253 289.947 282.097 3211.13 308.296 2902.83 250.216 207.173 1685.04 130.786 210.744 208.828 1554.25 446.364 416.577 104.783
internal_count=22180 21289 6395 301 891 740 642 14894 458 330 6094 4209 1219 225 1885 932 540 14436 1803 12633 814 396 7324 515 708 221 6809 1736 1657 440
is_linear=0
shrinkage=0.03


Tree=17
num_leaves=31
num_cat=0
split_feature=11 67 15 75 73 55 80 22 80 6 75 30 22 58 42 11 75 75 28 74 29 39 22 24 59 11 52 30 74 60
split_gain=5.32867 2.24313 1.7938 1.63235 1.32524 1.18635 1.73245 1.11289 1.39775 1.10046 1.03766 0.8068 1.37903 0.823647 0.736795 0.636337 0.575287 1.07433 0.637884 0.656838 0.545361 0.675829 0.515073 0.731808 0.512332 0.511137 0.671919 0.50721 0.498612 0.409002
threshold=49.250000000000007 44.872732426303862 95.708333333333357 190.25833333333335 50.500000000000007 222.89285714285717 7.2500000000000009 163.17894736842109 20.050000000000004 58.884838912489094 183.56666666666669 8.6180371352785166 139.51751468795035 263.79682539682545 0.05277081592871067 38.31666666666667 186.72500000000002 191.63333333333335 46.256451042771303 -8.3869047619047716 6.011111111111112 27.012500000000003 158.8421444527178 10.950000000000001 8.5000000000000018 12.950000000000001 0.52645203776348437 19.661969148733579 -16.508333333333336 522.75000000000011
decision_type=10 2 10 10 2 2 2 10 2 10 10 10 10 2 10 10 8 10 8 10 10 8 8 10 8 10 10 10 8 10
left_child=1 9 3 7 -5 25 -7 8 10 16 -2 -8 14 15 -13 -14 24 18 19 27 -19 -22 23 -21 -1 26 -3 29 -27 -18
right_child=2 5 -4 4 -6 6 11 -9 -10 -11 -12 12 13 -15 -16 -17 17 20 -20 22 21 -23 -24 -25 -26 28 -28 -29 -30 -31
leaf_value=-0.21380537240454955 0.44591559397669411 -0.44108510178470794 -0.30883045734814402 0.76637522112870193 1.5308253103561016 1.3643646912431913 -0.23487851643499807 -0.067032368791589081 -0.00093713567584941871 0.4774311010884722 1.6753174745789743 0.66393211842931588 -0.376592286493872 0.43951602556070557 0.35843243270655872 0.43972830703269905 -0.35990956266340146 -0.53487647891264267 0.52116040028977895 0.068893179109075928 0.3168886886784304 -0.48893408844679725 -0.25439465076590206 0.64813102465211303 -0.54644882152943519 -0.3559117188597824 0.62547570549280151 0.07710891155320268 0.19320691486339753 -0.4292747646124519
leaf_weight=1383.3767187837511 33.343188127502799 355.3124356418848 78.752440480515361 95.954565286636353 117.90913057327271 103.21390080451965 167.14893201366067 72.182258008047938 63.162467565387487 97.267049932852387 30.803576231002808 96.402666218578815 116.4180426504463 88.69920825958252 90.945345738902688 78.029595285654068 200.76369589567184 256.99853664636612 86.515240371227264 147.06737744808197 133.54877322912216 196.27253985404968 98.500411748886108 87.131558656692505 984.04137929715216 83.366239966824651 30.0591636672616 91.507657408714294 505.48170772194862 120.27580451965332
leaf_count=7829 167 1968 121 99 124 128 192 144 196 182 39 118 158 92 119 92 294 345 127 175 156 232 124 106 5099 225 182 123 3103 139
internal_value=-0.000135551 -0.000398821 0.00285421 0.00364345 0.00545955 0.000504576 0.00140851 0.00167898 0.00335682 -0.000797841 0.00643997 0.000821 0.00145629 0.000132551 0.00344557 -0.000960214 -0.000878992 -0.000400866 0.00029261 8.0719e-06 -0.00138263 -0.000572438 0.000998217 0.00176151 -0.0011652 -0.000183569 -0.00103158 -0.000790915 0.000372222 -0.00135181
internal_weight=6090.45 5598.34 492.108 413.355 213.864 1715.08 740.858 199.491 127.309 3883.27 64.1468 637.644 470.495 283.147 187.348 194.448 3786 1418.58 831.762 745.247 586.82 329.821 332.699 234.199 2367.42 974.22 385.372 412.547 588.848 321.04
internal_count=22198 21308 890 769 223 6377 899 546 402 14931 206 771 579 342 237 250 14749 1821 1088 961 733 388 405 281 12928 5478 2150 556 3328 433
is_linear=0
shrinkage=0.03


Tree=18
num_leaves=31
num_cat=0
split_feature=6 1 62 18 6 89 44 55 24 0 36 42 55 31 75 0 18 63 12 47 58 37 21 58 7 56 63 47 35 55
split_gain=5.61128 1.74925 1.52425 1.95522 1.25624 1.10261 1.12653 0.941559 0.798279 0.71827 0.895198 0.647199 0.645129 0.761269 0.781883 1.32919 0.55339 0.534096 0.543437 0.542017 0.546908 0.524426 0.431517 0.429656 0.422656 0.57781 0.395318 0.406522 0.554223 0.759051
threshold=58.500285945581645 44.193168771526992 538.70000000000016 2.5000000000000004 61.696355455480621 2024.5000000000002 0.1610555870382773 290.5428571428572 19.81666666666667 26.500000000000004 3.7357142857142858 0.26096575606002315 287.32777777777784 8.4263434564887039 192.53333333333336 31.500000000000004 4.5000000000000009 456.2000000000001 4.1833333333333345 0.11805555555555557 184.30555555555557 9.0336006923322962 0.10555555555555557 101.55833333333335 26.967573110125851 150.00203602479635 587.1500000000002 0.95000000000000007 20.79402515723271 207.3275793650794
decision_type=10 10 10 8 10 2 8 2 10 2 8 8 2 10 10 2 8 10 10 10 2 8 10 2 10 2 8 10 10 2
left_child=1 12 26 7 -5 11 -7 -4 21 -8 -11 -3 16 14 15 -14 17 23 19 -19 -21 -6 24 -1 -18 -26 27 28 29 -2
right_child=2 5 3 4 8 6 9 -9 -10 10 -12 -13 13 -15 -16 -17 22 18 -20 20 -22 -23 -24 -25 25 -27 -28 -29 -30 -31
leaf_value=0.38410159189262927 0.31121986517715511 -0.20341610795310003 1.3710306029928552 0.54305690267607087 0.073085235471624044 0.90960763020412572 -0.2423909411906463 1.5064285417526615 0.5853639269915567 0.57069228871759625 -0.34313625072768217 0.18741070741749566 1.0167605148211496 -0.44093564100374394 -0.05115665837552455 -0.15669882655647871 -0.67984062380091403 0.67249563291287984 0.61079832725865058 0.11648699886804252 -0.43930745098877649 -0.37859151567644644 -0.29171849470221312 -0.2750762885217698 -0.81646409731738456 0.25365858247365691 -0.11833142262234535 -0.39334733997085747 -0.016583481732643009 0.67996000200797724
leaf_weight=17.240974813699722 104.64089394547045 428.21030106768012 139.55422580242157 92.779518067836761 122.89132529497147 130.63934594392776 126.47872632741928 115.08030980825424 93.223367035388947 120.32123923301697 89.922822713851929 325.80802626721561 95.160619616508484 133.95432013273239 158 123.859827876091 547.62341666966677 65.319205682724714 43.81844207085669 163.34703440032899 119.6063235681504 104.63621342182159 1733.5763108674437 484.36580437421799 117.8492858428508 72.973880408331752 29.333360582590103 44.000109609216452 150.29324267059565 36.65961866080761
leaf_count=127 459 2546 157 100 133 149 137 119 102 136 99 1715 103 142 158 135 2344 147 97 557 177 110 7232 3162 424 116 38 200 991 71
internal_value=-7.3439e-05 -0.00048207 0.00194158 0.00279219 0.0015127 0.000507658 0.0016509 0.00485604 0.000617631 0.000728561 0.00180002 -0.000202206 -0.000793941 0.00019896 0.000889115 0.00204574 -0.000944695 -0.000304483 0.000524294 0.000123786 -0.000446899 -0.000342557 -0.00117593 -0.000952068 -0.00178336 -0.000563755 0.000380781 0.000675408 0.00108192 0.0024238
internal_weight=6131.17 5098.08 1033.09 668.165 413.53 1221.38 467.362 254.635 320.751 336.723 210.244 754.018 3876.7 510.975 377.02 219.02 3365.72 893.698 392.091 348.273 282.953 227.528 2472.02 501.607 738.447 190.823 364.927 335.594 291.594 141.301
internal_count=22183 19703 2480 721 445 4782 521 276 345 372 235 4261 14921 538 396 238 14383 4267 978 881 734 243 10116 3289 2884 540 1759 1721 1521 530
is_linear=0
shrinkage=0.03


Tree=19
num_leaves=31
num_cat=0
split_feature=89 19 1 69 5 45 78 2 19 54 4 81 66 58 51 45 79 1 67 40 75 28 78 73 54 19 36 23 62 54
split_gain=4.69673 3.74063 1.43067 1.33786 1.18913 1.04384 1.11133 1.03546 0.998357 0.896917 0.890094 0.764602 0.575519 0.618847 0.571467 0.577984 0.535887 0.602928 0.778014 0.704985 0.492683 0.403466 0.402846 0.370071 0.555683 0.350268 0.569394 0.34826 0.421078 0.370839
threshold=2024.5000000000002 2.4500000000000006 39.919136878814307 4.5000000000000009 44.353571428571435 0.080178571428571446 34.850000000000001 44.416666666666679 8.5500000000000025 169.95000000000002 52.81666666666667 14.950000000000003 34.500000000000007 176.58928571428575 8.2291887468908396 0.5109245301020896 24.500000000000004 46.137260765550245 58.816783216783229 37.88084411388018 191.63333333333335 22.728043143297384 31.350000000000005 41.500000000000007 110.41666666666669 4.7083333333333348 2.2256944444444451 72.071428571428584 430.65000000000003 145.1791666666667
decision_type=2 8 8 2 10 8 2 10 8 2 10 2 2 2 2 10 2 8 2 8 10 10 2 2 2 8 10 8 10 2
left_child=4 7 9 16 25 -5 8 -2 10 -3 -7 -9 13 20 21 22 -4 -18 19 -19 23 -11 -16 -6 -25 -1 -27 28 -28 -29
right_child=1 2 3 5 12 6 -8 11 -10 14 -12 -13 -14 -15 15 -17 17 18 -20 -21 -22 -23 -24 24 -26 26 27 29 -30 -31
leaf_value=-0.137921043471149 1.3221566330000163 0.30941850464905912 -0.41656513508153892 -0.074886559341001122 -0.13770071158758043 0.74597465831833321 0.8854643004373377 0.54940719642309066 -0.18980995895572306 -0.66549775918532994 0.56780300918180981 1.234848916342304 0.40527537667437952 -0.19656497631187733 0.065691481868116353 0.38591862633245388 -0.14559789966834613 0.011537523839567413 -0.051509062033880983 0.72562091271530027 0.74733978430079739 -0.26603488682757304 -0.51346947155600897 1.0492094313303482 0.087325127721929324 -0.73964866727537959 -0.17699181012903081 0.18064894581702318 -0.51985258156562453 -0.28316860717855291
leaf_weight=672.25679619796574 92.859827876091003 168.38736659288406 136.03462994098663 113.0661273598671 370.79357902705669 92.653528392314911 89.192117035388947 160.81414800882339 120.20943200588226 153.78265058994293 137.1779345870018 144.90864026546478 31.692377205938101 340.21912611834705 176.40154904127121 89.240929424762726 139.90864026546478 96.066127359867096 111.57321858406067 108.68502581119537 32.143612384796143 170.45036143064499 176.33855420351028 31.09196325391531 344.11894197016954 626.94094604067504 305.37583131156862 145.60327033512294 493.87560825608671 215.23887982964516
leaf_count=4067 104 195 148 124 3311 104 96 180 133 174 151 161 131 1237 196 101 156 107 119 119 52 195 198 108 1222 3278 2312 724 1982 863
internal_value=-0.000104236 0.000901326 0.000390227 0.00110092 -0.000794593 0.00216164 0.00282206 0.00355978 0.00204948 -0.000480379 0.00320403 0.00270145 1.73821e-06 -0.000112854 -0.000916145 -0.00021328 0.000109814 0.000602824 0.0013269 0.00242116 0.000353846 -0.00187066 -0.000759533 0.000194569 0.000857703 -0.00116684 -0.00138644 -0.00099134 -0.00134025 -0.000216943
internal_weight=6087.1 2477.75 2079.17 1144.57 3609.35 552.299 439.233 398.583 350.041 934.601 229.831 305.723 1150.06 1118.37 766.214 441.981 592.268 456.233 316.324 204.751 778.148 324.233 352.74 746.004 375.211 2459.29 1787.03 1160.09 799.251 360.842
internal_count=22048 2761 2316 1257 19287 608 484 445 388 1059 255 341 6061 5930 864 495 649 501 345 226 4693 369 394 4641 1330 13226 9159 5881 4294 1587
is_linear=0
shrinkage=0.03


Tree=20
num_leaves=31
num_cat=0
split_feature=6 19 54 1 2 42 54 64 13 8 5 42 58 63 72 2 72 64 53 39 64 25 67 90 43 18 71 26 34 73
split_gain=5.05351 2.27448 1.68489 1.43406 1.39077 0.990645 1.09885 1.03305 0.980815 0.794677 0.791349 0.712464 1.09542 0.961372 1.11272 0.70982 0.703024 0.738712 1.26731 0.799497 0.679328 0.821164 0.625483 0.824698 0.598529 0.54647 0.515626 0.510039 0.500766 0.465879
threshold=57.710765829396536 2.1000000000000005 177.63333333333335 44.828698376166734 70.500000000000014 0.18713127479730898 233.40000000000003 0.34158934642026434 2.9444444444444451 175.50000000000003 75.02500000000002 0.59910902091518847 260.47500000000008 610.20000000000016 190.37500000000003 37.416666666666679 167.42500000000004 0.03234524847428074 0.50228085653514987 21.727766798418976 0.24845679012345681 17.658115877930125 42.737394957983199 11.500000000000002 0.58225035161744032 5.5000000000000009 -1.7214052287581685 5.5632930981120401 36.083333333333336 53.500000000000007
decision_type=10 8 2 10 10 10 2 2 10 8 10 8 2 10 10 10 10 2 10 10 2 10 2 2 8 10 2 8 8 2
left_child=3 2 10 15 -4 7 20 -5 -9 -6 29 12 13 14 -3 -1 -17 18 19 25 -7 -22 23 27 28 -18 -23 -19 -24 -2
right_child=1 11 4 5 9 6 -8 8 -10 -11 -12 -13 -14 -15 -16 16 17 22 -20 -21 21 26 24 -25 -26 -27 -28 -29 -30 -31
leaf_value=-0.31649760246282055 0.090000642421877192 0.19480204488030323 1.6027935181585486 -0.21788466262829714 0.38269125421675171 0.074824165351208907 0.99025001608830843 0.76902084458571307 0.040470055064892277 1.8245244982320719 -0.68859810518800924 -0.41752898013988771 0.68992697431678596 -0.2032365282401391 1.0960250237169247 -0.32452256009399932 0.62115705575178604 0.44046451960757765 0.37323884915640931 -0.48120001152028646 0.87187434474785308 0.74308904039558521 -0.20048358179077749 -0.31982061294832559 0.6385894302724725 -0.027560723140539662 -0.30962644100968018 -0.29298668874447314 0.59279025218987924 0.7276503966497827
leaf_weight=2363.2533474899828 66.993998946622014 238.25212655216455 75.591981768608093 575.40605337917805 83.540584059432149 274.91838536038995 30.539405457675457 28.75544386729598 41.607148259878159 71.753726277500391 34.091596337035298 96.380890032276511 166.22361445426941 130.77951806783676 54.13058914616704 522.0913408882916 67.127010388299823 46.690199945122004 55.400214983150363 71.781292567029595 41.29132716730237 32.488166866824031 90.399383597075939 496.09513279236853 48.83182655274868 90.733656316995621 47.393186688423157 49.337439017370343 60.610477689653635 73.511593371629715
leaf_count=9834 337 1141 111 2247 127 1207 38 141 154 86 100 203 172 138 83 3025 197 113 133 166 177 131 181 1013 103 207 178 91 135 137
internal_value=-0.000129896 0.00171995 0.00349829 -0.0005311 0.00517514 0.000441816 0.00156184 -0.000299401 0.0031061 0.00351281 0.00126398 0.00066488 0.0010562 0.000243255 0.0011988 -0.000794462 -0.000306062 0.000132062 0.00143891 0.000447264 0.00112958 0.00299108 -0.000339516 -0.000829124 0.00110808 0.00163845 0.00118494 0.00170334 0.000166174 0.002258
internal_weight=6126 1091.25 405.483 5034.75 230.886 1072.4 426.63 645.769 70.3626 155.294 174.597 685.767 589.386 423.162 292.383 3962.35 1599.1 1077.01 285.042 229.642 396.091 121.173 791.964 592.123 199.842 157.861 79.8814 96.0276 151.01 140.506
internal_count=22106 2635 898 19471 324 4273 1731 2542 295 213 574 1737 1534 1362 1224 15198 5364 2339 703 570 1693 486 1636 1217 419 404 309 204 316 474
is_linear=0
shrinkage=0.03


Tree=21
num_leaves=31
num_cat=0
split_feature=89 19 19 66 68 15 31 64 74 25 90 61 60 14 30 37 1 46 63 66 72 35 45 77 71 58 7 75 71 78
split_gain=3.76298 2.82605 1.24428 0.935135 1.01759 0.909699 0.920348 1.27363 1.21224 0.985001 0.877095 1.13356 1.26304 0.793771 1.04148 0.991246 0.720107 0.667095 0.635902 0.477831 0.447208 0.435608 0.433158 0.325686 0.454062 0.393434 0.391751 0.6265 0.468596 0.401571
threshold=2024.5000000000002 4.5500000000000007 3.9000000000000004 1.5000000000000002 9.6408991228070189 16.527777777777782 9.277184307505717 0.041367590435898667 -8.3869047619047716 14.955267992651171 12.500000000000002 633.55000000000007 615.90000000000009 5.5000000000000009 10.540935672514621 8.5869189690222161 51.301376146788996 0.069242116909459722 550.65000000000009 45.500000000000007 194.32500000000002 36.038322586545945 0.052747507535358222 1.0000000180025095e-35 -8.0729839063002018 151.05436507936511 36.515270763686495 187.05000000000004 5.2857142857142891 35.45000000000001
decision_type=2 8 8 2 2 8 8 2 10 8 2 10 10 2 10 10 10 10 10 2 10 8 10 2 2 2 10 10 2 2
left_child=2 3 19 16 10 -3 7 8 9 -7 -5 12 -12 14 -9 -16 -2 -4 -8 23 -15 22 -20 26 25 -25 29 28 -28 -1
right_child=1 5 17 4 -6 6 18 13 -10 -11 11 -13 -14 20 15 -17 -18 -19 21 -21 -22 -23 -24 24 -26 -27 27 -29 -30 -31
leaf_value=-0.027791193349660119 0.39174706778058949 -0.41863290952526616 -0.53219123896993736 0.53694918697759642 0.20867880741275688 -0.35338861571996988 0.14810945057225652 -0.3269433994216136 0.6412212908044711 0.39397571857463026 0.73653571907025928 0.87440113609629133 1.4930287298176643 -0.22779657678005888 -0.014725793160752686 0.57544347063959089 -0.30784558414279017 -0.18034780369799605 -0.36805698886526722 0.81239179314865506 -0.44001078168324126 -0.52180553971410859 0.17872262373628628 0.72242730070260386 -0.20577575469187123 -0.29975833063350293 0.003460884296820268 1.0489118780425581 0.85496195080789872 0.38815995596589276
leaf_weight=299.49227157980204 137.70234078168869 113.859827876091 1060.6314381211996 100.03462994098663 118.44722890853882 97.415731489658356 112.73697072267532 164.25824439525604 167.71965575218201 90.240929424762726 106.62516349554062 146.77951806783676 93.461411356925964 184.71965575218201 95.653528392314911 125.27242684364319 105.82833045721054 1552.8819208666682 98.335421681404114 25.080876968801022 99.779518067836761 234.43304646015167 102.47872632741928 20.004164218902588 447.4419390168041 19.832205038517714 114.34909161739051 23.93850040435791 28.182874040678144 28.857695424929261
leaf_count=1680 154 125 5421 112 130 110 141 182 190 102 132 154 98 207 107 136 118 8438 107 81 107 253 113 136 2456 80 590 38 152 230
internal_value=-7.0593e-05 0.000825467 -0.000688314 0.00228213 0.00295081 0.000126054 0.000314062 0.000844344 0.00229324 0.000630516 0.00360483 0.0043173 0.0057842 7.31953e-05 0.00095982 0.00230066 0.000724086 -0.00103345 -0.000677616 0.000207412 -0.00112637 -0.00119746 -0.000170119 0.000100876 -0.000449195 0.00258099 0.000642376 0.00182314 0.00104752 4.00192e-05
internal_weight=6116.48 2495.78 3620.69 808.879 565.348 1686.9 1573.04 1025.06 355.376 187.657 446.901 346.866 200.087 669.683 385.184 220.926 243.531 2613.51 547.984 1007.18 284.499 435.247 200.814 982.099 487.278 39.8364 494.82 166.47 142.532 328.35
internal_count=22080 2778 19302 898 626 1880 1755 1141 402 212 496 384 230 739 425 243 272 13859 614 5443 314 473 220 5362 2672 216 2690 780 742 1910
is_linear=0
shrinkage=0.03


Tree=22
num_leaves=31
num_cat=0
split_feature=11 67 78 61 29 24 5 69 11 31 54 60 52 18 62 44 36 59 2 54 60 0 58 77 7 25 48 29 1 63
split_gain=4.23444 1.9207 1.33974 1.24839 1.69872 2.42654 1.64188 1.32057 1.51396 0.972057 1.07026 0.729772 0.576965 0.484026 0.623135 0.493128 0.471162 0.773457 0.392761 0.479385 0.442189 0.607409 0.355777 0.427722 0.350749 0.42211 0.409617 0.584775 0.343477 0.361885
threshold=47.31666666666667 41.815338002838011 36.650000000000013 562.45000000000016 3.1569230769230772 16.414285714285715 60.153947368421058 7.5000000000000009 22.414285714285715 4.6157975143482401 185.23750000000004 651.85000000000002 0.31334301074424459 4.5000000000000009 547.55000000000007 0.041206791995148581 1.5104166666666667 11.250000000000002 81.500000000000014 194.9041666666667 489.95000000000005 32.500000000000007 176.25833333333335 1.0000000180025095e-35 26.967573110125851 22.660984512882308 128.30181852876538 13.90138888888889 48.192012288786493 445.75000000000006
decision_type=10 2 2 8 10 10 10 2 10 10 2 10 10 10 10 10 10 10 10 2 10 2 2 2 10 10 2 10 10 8
left_child=1 13 9 18 -5 6 7 8 -6 10 -2 12 -11 14 -1 -16 24 -18 19 20 -3 -22 23 -14 -15 26 -26 -28 -20 -30
right_child=2 3 -4 4 5 -7 -8 -9 -10 11 -12 -13 22 16 15 -17 17 -19 28 -21 21 -23 -24 -25 25 -27 27 -29 29 -31
leaf_value=-0.14592882302000773 0.13886809239369682 -0.080445086054278359 0.79197752960688306 -0.34413395808771585 0.22620645798929448 -0.38992317666782084 -0.1063280302593152 0.72136509498913837 1.1073396296792462 1.3008398395859 1.1946172702676439 1.0874126815003273 0.67435352840901253 -0.65919511030193256 -0.26576511482337695 0.89281502498305365 -0.24948049683282988 0.5266921069835705 1.0174445217012813 -0.51212225677334011 -0.47345847070131197 0.62484218147523818 -0.37291878966415309 -0.13863460461859475 -0.64605883151806009 -0.66699825840495008 0.45799806739325666 -0.13200242174664212 0.23639240615591786 -0.4692468555019812
leaf_weight=832.75189197435975 37.297050723806024 1084.7055637277663 73.467425744980574 166.9383240044117 137.60143824666739 106.25933734327555 102.76692340523005 95.573218584060669 94.985817551612854 85.239689327776432 50.648351270705462 97.080309808254242 36.607591461390257 538.64506845735013 135.17476010322571 105.68502581119537 1449.5565347503871 59.475503087043762 43.169356424361467 160.2407823484391 48.063993122428656 101.78932884335518 118.29599130153656 37.347588973119855 94.09021401591599 63.012528637424111 37.623387346044183 44.320957414805889 31.200034467503428 42.303656283766031
leaf_count=4423 168 6088 111 178 153 120 108 103 102 182 66 101 131 2016 162 116 5602 82 141 491 101 178 139 145 274 104 78 142 248 117
internal_value=-0.000225899 -0.00047085 0.0023185 0.000214808 0.00125721 0.00207781 0.00307785 0.00411136 0.00287034 0.0017128 0.00453383 0.00104014 0.000252982 -0.00092286 -0.000396889 0.000944335 -0.00116952 -0.000859412 -0.000271309 -0.000411466 -0.00021036 0.00131183 -0.00065853 0.000965673 -0.00176938 -0.000808363 -4.94685e-05 0.00149157 0.0013935 0.000135191
internal_weight=6111.92 5575.93 535.984 2215.6 704.125 537.187 430.927 328.16 232.587 462.517 87.9454 374.571 277.491 3360.34 1073.61 240.86 2286.72 1509.03 1511.47 1394.8 1234.56 149.853 192.251 73.9552 777.692 239.047 176.035 81.9443 116.673 73.5037
internal_count=22170 21127 1043 8128 764 586 466 358 255 932 234 698 597 12999 4701 278 8298 5684 7364 6858 6367 279 415 276 2614 598 494 220 506 365
is_linear=0
shrinkage=0.03


Tree=23
num_leaves=31
num_cat=0
split_feature=11 67 60 69 80 71 54 52 56 17 42 22 62 2 72 34 82 58 75 42 82 28 2 40 80 64 42 3 75 3
split_gain=4.22819 2.12394 1.50518 1.3088 2.21749 1.47305 1.10286 1.17612 1.21362 1.35905 0.94926 0.893343 1.06639 0.846925 0.666459 0.693022 0.722167 0.65905 0.63806 0.591567 0.591308 0.557624 0.424454 0.413518 0.541788 0.700568 0.405469 0.735143 0.484811 0.726665
threshold=49.250000000000007 42.304512757109144 483.90000000000003 4.5000000000000009 13.65 -0.39702380952380872 164.45714285714288 0.26695056919810772 150.44845467711886 3.5000000000000004 0.53416874221668753 141.68275418275422 603.85000000000002 86.166666666666671 194.87500000000003 19.612500000000004 6.9500000000000011 175.90555555555559 181.04166666666671 0.46299899120910798 6.4500000000000011 32.175191815856785 63.416666666666679 20.07194244604317 14.550000000000002 0.025996846136517236 0.071875856130875507 68.90000000000002 186.72500000000002 52.708333333333336
decision_type=10 2 8 2 2 2 2 10 2 10 10 10 10 10 8 10 2 2 10 10 2 10 10 8 2 2 8 10 10 10
left_child=1 13 19 10 5 -5 17 -8 9 -9 14 12 -6 23 15 16 -4 18 -2 22 -21 -22 -3 24 25 -1 27 -25 -28 -30
right_child=6 2 3 4 11 -7 7 8 -10 -11 -12 -13 -14 -15 -16 -17 -18 -19 -20 20 21 -23 -24 26 -26 -27 28 -29 29 -31
leaf_value=0.40818050477097817 -0.10856242110290182 -0.19045215299233234 0.15901517386056538 1.4379104935464766 0.73049296262588548 0.39067355910888524 1.4215907408147765 0.4042980998958754 -0.04980040060061583 1.0558016428274808 0.93768710815780187 -0.21895362256959891 -0.25992165031129066 0.91764958924683981 -0.60163458581358276 0.69940794491223135 -0.30540381956922769 -0.17116462311581476 0.65412292255674209 1.1245049516305519 -0.30204336039959967 0.42720916661067548 0.091792932648508407 -0.34551927548363337 -0.18337188354670758 0.00010005798899395735 -0.25691366137436433 0.64255105839310633 0.22087203189735774 -0.27148634027515511
leaf_weight=31.68690505810082 42.623811097815633 716.29902523942292 74.585447043180466 90.126898087561131 83.661365520209074 86.899125531315804 88.229945652186871 67.368776861578226 116.07909562066197 94.398488523438573 76.29122181981802 120.77419782429934 76.492908775806427 47.605117235332727 91.472486689686775 76.304447144269943 226.11500585451722 49.402125224471092 27.257200300693512 33.606614835560322 131.90489289909601 118.39686313457787 193.08001683279872 1771.3925546184182 135.52401812933385 53.997220454737544 878.12778331525624 27.897931896150112 415.22134071588516 78.571090996265411
leaf_count=89 294 4054 91 111 133 108 112 110 143 128 98 159 80 96 112 102 312 63 42 172 736 566 1118 6647 430 179 5182 61 562 95
internal_value=-2.05882e-05 -0.000252141 0.000476628 0.00133283 0.00251313 0.00513313 0.00266321 0.00347757 0.00250338 0.00417478 0.000337831 0.00084979 0.00231282 -0.000717369 -0.000170009 0.000388831 -0.000261635 0.00015581 0.00201939 -0.000243352 0.000949933 0.000439896 -0.00061653 -0.000773499 0.000478819 0.00233199 -0.000860978 -0.00115715 -0.000471984 0.000279727
internal_weight=6121.39 5636.03 2196.01 1002.72 457.954 177.026 485.359 366.076 277.846 161.767 544.769 280.928 160.154 3440.02 468.477 377.005 300.7 119.283 69.881 1193.29 283.908 250.302 909.379 3392.42 221.208 85.6841 3171.21 1799.29 1371.92 493.792
internal_count=22185 21293 7952 1306 591 219 892 493 381 238 715 372 213 13341 617 505 403 399 336 6646 1474 1302 5172 13245 698 268 12547 6708 5839 657
is_linear=0
shrinkage=0.03


Tree=24
num_leaves=31
num_cat=0
split_feature=89 19 64 64 74 6 15 60 34 24 40 71 37 54 57 27 82 70 0 76 64 58 74 49 26 50 75 23 3 15
split_gain=3.63055 3.01893 1.13096 1.37341 1.27739 1.08577 1.01431 0.70434 0.942416 0.919028 0.822815 0.760195 0.578631 0.528668 0.848709 0.516094 0.50196 0.417343 0.440544 0.37842 0.609611 0.442256 0.378916 0.843381 0.500346 0.377748 0.522926 0.37273 0.339465 0.482193
threshold=2024.5000000000002 3.2250000000000005 0.028335340559346986 0.048415001674294016 0.20000000000000287 37.361908409310594 45.519230769230781 575.65000000000009 18.550505050505055 6.354166666666667 41.670018771788691 -2.0012827858416133 8.3865042055779266 169.95000000000002 9.7995143498912043 126.37418589557083 7.0500000000000007 36.668560606060616 86.500000000000014 1.0000000180025095e-35 0.080880291561536324 176.58928571428575 -11.241666666666658 142.19487684856688 12.427707017016015 8.6916117642427473 187.05000000000004 28.050000000000004 51.63333333333334 51.033333333333339
decision_type=2 8 2 2 10 10 8 10 10 10 8 2 10 2 2 8 2 2 2 2 2 2 10 2 8 2 10 8 10 10
left_child=5 2 -2 -4 -5 25 13 11 10 -10 16 -8 -13 -3 17 -7 -9 -15 -19 28 21 -21 23 -22 -24 -1 -27 -18 29 -17
right_child=1 6 3 4 -6 15 7 8 9 -11 -12 12 -14 14 -16 19 27 18 -20 20 22 -23 24 -25 -26 26 -28 -29 -30 -31
leaf_value=-0.41272012146225406 0.039369630631990164 0.44093665471750909 1.3909213501987523 1.0931291364208695 0.0078284206725018624 -0.29364714862984032 -0.058137384500746091 0.064910774192188686 -0.02046489982547842 0.53129800530750071 0.46392330595119124 0.55487091956214141 0.23711965818445463 -0.6402683663213623 0.2028943374648082 -0.046333738749780196 -0.045211354446721176 0.057677867940006844 -0.6707512344640868 0.094780072912206914 0.58207041847683627 -0.52136404726730234 0.031835830174188541 -0.0061060082834541157 0.62044868571440159 -0.35444110907013837 0.22526991328446072 -0.50412560599545109 -0.26325246958443133 0.21705081602425508
leaf_weight=1282.2255422100425 132.35273665189743 111.94013768434525 113.41573148965836 165.52753871679306 147.6078485250473 633.19774771295488 105.13225471973419 124.27242684364319 125.77951806783676 111.92282271385193 178.97163510322571 124.38736659288406 108.33855420351028 255.70547330379486 130.38423407077789 278.49371410906315 115.27242684364319 122.859827876091 102.65352839231491 305.28044762089849 51.041574697941542 112.48535481840372 116.60563092492521 39.724277848377824 29.469367314130068 352.98087727092206 85.06029748916626 150.55903613567352 300.42806882411242 73.824664970859885
leaf_count=7379 147 127 126 181 167 4046 127 135 133 121 193 151 130 285 144 1236 126 134 114 1512 130 349 762 98 129 1925 136 165 1344 330
internal_value=-6.93977e-05 0.000830151 0.00276245 0.00351266 0.00247442 -0.000665853 0.000250897 0.000806398 0.000323874 0.00190615 -0.000339226 0.00195427 0.00290728 -0.000627798 -0.000974785 -0.00017923 -0.00111116 -0.00155594 -0.000611134 0.000161321 0.000670505 -1.96924e-05 0.00188291 0.00339559 0.000926293 -0.00121437 -0.000452441 -0.0018448 -0.000349558 0.000282046
internal_weight=6087.9 2427.08 558.904 426.551 313.135 3660.82 1868.18 1144.64 806.778 237.702 569.076 337.858 232.726 723.543 611.603 1940.55 390.104 481.219 225.513 1307.35 654.607 417.766 236.841 90.7659 146.075 1720.27 438.041 265.831 652.746 352.318
internal_count=22082 2706 621 474 348 19376 2085 1281 873 254 619 408 281 804 677 9936 426 533 248 5890 2980 1861 1119 228 891 9440 2061 291 2910 1566
is_linear=0
shrinkage=0.03


Tree=25
num_leaves=31
num_cat=0
split_feature=89 19 69 80 67 63 5 54 58 18 15 54 81 58 2 7 32 52 69 76 38 51 54 45 18 39 18 73 35 73
split_gain=3.55452 1.88595 1.15639 1.71097 1.7052 1.05598 1.02237 0.970712 1.22296 0.968108 0.962945 0.707766 0.66557 0.608566 0.592352 0.719239 0.818293 0.554829 0.505744 0.498264 0.455946 0.396463 0.378962 0.418479 0.542272 0.405064 0.403258 0.394055 0.363341 0.387104
threshold=2024.5000000000002 2.4500000000000006 4.5000000000000009 13.65 43.922828784119112 618.10000000000014 44.353571428571435 176.10714285714289 234.81666666666672 5.5000000000000009 34.519230769230781 166.1166666666667 12.650000000000002 175.51428571428576 34.833333333333336 30.688841620259378 9.751712328767125 0.37334953373843582 1.5000000000000002 1.0000000180025095e-35 1.2169863665187066 10.050726695623124 170.16805555555558 0.73252032520325205 2.5000000000000004 22.909990999099914 3.5000000000000004 56.500000000000007 32.451474430757749 35.500000000000007
decision_type=2 8 2 2 2 10 10 2 2 8 10 2 2 2 8 8 8 10 2 2 10 2 2 8 10 10 8 2 8 2
left_child=6 7 11 4 10 9 22 -2 12 -5 -4 -3 -9 20 21 16 -16 -11 19 -17 28 -13 23 24 25 -1 -25 -27 -8 -30
right_child=1 2 3 5 -6 -7 13 8 -10 17 -12 14 -14 -15 15 18 -18 -19 -20 -21 -22 -23 -24 26 -26 27 -28 -29 29 -31
leaf_value=0.0086103877156944002 -0.0049115141954699411 0.30517521059077329 -0.4742240615827667 0.61505187518963211 1.1425655371073369 -0.30218676420305346 -0.22484353305669882 1.1649487375031626 0.43023718123663596 -0.54883244734399173 0.33644738227615251 -0.43769504138945214 1.8558849791697563 -0.12307648900398248 0.5215866131623802 -0.33820492321433349 -0.061612330250878387 0.40919803613302502 -0.26664158233635149 0.35952098367562302 -0.47782318646803973 -0.084297093194740852 -0.51030485580652696 -0.10373883640025668 -0.19300008874042845 0.58578212409263286 -0.56927224460820747 0.58060005441433726 0.0236898361515685 0.38596216407788048
leaf_weight=57.565239708870649 92.240929424762726 162.71965575218201 94.335421681404114 121.84564542770386 147.62203097343445 224.38423407077789 117.0493343770504 101.35273665189743 109.81101548671722 95.209432005882263 168.27555936574936 251.05507743358612 99.35273665189743 380.99933209829032 88.303924262523651 108.44722890853882 102.59053355455399 105.19524955749512 211.51335626840591 116.71652323007584 94.663980880752206 92.653528392314911 618.0446309056133 266.3935706820339 1038.4497097674757 17.895896447822452 461.60461016185582 16.128748446702957 257.1961123906076 327.83220429345965
leaf_count=296 104 185 103 140 160 238 863 116 116 108 192 282 114 1361 98 120 116 125 234 126 761 104 2882 1706 5570 173 2628 39 1937 1211
internal_value=-7.32712e-05 0.000799762 0.000437055 0.00120454 0.00266636 0.000104618 -0.000669146 0.00267697 0.0034774 0.00120344 0.00120779 -0.000211038 0.00486486 5.84822e-05 -0.000518141 3.06048e-05 0.00156193 -8.15619e-05 -0.000640857 0.000348454 0.000529934 -0.00151727 -0.00101512 -0.00080031 -0.000438312 0.00176249 -0.00136085 0.00430652 0.000793753 0.00109879
internal_weight=6147.45 2493.62 2090.87 956.868 410.233 546.635 3653.82 402.757 310.516 322.25 262.611 1134 200.705 1177.74 971.28 627.572 190.894 200.405 436.677 225.164 796.742 343.709 2476.08 1858.04 1130.04 91.5899 727.998 34.0246 702.078 585.028
internal_count=22208 2781 2331 1066 455 611 19427 450 346 373 295 1265 230 6133 1080 694 214 233 480 246 4772 386 13294 10412 6078 508 4334 212 4011 3148
is_linear=0
shrinkage=0.03


Tree=26
num_leaves=31
num_cat=0
split_feature=1 89 29 69 44 17 29 18 44 44 73 62 72 62 62 42 69 74 61 62 46 64 71 68 76 58 7 74 15 70
split_gain=3.2547 1.77548 1.7483 1.43669 1.21345 1.6132 2.33878 0.946707 0.856386 0.643732 0.616752 0.566402 0.522682 0.614441 1.18468 0.477774 0.544577 0.574124 0.670843 0.449706 0.447015 0.420328 0.435253 0.556034 0.497439 0.39793 0.379797 0.349041 0.321445 0.315601
threshold=40.901388888888896 2024.5000000000002 3.3452380952380958 4.5000000000000009 0.38014084507042262 3.5000000000000004 21.005434782608699 3.5000000000000004 0.081919279071996934 0.22356594811837782 77.500000000000014 584.95000000000016 167.68333333333337 667.00000000000011 635.75000000000011 0.71776667326340793 4.5000000000000009 -9.8916666666666782 569.30000000000007 498.95000000000005 0.26500600240096045 0.044346116027531961 5.1765505115089505 0.073719958202715943 1.0000000180025095e-35 140.59226190476193 45.179198536531182 -3.0833333333333282 59.683333333333344 41.566348973607042
decision_type=10 2 10 2 10 10 10 10 8 10 2 10 10 10 8 10 2 10 10 8 10 2 2 2 2 2 10 10 10 2
left_child=12 9 20 8 5 26 7 -7 10 19 -4 -10 -1 14 15 16 27 -18 25 21 -3 -2 29 -24 -25 -19 -5 -14 -13 -23
right_child=1 2 3 4 -6 6 -8 -9 11 -11 -12 28 13 -15 -16 -17 17 18 -20 -21 -22 22 23 24 -26 -27 -28 -29 -30 -31
leaf_value=-0.39959431038999765 -0.018040982815325322 -0.50438166436060905 0.69349551388554809 0.51820552655334762 0.92717413227432999 0.93384778584927186 0.94880330824262105 -0.061519901634521777 0.31542220445482611 -0.16899556883983266 0.29891983316979298 -0.39114985414691833 -0.12319042114590402 -0.80572156090344016 0.4176267943341534 0.29512057891681548 -0.34701057036155447 0.36801442458953987 0.2715261389241504 -0.68838464906365682 0.060871958519566359 0.5622478261490288 0.0065355758124233882 0.44529280356247369 0.94516141885910099 -0.10219407726996109 -0.26732582067703359 -0.45025023431169686 -0.021992481294553962 0.043166092609175019
leaf_weight=1118.8253793790936 343.28681920468807 117.03462994098663 94.859827876091003 92.748020648956299 160.1779345870018 115.27242684364319 97.478726327419281 110.97163510322571 103.08344233036041 723.6029852759093 109.76533561944962 106.16061961650848 432.13878837227821 141.95432013273239 147.64093372970819 56.461774069815874 213.61070913076401 45.535714618861675 116.38423407077789 48.24047289788723 92.748020648956299 96.627463968470693 35.528443427756429 20.675594406202435 21.779626036062837 332.7577120475471 101.89132529497147 595.96106589399278 102.01731497049332 250.63775489293039
leaf_count=7410 1813 129 106 101 174 126 108 125 120 4253 124 114 642 150 167 188 300 185 130 113 101 442 180 105 103 1014 112 2227 108 1286
internal_value=-0.000113752 0.000605979 0.00137713 0.0018206 0.0027269 0.0020148 0.00330927 0.00162131 0.000625568 -9.74363e-05 0.00212809 -0.000365851 -0.000775755 -0.000494385 -0.000354352 -0.000567447 -0.000656178 -1.59402e-05 0.000545302 0.000479545 -0.00114449 0.000656858 0.00128608 0.00329796 0.00557454 -6.93012e-05 -0.000144071 -0.00109681 -0.00126464 0.000826115
internal_weight=6145.86 2944.59 1404.21 1194.43 678.54 518.362 323.723 226.244 515.887 1540.38 204.625 311.261 3201.27 2082.45 1940.49 1792.85 1736.39 708.288 494.678 816.776 209.783 768.536 425.249 77.9837 42.4552 378.293 194.639 1028.1 208.178 347.265
internal_count=22256 9843 1548 1318 746 572 359 251 572 8295 230 342 12413 5003 4853 4686 4498 1629 1329 4042 230 3929 2116 388 208 1199 213 2869 222 1728
is_linear=0
shrinkage=0.03


Tree=27
num_leaves=31
num_cat=0
split_feature=62 19 54 26 55 19 17 23 19 42 24 46 64 64 65 68 62 49 46 11 4 14 63 30 80 75 2 69 55 7
split_gain=2.79531 2.02861 1.5052 2.2343 1.06861 1.01282 0.717041 0.753487 1.61202 0.983222 0.848965 0.645891 0.574904 0.546816 0.682404 0.604608 0.655917 0.535146 0.524333 0.487066 0.562812 0.481708 0.469988 0.433358 0.679274 0.520815 0.369806 0.367382 0.712079 0.336457
threshold=557.05000000000007 2.1000000000000005 174.75000000000003 7.0259102077283906 290.5428571428572 4.4500000000000011 7.5000000000000009 9.9500000000000011 7.5500000000000007 0.033012442103351199 13.267857142857144 0.28217396638449271 0.044346116027531961 0.048138245197068733 4.5000000000000009 0.45220668859649399 468.35000000000008 157.30320275745819 0.29974619289340104 32.050000000000004 43.535714285714292 8.5000000000000018 610.20000000000016 21.41781534664926 17.650000000000002 178.25833333333335 90.166666666666671 7.5000000000000009 209.87063492063496 21.649761828653613
decision_type=10 8 2 8 2 8 10 10 8 10 10 10 2 2 10 2 10 2 10 10 8 2 10 8 2 10 10 2 2 10
left_child=5 4 3 -3 -2 12 7 11 9 -9 -11 29 -1 14 -14 19 17 -17 26 20 -15 -18 -12 27 -25 -26 -7 -20 -29 -4
right_child=1 2 6 -5 -6 18 -8 8 -10 10 22 -13 13 15 -16 16 21 -19 23 -21 -22 -23 -24 24 25 -27 -28 28 -30 -31
leaf_value=-0.10181845366527056 1.0368061218406799 1.0688918659465689 -0.016980499670232997 -0.0059969918478948413 0.40243789941974734 -0.35406428317656263 -0.34201778623527879 -0.49725565053106735 0.88626631961350455 0.41245973840001665 0.48916328989958291 0.27555267102377468 0.055511115154065462 -0.039720208106385824 1.5035395665719757 -0.0079779100390291544 0.67269064846898163 0.60012662460998456 -0.21151800926216169 -0.22844691646206311 0.8840407822833467 -0.00085263966779210111 -0.061840310462115827 -0.54061345238990377 0.12888488607873028 0.58050529180151411 1.120846080410596 -0.11685613630893925 1.2655345155619107 -0.467164765401829
leaf_weight=622.24175583943725 164.84539800882339 120.47872632741928 94.982643067836761 154.44722890853882 119.39841651916504 2052.3091115225106 236.16375213861465 189.5272912979126 98.573218584060669 99.398416519165039 144.05169749259949 134.11324977874756 32.240946797654033 170.9586141500622 24.090978655964136 210.60771043412387 81.962128696963191 21.611869130283594 407.08835201151669 157.68420182913542 35.31279744207859 45.72713772021234 156.28660929203033 45.077922709286213 36.374344613403082 33.531058669090271 25.534970615059137 108.30446831509471 33.986813366413116 208.05194491147995
leaf_count=3222 186 131 115 166 126 10041 257 208 106 106 165 145 179 966 81 1285 174 119 2000 629 193 105 160 188 188 56 91 458 65 226
internal_value=-0.000103179 0.000842744 0.000435426 0.00245584 0.00317747 -0.000541546 2.58372e-05 0.000341595 0.000960005 0.000362788 0.00120578 -0.000631423 0.000114187 0.000656258 0.00347707 0.000432245 0.00130247 0.000348796 -0.000876825 -0.000429509 0.000529496 0.00302065 0.000405986 -0.000142919 0.00152391 0.00335719 -0.0011113 -0.000493915 0.000814301 -0.00139723
internal_weight=6064.96 1920.32 1636.07 274.926 284.244 4144.65 1361.15 1124.99 687.837 589.264 399.737 437.148 1402.44 780.196 56.3319 723.864 359.909 232.22 2742.21 363.956 206.271 127.689 300.338 664.363 114.983 69.9054 2077.84 549.38 142.291 303.035
internal_count=22137 2097 1785 297 312 20040 1488 1231 745 639 431 486 6953 3731 260 3471 1683 1404 13087 1788 1159 279 325 2955 432 244 10132 2523 523 341
is_linear=0
shrinkage=0.03


Tree=28
num_leaves=31
num_cat=0
split_feature=1 54 12 24 62 31 46 55 72 13 66 62 58 63 42 63 72 90 65 90 64 61 72 78 40 46 38 26 40 7
split_gain=3.24195 2.3236 1.50514 2.61376 0.993082 1.62114 1.28739 1.72513 0.857003 0.744214 0.647355 0.580951 0.4757 0.48685 0.652402 0.929838 0.754415 0.71156 0.746035 0.657869 0.521304 0.503162 0.442451 0.412581 0.405161 0.361151 0.354241 0.336047 0.322285 0.275872
threshold=40.239047619047632 217.5071428571429 30.81666666666667 13.267857142857144 567.75000000000011 10.909657673996827 0.2494239631336406 287.32777777777784 193.52500000000001 3.3666666666666671 21.500000000000004 489.95000000000005 105.51250000000003 464.60000000000008 0.081725417439703171 641.20000000000016 168.68214285714291 23.500000000000004 4.5000000000000009 34.500000000000007 0.041745880861850444 600.95000000000016 184.81250000000003 32.850000000000001 29.363980125752985 0.22251007484168109 1.3483316481294239 14.67278287461774 31.626033691946141 16.91785297838123
decision_type=10 2 10 10 10 8 8 2 8 10 2 10 2 8 8 8 10 2 10 2 2 8 10 2 8 10 10 10 10 10
left_child=12 4 3 -3 10 6 -6 -8 9 -5 26 -12 24 -14 20 16 28 18 -18 -19 21 25 -21 -4 -1 -15 27 29 -16 -2
right_child=1 2 23 8 5 -7 7 -9 -10 -11 11 -13 13 14 15 -17 17 19 -20 22 -22 -23 -24 -25 -26 -27 -28 -29 -30 -31
leaf_value=0.56166560515638408 -0.4535961499333423 0.51656124741172393 -0.33169942201449731 1.3453232427856323 -0.022162918709199717 -0.40842267475192895 1.04514645141268 0.24095001944938416 -0.037647441605716536 0.48233499983451267 0.19583347991793743 0.40744603140933677 -0.37405305987293147 -0.39029240644708835 -0.62447712207971839 -0.44654575357356191 0.48217005202120289 -0.56743713939011753 0.22090191567272185 0.40548393465474297 -0.29802136399447221 0.27747209909547382 -0.18381909994546516 0.28154562854309878 0.18004615871088234 0.10480927494697084 -0.59207665639045082 -0.20762356753540104 0.22944976405692413 0.0079182278383129294
leaf_weight=9.7925654705613834 57.261956762522459 69.315471161156893 116.21864088252187 81.534082129597664 182.32123923301697 103.92282271385193 156.82833045721054 176.24092942476273 101.11119019985199 124.20467086136341 104.97145807370543 25.61620032787323 1420.7759284377098 176.08491237461567 88.503597686067224 100.64841651916504 57.259022235870361 61.492728367447853 73.253272980451584 89.36226898431778 662.35986135527492 123.20471169799566 63.104870438575745 89.389264196157455 26.419959787279367 79.144122712314129 179.59698934480548 95.850202448666096 32.100795324891806 1395.2568756062537
leaf_count=76 366 86 141 102 198 113 169 188 116 157 524 40 8607 355 313 122 115 99 120 158 1068 137 84 100 296 167 1028 284 97 6750
internal_value=-3.90263e-05 0.000651602 0.00235608 0.00348179 0.000250622 0.00128999 0.00197906 0.00308566 0.00227755 0.00338451 -9.62291e-05 0.00193226 -0.000728771 -0.000769985 -0.000411817 0.000407721 0.000974052 0.00168779 0.00342492 0.000617156 -0.000857242 3.11735e-05 0.00167124 0.000289677 0.00264481 -0.000728519 -0.000250557 -0.000103833 -0.00106164 1.02465e-05
internal_weight=6123.15 3059.64 581.773 376.165 2477.87 619.313 515.39 333.069 306.85 205.739 1858.55 130.588 3063.51 3027.29 1606.52 565.725 465.077 344.472 130.512 213.96 1040.79 378.434 152.467 205.608 36.2125 255.229 1727.97 1548.37 120.604 1452.52
internal_count=22176 10362 702 461 9660 668 555 357 375 259 8992 564 11814 11442 2835 1108 986 576 235 341 1727 659 242 241 372 522 8428 7400 410 7116
is_linear=0
shrinkage=0.03


Tree=29
num_leaves=31
num_cat=0
split_feature=1 72 69 52 8 24 61 42 39 46 48 51 64 81 76 2 43 82 8 6 42 75 73 63 15 82 22 22 34 52
split_gain=2.43996 0.974581 1.02988 0.967348 1.32493 0.984331 0.858846 0.806216 0.974312 0.951486 0.724185 0.628028 1.1342 0.545206 0.476036 0.618811 0.57767 0.670907 0.439095 0.570922 0.494651 0.528576 0.798774 0.666322 0.452816 0.455853 0.394651 0.655185 0.375171 0.373612
threshold=40.466384180790968 174.97500000000002 3.5000000000000004 0.37844626922446079 177.50000000000003 14.816666666666668 562.45000000000016 0.46299899120910798 22.60063291139241 0.21079079608569165 138.90288210775029 7.9943708096239714 0.31776392676275816 28.350000000000005 1.0000000180025095e-35 38.416666666666679 0.64589803312629412 10.850000000000003 133.50000000000003 50.858864887708698 0.33400537634408606 192.73333333333338 93.500000000000014 464.60000000000008 34.035714285714292 7.9500000000000011 135.94620643956509 154.01879352294659 17.080128205128208 0.47126061908016803
decision_type=10 10 2 10 10 8 10 10 10 8 2 2 2 2 2 10 8 2 10 10 8 10 2 10 10 2 8 10 8 10
left_child=18 7 14 4 11 6 -5 -2 13 -10 -7 -4 26 29 15 -3 17 -16 19 20 -1 22 23 28 25 -25 -13 -28 -22 -9
right_child=1 2 3 5 -6 10 -8 8 9 -11 -12 12 -14 -15 16 -17 -18 -19 -20 -21 21 -23 -24 24 -26 -27 27 -29 -30 -31
leaf_value=-0.27427462943619074 -0.097362233275476912 0.30458716500795274 -0.057042445698877675 0.89777960763362685 1.2017293397144639 -0.031803976202146061 0.88135556349990452 0.21732487987601642 0.9891974577807976 0.60699990438132201 0.93563954764648305 -0.27014577212174073 0.74850498804841781 0.84960226657709581 -0.28191413956622846 -0.49516851107714244 0.58085243273918208 0.24181268292731814 -0.50037081378913506 0.25936824633765676 0.2376754921830401 -0.8846091592831502 0.27117147027508209 0.68124475453742928 -0.34693913902259649 0.04709276758624327 0.78248787137083109 -0.31066928146743 -0.41093468334796551 -0.61596217404721887
leaf_weight=2066.2527907472104 1169.8986090440303 59.641436463221908 149.95711462385952 66.324117099866271 86.160941958427429 108.7384461145848 73.192117035388947 260.10364815033972 15.930457888171075 34.857743823900819 68.491978244856 77.781670961529016 89.880898103117943 25.595229199156165 137.62878216803074 216.34633124247193 60.319795867428184 97.810077156871557 233.66921352036297 74.429564734920859 20.357649611309171 64.028033256530762 69.291798382997513 61.916308470070362 74.908237654715776 86.919616328552365 73.57028441131115 84.874790109694004 339.1599839553237 48.662592900916934
leaf_count=7909 6006 113 264 151 101 190 80 1098 115 194 101 144 119 101 265 390 118 189 558 166 89 115 109 109 171 263 113 109 2448 211
internal_value=-0.000197484 0.000411052 0.000970055 0.00161414 0.000864515 0.00293781 0.00481526 -0.000110735 0.00107806 0.00490757 0.00144115 0.000241401 0.000979601 0.000483475 -2.12095e-05 -0.000915616 0.000813681 0.000137591 -0.000789194 -0.000686436 -0.000756008 -7.66729e-05 0.000180089 -0.000183699 0.00109871 0.00205159 -0.000115616 0.000743186 -0.000982632 0.000128051
internal_weight=6096.7 3005.77 1450.72 878.972 562.226 316.747 139.516 1555.05 385.15 50.7882 177.23 476.065 326.108 334.361 571.746 275.988 295.759 235.439 3090.93 2857.26 2782.83 716.582 652.554 583.262 223.744 148.836 236.227 158.445 359.518 308.766
internal_count=22109 10172 2447 1372 850 522 231 7725 1719 309 291 749 485 1410 1075 503 572 454 11937 11379 11213 3304 3189 3080 543 372 366 222 2537 1309
is_linear=0
shrinkage=0.03


Tree=30
num_leaves=31
num_cat=0
split_feature=6 11 52 64 70 16 61 82 47 24 30 70 68 55 75 44 62 19 82 66 50 54 17 23 54 62 36 54 52 28
split_gain=3.03034 1.24223 1.038 1.10546 0.974043 0.928305 0.932484 1.35748 1.16794 1.01157 0.88613 0.704715 0.538764 0.622479 0.505342 0.65011 0.714166 0.502453 0.618562 0.413923 0.411549 0.427887 1.02438 0.617053 0.524932 0.549667 0.34814 0.400989 0.370926 0.37192
threshold=43.324294495426223 51.050000000000004 0.34456145709845792 0.26483157365510313 52.333673816819889 1.5000000000000002 574.25000000000011 6.2500000000000009 0.2678571428571429 14.707142857142857 14.412841078781847 53.720313601127565 8.4641025641025642 212.51726190476191 191.2416666666667 0.021322058556101111 470.60000000000008 3.1000000000000005 5.9500000000000011 31.500000000000004 8.1194918051588143 204.25138888888893 5.5000000000000009 14.472222222222223 173.43333333333337 600.20000000000016 3.9750000000000001 151.31250000000003 0.58852755194218609 19.697826086956525
decision_type=10 10 8 2 2 2 8 2 10 8 10 2 2 2 10 8 10 8 2 2 2 2 10 10 2 8 10 2 10 8
left_child=17 5 3 11 -4 -2 12 -8 -9 10 -10 -3 14 -14 15 16 -7 18 -1 26 -19 24 23 -23 25 -22 28 -28 29 -17
right_child=1 2 4 -5 -6 6 7 8 9 -11 -12 -13 13 -15 -16 19 -18 20 -20 -21 21 22 -24 -25 -26 -27 27 -29 -30 -31
leaf_value=0.42048720856016897 -0.34280687212361599 -0.017258442811100352 0.58043198333166046 1.4832219067648298 -0.24626042066489573 0.020702435851500809 0.99218477205208111 -0.37678492536176583 0.13509238611588154 -0.020000579922792968 0.6584819162797686 1.4416541150573228 0.079655314279348771 0.818472196950771 -0.43912536991744244 -0.41063857495953937 0.66072980636674927 -0.32053615456309259 -0.018921712640172075 0.37012162235394097 -0.12755672283184552 0.22775391423019825 -0.44009200262034082 0.62766907823409945 -0.47668675178463599 0.22676062718415854 -0.098624103379603978 0.62006603692796192 0.65004037261991865 -0.033293069410439809
leaf_weight=46.334185566753149 248.91949439607561 69.888181857764721 106.02895935624838 71.892663434147835 114.17284432798624 57.057021122425795 168.66721600294113 165.94329173117876 108.22361445426941 166.27714715152979 96.766923405230045 88.325019206851721 118.22404067218304 53.444203913211823 122.23510068655014 240.44314617849886 40.358117148280144 1539.8113766293973 327.79395586438477 48.371610343456268 772.5421812273562 101.83703393116593 105.86216589808464 68.031218260526657 324.90345716103911 25.667442984879017 28.930521851405501 40.069400228559971 22.027275200933218 595.93215971440077
leaf_count=190 1164 106 176 125 208 274 177 179 114 182 102 144 570 82 175 1058 71 7108 1790 162 3390 157 128 99 866 44 144 153 113 2796
internal_value=-0.000122009 0.00060972 0.00204997 0.0034546 0.000573171 0.000329636 0.000537649 0.00142229 0.000682058 0.00161599 0.00302103 0.00203049 8.01696e-05 0.00164666 -0.000145973 6.28988e-05 0.00238686 -0.000734333 0.000300455 -0.000171317 -0.000866132 -0.000493116 0.000564307 0.00200338 -0.00075299 -0.000338275 -0.000313489 0.00172161 -0.000478887 -0.00058166
internal_weight=6084.98 2772.2 450.308 230.106 220.202 2321.89 2072.97 705.878 537.211 371.268 204.991 158.213 1367.09 171.668 1195.42 1073.19 97.4151 3312.78 374.128 975.774 2938.65 1398.84 275.73 169.868 1123.11 798.21 927.403 68.9999 858.403 836.375
internal_count=22047 8275 759 375 384 7516 6352 754 577 398 216 250 5598 652 4946 4771 345 13772 1980 4426 11792 4684 384 256 4300 3434 4264 297 3967 3854
is_linear=0
shrinkage=0.03


Tree=31
num_leaves=31
num_cat=0
split_feature=19 60 89 62 54 69 74 79 23 29 74 54 82 23 59 50 66 68 19 3 70 70 60 8 61 62 60 46 79 20
split_gain=2.34964 1.11672 1.08118 1.02193 0.845775 0.787964 1.24063 1.30482 0.787673 0.753506 0.70782 0.690161 0.61242 0.611008 0.594091 0.474701 0.456821 0.450769 0.630507 0.428654 0.396947 0.446692 0.637301 0.456852 0.422343 0.399147 0.391275 0.582715 0.468727 0.503223
threshold=2.5500000000000003 662.85000000000014 2024.5000000000002 474.05000000000007 245.96388888888893 4.5000000000000009 -7.5583333333333362 25.500000000000004 39.690476190476197 10.00568181818182 1.5583333333333373 227.23333333333338 7.6500000000000012 23.267857142857146 6.5000000000000009 8.6916117642427473 32.500000000000007 -3.6876893939393933 1.4500000000000002 96.700000000000003 44.738525530694211 49.804507337526211 506.76666666666671 135.50000000000003 446.10000000000008 483.90000000000003 667.00000000000011 0.28602894902454379 21.500000000000004 0.95000000000000007
decision_type=8 10 2 10 2 2 10 2 8 10 10 2 2 10 8 2 2 2 10 10 2 2 8 10 8 10 10 10 2 8
left_child=1 4 14 -4 9 26 11 -8 10 -1 -9 -7 13 -11 -2 -16 19 -15 -19 20 -14 23 25 24 -22 -23 27 28 -5 -30
right_child=2 -3 3 5 -6 6 7 8 -10 12 -12 -13 16 17 15 -17 -18 18 -20 -21 21 22 -24 -25 -26 -27 -28 -29 29 -31
leaf_value=1.619529008341428 -0.098106971739903334 0.95824155417449364 0.34975505894793696 -0.58624952864503221 1.2287094229524649 -0.37020093250792996 0.36946892292151656 0.42786374651399528 -0.12599675155413365 1.26296766516408 -0.016822831768735405 0.21647395744782649 -0.25164591752122051 1.3625448181612174 -0.42639087643835211 -0.089245086853987771 0.60018407660399342 0.82945032388693052 -0.20199568338996612 0.6667463990162974 0.66749079113103871 0.013017425003126276 -0.45590710996300809 1.6121051365041976 -0.26774729771923189 0.68340307167833403 -0.36917673669858275 0.22190452105764005 -0.15750239017574591 0.31090585888584443
leaf_weight=31.859949328005314 1427.8175915069878 72.286609292030334 97.625163495540619 158.46454387903214 47.321796849370003 247.72278827428818 111.92282271385193 175.92282271385193 133.35273665189743 38.441574657335877 141.30705678462982 98.954320132732391 263.28316671401262 32.354431919753551 1180.8188706953079 414.02620637044311 25.1597945317626 67.465819695964456 73.349616980180144 22.986686740070581 33.89301878400147 128.42229638248682 74.80407939106226 27.199220608919859 28.614946102723479 19.645239237695932 166.77951806783676 153.90864026546478 436.77473318576813 150.35273665189743
leaf_count=111 7892 76 123 176 57 283 121 185 148 158 164 107 1324 100 6350 1835 71 210 264 47 228 727 89 75 80 41 174 170 490 165
internal_value=-0.000182266 0.00115667 -0.000441804 8.58481e-05 0.000870151 -6.2912e-05 0.000585599 0.00145461 0.000730135 0.000654162 0.00154203 -0.000824551 0.000478328 0.00186887 -0.000803603 -0.00120141 4.53748e-06 0.00109419 0.000348812 -0.000164709 -0.000327836 0.000394672 -0.000326306 0.00216975 0.000727169 0.000814138 -0.000615907 -0.000367371 -0.000714434 -0.000322091
internal_weight=6082.84 987.088 5095.75 2073.09 914.802 1975.46 909.183 562.505 450.583 867.48 317.23 346.677 835.62 211.611 3022.66 1594.85 624.008 173.17 140.815 598.849 575.862 312.579 222.872 89.7072 62.508 148.068 1066.28 899.501 745.592 587.127
internal_count=22041 3658 18383 2306 3582 2183 1008 618 497 3525 349 390 3414 732 16077 8185 2682 574 474 2611 2564 1240 857 383 308 768 1175 1001 831 655
is_linear=0
shrinkage=0.03


Tree=32
num_leaves=31
num_cat=0
split_feature=67 89 29 45 49 71 69 79 24 22 2 68 31 51 62 51 60 73 53 15 55 63 60 31 75 58 46 2 5 30
split_gain=2.40956 1.42557 1.72427 1.81366 0.974544 1.21119 1.11089 1.70613 1.05734 1.01374 0.666643 0.506676 0.428749 0.486034 1.13277 0.464146 0.561558 0.459968 0.381332 0.377953 0.488734 0.449087 0.378561 0.365979 0.354379 0.32288 0.289556 0.280523 0.446918 0.358557
threshold=42.167124542124547 2024.5000000000002 4.0208333333333348 0.052747507535358222 143.37262970872877 1.9026232715308373 3.5000000000000004 33.500000000000007 14.816666666666668 161.91684795745712 80.500000000000014 -5.1086281037591901 10.242433147223041 8.73957901462955 631.30000000000007 8.8188145384967083 496.50000000000006 95.500000000000014 0.42687289021246894 49.759615384615394 224.35000000000002 493.30000000000007 494.60000000000008 9.994511525795831 186.00000000000003 174.07857142857145 0.45049019607843144 47.833333333333336 49.702941176470596 22.661771703964416
decision_type=2 2 10 8 2 2 2 2 10 10 10 2 10 2 10 2 8 2 10 10 2 8 10 10 10 2 10 10 10 10
left_child=10 19 18 -4 6 8 -5 -8 -6 -10 12 -12 13 23 15 -15 17 24 -3 26 21 22 25 27 -17 -21 -2 28 29 -1
right_child=1 2 3 4 5 -7 7 -9 9 -11 11 -13 -14 14 -16 16 -18 -19 -20 20 -22 -23 -24 -25 -26 -27 -28 -29 -30 -31
leaf_value=-0.27547510890015686 -0.167386337398748 -0.012072564476647613 -0.24811474796772751 0.18090488114971739 0.94588363135221543 -0.30568611942803425 1.027631707692509 0.74125357597183927 0.7846327357301629 -0.048717255430566986 0.96767092897069373 -0.080555996648731129 -0.48345334479009772 0.30201290821428911 0.39574366006292588 -0.18390486448646043 -0.42995478340176774 0.28745680258714967 -0.35415708721723971 0.15780561789683417 0.26397422826387851 -0.49689931871446064 0.65154630205338548 0.15692643207821419 0.19316468025804595 -0.35488455829764431 0.18957572192322117 -0.36978316008056866 0.13073400803945831 0.34292536376474797
leaf_weight=1621.2125851977617 719.43864639475942 155.03462994098663 135.67084336280823 101.65352839231491 128.1779345870018 186.11493974924088 102.68502581119537 140.41573148965836 115.82833045721054 120.0661273598671 49.062393739819527 49.041997084394097 314.74419919215143 47.000637447461486 133.01731497049332 352.49696345627308 270.16262525320053 25.428972721099854 101.71652323007584 351.20920119434595 48.605244209989905 59.268811527639627 32.175041601061821 30.270001083612442 103.37478250265121 130.06920103542507 34.360402811318636 414.50370491668582 84.446828639134765 44.703398296609521
leaf_count=7936 3901 167 153 113 142 202 113 153 128 131 89 115 694 122 139 1798 340 49 111 2445 113 157 76 55 155 660 136 1528 195 176
internal_value=-0.000170931 0.000510749 0.00122779 0.00177548 0.00226529 0.00147728 0.00351496 0.00461274 0.00248149 0.00128029 -0.00068371 0.00174325 -0.000753383 -0.000646722 -7.24051e-05 -0.000500207 -0.000682093 -6.67992e-05 -0.000969018 -0.000160936 0.000386544 0.000138873 0.000425671 -0.000890283 -0.000289259 0.000211557 -0.000612118 -0.000936457 -0.000769476 -0.000877588
internal_weight=6201.96 2662.49 1287.36 1030.61 894.942 550.187 344.754 243.101 364.072 235.894 3539.47 98.1044 3441.36 3126.62 931.481 798.464 751.463 481.301 256.751 1375.13 621.327 572.722 513.453 2195.14 455.872 481.278 753.799 2164.87 1750.36 1665.92
internal_count=22292 8901 1413 1135 982 603 379 266 401 259 13391 204 13187 12493 2603 2464 2342 2002 278 7488 3451 3338 3181 9890 1953 3105 4037 9835 8307 8112
is_linear=0
shrinkage=0.03


Tree=33
num_leaves=31
num_cat=0
split_feature=1 19 75 58 5 28 45 69 80 54 63 78 22 7 6 7 1 62 5 2 2 60 82 90 63 55 20 30 53 27
split_gain=2.17625 1.151 1.28107 1.02368 1.3558 0.899602 0.722533 0.953321 1.32066 1.01225 1.00152 0.634218 0.688271 0.621188 0.581666 0.763634 0.561011 0.529401 0.630438 0.494682 0.493253 0.522263 0.574118 0.499825 0.690653 0.682307 0.583107 0.486756 0.45041 0.491569
threshold=40.901388888888896 2.5500000000000003 195.80000000000004 206.26031746031748 41.975000000000009 26.826623725174453 0.062663612565445045 4.5000000000000009 15.550000000000002 181.14583333333337 627.05000000000007 36.250000000000007 163.17894736842109 42.550995123974154 34.02766199760471 18.113975337627028 46.756250000000009 470.60000000000008 52.261363636363647 16.166666666666668 37.833333333333336 662.85000000000014 2.7000000000000006 16.500000000000004 603.80000000000007 168.90555555555557 0.23611111111111113 15.347065141846214 0.40304474136527796 146.40343798904541
decision_type=10 8 10 2 10 8 8 2 2 2 10 2 10 8 8 8 10 10 10 8 8 10 2 2 10 2 8 10 10 10
left_child=14 2 5 -3 -5 13 -6 8 -8 -9 -10 12 17 -2 -1 -16 -11 28 -19 -17 -21 22 -22 24 -24 26 -25 -28 29 -7
right_child=1 3 -4 4 6 11 7 9 10 16 -12 -13 -14 -15 15 19 -18 18 -20 20 21 -23 23 25 -26 -27 27 -29 -30 -31
leaf_value=-0.31763399425748767 0.21766392957015937 -0.10792432937819285 2.4524216011079738 0.82865776114957013 -0.32388607198933755 0.071294044114117119 -0.36391502193721359 1.083332809224028 0.5132006720716189 -0.14017914252704541 -0.070959705651140723 0.46778718240911971 -0.17158305255865861 1.3724670972709681 1.0411087417271343 0.12214593485447109 0.40703875102795356 0.938640801101573 0.30786578198589809 -0.32706274764870441 0.52958347404248884 0.1828986482858595 0.016581219988974709 0.51889411051505074 0.83517247157196428 -0.34189910229337439 -0.540255425586044 0.35640767448663835 -0.27159921259207281 1.2125716626019403
leaf_weight=1594.2793219089508 35.785577358677983 1115.606262145564 44.015625 107.12001544423401 150.20595547929406 148.02692913264036 189.15138578601182 87.732038488611579 109.76111184246838 113.08250786364079 106.08030980825424 65.68704591318965 99.566950989887118 46.351857263594866 37.83349097147584 34.172841744497418 130.44885189831257 63.75105588696897 143.80380822718143 461.92999944277108 37.186455024406314 63.286609292030334 267.47449799068272 19.159201119095087 29.712401032447815 588.97710259072483 41.928329586982727 41.160825468599796 101.84786074794829 26.266396729275584
leaf_count=6917 149 6013 45 161 190 811 247 116 162 124 110 193 222 88 168 105 141 131 209 1564 87 67 1138 118 38 1595 369 265 475 160
internal_value=-0.000104207 0.000494079 0.00148187 0.000130547 0.000830444 0.00117763 0.000443082 0.000830083 -0.00014669 0.0020211 0.00145399 0.000799845 0.000482078 0.00411693 -0.000640586 -0.000240525 0.00101685 0.000949959 0.00209083 -0.00034215 -0.000421686 -7.28763e-05 -0.000237072 -0.000376157 0.000651222 -0.000818173 0.00143406 0.000319608 8.79981e-05 0.0010124
internal_weight=6101.39 2884.29 775.103 2109.19 993.582 731.087 886.462 736.256 404.993 331.263 215.841 648.95 583.263 82.1374 3217.1 1622.82 243.531 483.696 207.555 1584.99 1550.82 1088.89 1025.6 988.412 297.187 691.225 102.248 83.0892 276.141 174.293
internal_count=22178 9747 2483 7264 1251 2438 1090 900 519 381 272 2201 2008 237 12431 5514 265 1786 340 5346 5241 3677 3610 3523 1176 2347 752 634 1446 971
is_linear=0
shrinkage=0.03


Tree=34
num_leaves=31
num_cat=0
split_feature=19 75 15 72 5 80 30 13 52 77 8 58 72 0 52 58 60 82 24 32 23 0 48 55 62 62 51 15 60 86
split_gain=2.07896 1.28134 0.98758 1.00237 0.828334 0.796926 1.1907 2.46728 1.06598 0.624911 0.591688 0.533285 0.659999 0.526145 0.545063 0.478314 1.26827 0.581438 0.726689 0.477623 0.646223 1.00459 0.591199 0.535565 0.530477 0.449397 0.415764 0.529088 0.719248 0.511133
threshold=2.5500000000000003 194.25833333333335 45.035714285714292 175.30625000000003 83.316666666666677 13.15 19.948840738996186 4.1000000000000005 0.27613393372148243 1.0000000180025095e-35 115.50000000000001 239.95000000000005 170.05000000000004 5.5000000000000009 0.20286026431539708 248.04285714285717 646.60000000000014 7.6500000000000012 16.133928571428573 9.6534981240344315 23.563492063492067 94.500000000000014 142.58146708928311 260.55714285714288 474.05000000000007 557.05000000000007 9.3177627225035522 31.038461538461544 606.15000000000009 1.0000000180025095e-35
decision_type=8 10 8 10 10 2 8 10 10 2 10 2 8 2 10 2 10 2 10 10 10 2 2 2 10 10 2 10 10 2
left_child=1 4 26 11 15 6 7 8 -5 -10 -8 25 -13 -7 -15 16 17 18 -1 20 21 23 -22 24 -16 -4 -2 28 29 -28
right_child=2 -3 3 5 -6 13 10 -9 9 -11 -12 12 -14 14 19 -17 -18 -19 -20 -21 22 -23 -24 -25 -26 -27 27 -29 -30 -31
leaf_value=0.88064637748090002 -0.24869785924632409 1.6737862719514967 -0.13391621661069464 0.71049534395447822 0.88256725583857665 -0.61350391368498236 0.41751325302717474 1.1992817149810477 -0.42063517609246048 0.320921291505811 -0.58133791034923776 0.33640581271653919 -0.25458803979166345 -0.072189331020976522 0.14083516521794379 -0.3850589457974169 0.98953698427737868 0.011428230511748723 0.21113401168305443 -0.23334814331071074 -0.34264104741803164 0.72376295724763096 0.57601031056478902 0.42336648451979392 -0.34782544024317286 -0.76763511697797893 -0.082833654828384756 -0.20651462005433985 1.01237620069989 0.40023681914207387
leaf_weight=49.382629822939634 1993.1413260828704 86.03125 1105.855504013598 76.129311192780733 36.799530819058418 87.718253914266825 80.722688376903534 80.584514619782567 74.266838995739818 71.193596486002207 104.1578604709357 108.49400442838669 93.113002359867096 98.932568691670895 52.849515113979578 57.127184808254242 25.52440619468689 594.11781926639378 146.77195354923606 137.05214397609234 142.02557841874659 60.638213261961937 71.347548197954893 62.748020648956299 51.108867354691029 76.509481489658356 164.68996556289494 275.82804321311414 30.571528613567352 33.28459820151329
leaf_count=147 8788 88 5965 105 59 172 143 139 102 122 128 123 107 145 163 64 28 2715 569 180 234 88 108 71 74 95 688 691 33 106
internal_value=-0.000114399 0.0011394 -0.000357801 4.73116e-05 0.000805732 0.0006623 0.00160936 0.00276655 0.00111888 -0.000390304 -0.000286692 -0.000508877 0.000914058 5.75598e-05 0.000341884 0.000616706 0.000803206 0.000585859 0.00199758 0.000694691 0.00117514 0.00228435 -1.18454e-05 0.00106723 -0.000257948 -0.000752071 -0.000785135 -1.56104e-05 0.00104935 0.000376762
internal_weight=6128.72 995.755 5132.96 2635.45 909.724 1251.48 487.055 302.174 221.59 145.46 184.881 1383.97 201.607 764.421 676.702 872.924 815.797 790.272 196.155 577.77 440.718 227.345 213.373 166.706 103.958 1182.36 2497.52 504.374 228.546 197.975
internal_count=22240 3670 18570 8264 3582 1974 739 468 329 224 271 6290 230 1235 1063 3523 3459 3431 716 918 738 396 342 308 237 6060 10306 1518 827 794
is_linear=0
shrinkage=0.03


Tree=35
num_leaves=31
num_cat=0
split_feature=5 46 23 55 71 67 31 81 76 70 61 47 23 42 24 11 82 46 67 1 56 58 82 59 30 50 5 55 66 25
split_gain=1.79834 0.87501 1.10065 0.790207 1.33872 0.886091 1.06193 1.46129 1.01 0.725168 2.24828 0.599209 0.704763 0.741528 0.568901 0.536946 0.90855 0.650366 0.649716 0.645058 0.699246 0.49273 0.533355 0.485135 0.574735 0.40668 0.550855 1.01152 0.414467 0.373383
threshold=43.908333333333339 0.25052301255230131 38.845238095238102 229.91666666666671 1.5340277777777802 47.15228818800248 8.329756795422032 18.150000000000002 1.0000000180025095e-35 51.103030108080297 556.60000000000014 0.47222222222222227 14.950000000000001 0.26096575606002315 19.707142857142859 3.8166666666666669 4.5000000000000009 0.064690496948561479 41.09221466364324 50.367883995703558 144.24727218879192 167.10555555555558 3.7500000000000004 3.5000000000000004 20.517597493281389 8.2502253106915866 38.908333333333339 289.38333333333338 14.500000000000002 20.14656931171481
decision_type=10 8 8 2 2 2 8 2 2 2 10 10 10 10 8 10 2 10 2 10 2 2 2 10 8 2 10 2 2 10
left_child=9 2 11 21 5 8 7 -7 -5 25 -11 15 -13 29 -6 -2 -17 -18 -19 20 -20 22 -3 -23 -25 -1 27 28 -27 -14
right_child=1 3 -4 4 14 6 -8 -9 -10 10 -12 12 13 -15 -16 16 17 18 19 -21 -22 23 -24 24 -26 26 -28 -29 -30 -31
leaf_value=-0.26798048335157987 -0.25415568698668739 0.74302968672356984 -0.32748797384738687 0.53827693606826787 -0.12798733184292463 -0.030176332740298333 1.3941007643749304 0.73526029472395094 -0.29025959643807997 -0.11685876033651837 1.1477654340057468 0.59251075465605163 -0.48064513855800822 0.70263655869685315 0.38522672302699767 1.2791262528099425 -0.28803075197225197 -0.64933594753988566 -0.098323732498775906 -0.11916178163029228 0.88570710079549608 -0.20567702884868228 0.13648663220615928 -0.073964718637123492 0.35521817680164641 -0.12765937059674726 -0.22618017086394146 0.34417292941486211 0.50000162906611822 0.10171362921525127
leaf_weight=1938.0960924327374 154.55534135177732 21.445836631581187 288.10820895433426 104.10314648784697 159.76908102631569 127.11518726684153 128.61037456989288 96.263051331043243 99.782894611358643 106.58245312981308 26.730705678462982 31.436882987618446 76.316893989220262 47.780607776716352 135.1247223764658 29.459196595475078 88.867775807157159 35.867892161011696 36.698862036690116 63.217479288578033 56.942344464361668 218.05989235639572 484.11445487104356 125.31812585890293 34.587759740650654 873.28992414660752 372.89597865007818 136.16061961650848 27.621920723468065 39.80910536646843
leaf_count=9107 357 103 870 121 176 148 143 108 116 518 29 101 274 158 151 67 255 101 183 316 141 747 2723 424 94 3317 1036 144 118 91
internal_value=-0.000124589 0.000458943 -0.000273202 0.000859523 0.00151156 0.00237705 0.00328689 0.00202176 0.000797908 -0.000574362 0.00158779 0.000401574 0.00179157 0.000985373 -0.00012241 -0.00018418 0.000533989 1.59471e-06 0.000980084 0.00181319 0.00338091 0.000230664 0.000842523 -0.00058781 0.000664995 -0.000660903 -0.000272983 8.28588e-05 -0.000282245 -0.000315847
internal_weight=6164.73 2683.36 949.061 1734.29 850.768 555.875 351.989 223.378 203.886 3481.38 133.313 660.952 195.343 163.907 294.894 465.609 311.054 281.594 192.727 156.859 93.6412 883.526 505.56 377.966 159.906 3348.06 1409.97 1037.07 900.912 116.126
internal_count=22237 7968 2914 5054 963 636 399 256 237 14269 547 2044 624 523 327 1420 1063 996 741 640 324 4091 2826 1265 518 13722 4615 3579 3435 365
is_linear=0
shrinkage=0.03


Tree=36
num_leaves=31
num_cat=0
split_feature=1 44 44 40 62 73 78 1 41 44 43 39 46 52 1 42 63 15 4 37 82 72 23 49 54 54 62 62 72 5
split_gain=2.23905 1.20018 0.984041 1.04432 0.804276 0.859772 0.628336 0.646143 0.693842 0.620383 0.607487 0.602915 0.583359 0.706163 0.72409 0.756461 0.701573 0.677294 1.00694 0.542698 0.585126 0.525718 0.517042 0.540035 0.482666 0.805428 0.558057 0.464172 0.428248 0.482686
threshold=40.901388888888896 0.22910847299813783 0.20681366047745361 35.415118870728094 662.85000000000014 118.50000000000001 37.250000000000007 53.870833333333344 0.25000000000000006 0.087340114039143171 0.39882672722268103 22.60063291139241 0.30453442806493752 0.53466595083215773 41.444722222222232 1.0000000180025095e-35 445.05000000000007 60.414285714285718 61.828571428571429 8.1535528025789485 6.8500000000000005 173.15833333333336 45.211111111111116 136.0221215757301 233.40000000000003 219.83333333333337 600.20000000000016 704.1500000000002 173.92500000000004 44.519230769230781
decision_type=10 8 10 8 10 2 2 10 8 10 10 10 10 10 10 8 10 10 10 8 2 8 10 2 2 2 10 8 8 10
left_child=24 2 4 -4 5 6 7 8 -2 -8 11 19 13 14 15 -3 -15 -14 -19 -10 -21 -20 -12 -24 25 -1 -27 -16 29 -22
right_child=1 12 3 -5 -6 -7 9 -9 10 -11 22 -13 17 16 27 -17 -18 18 21 20 28 -23 23 -25 -26 26 -28 -29 -30 -31
leaf_value=-0.2043001751764234 0.69101706926979145 -0.60803014378027054 0.079542629829708889 1.1979942559041092 1.4943685818332155 0.74693072714738817 1.0374190398025505 -0.11675921093001505 -0.29872963508933836 -0.058624361823239893 -0.058582752002199638 0.81161733352411725 0.0039782403669394737 -0.45451386988358888 -0.13444163721606314 1.0021229112337575 1.4815705622886539 0.62084897682687845 0.33380178142789985 1.2640820314558114 -0.28750529956489768 -0.73659792485976061 0.84298797927801328 0.011542373808757911 -0.45417159148767111 -0.066655414115102188 0.44475926945960681 0.16263638224234347 -0.30948879851500977 0.76817175321467823
leaf_weight=2767.6012795902789 26.705113112926483 25.581501550972462 35.225522551685572 33.619634702801704 112.4299139380455 49.636213421821594 51.469464430585504 298.80090946890414 56.906621035188437 38.076493754982948 402.92785499989986 56.447586666792631 288.4771846588701 22.228268776088953 987.76151246018708 25.265148166567087 31.197789959609509 38.616038715466857 29.118636712431908 32.88935199379921 19.957754164934158 39.981316396966577 35.673289254307747 61.061219871044159 250.74420534819365 73.078134506940842 85.811015486717224 30.939540661871433 44.862373756244779 54.199369892477989
leaf_count=11811 36 142 106 108 118 55 144 1021 169 98 1431 175 1114 177 3339 71 74 175 183 97 141 74 160 158 317 133 92 41 131 252
internal_value=-0.000153148 0.000444932 0.00107464 0.00454791 0.000893211 0.000669622 0.000504901 0.000305202 0.000753673 0.00290648 0.000583941 0.00174133 -0.000140216 -0.00048937 -0.000658441 0.00280182 0.00284521 0.00084817 0.00286617 0.000987159 0.0019201 0.000669809 -3.27506e-05 0.00192529 -0.000704666 -0.000595986 0.00147502 -0.000833732 0.000921287 0.00230926
internal_weight=6107.29 2930.06 1410.89 68.8452 1342.04 1229.61 1179.98 1090.43 791.631 89.546 764.925 265.263 1519.17 1122.97 1069.55 50.8466 53.4261 396.193 107.716 208.815 151.909 69.1 499.662 96.7345 3177.23 2926.49 158.889 1018.7 119.019 74.1571
internal_count=22143 9790 4400 214 4186 4068 4013 3771 2750 242 2714 965 5390 3844 3593 213 251 1546 432 790 621 257 1749 318 12353 12036 225 3380 524 393
is_linear=0
shrinkage=0.03


Tree=37
num_leaves=31
num_cat=0
split_feature=18 61 66 6 29 71 51 82 2 39 39 62 54 62 51 72 11 33 61 17 72 52 25 26 63 18 2 73 57 43
split_gain=1.53275 1.37748 1.00329 0.952754 0.829137 0.664229 0.627364 0.600209 0.963607 0.710227 0.585539 0.667545 0.53992 1.21587 0.495752 0.566572 0.475163 0.706013 1.12715 0.474215 0.484171 0.82102 1.31765 0.668011 0.47014 0.481743 0.714879 0.725175 0.463057 0.450171
threshold=2.5000000000000004 669.65000000000009 24.500000000000004 41.644232901045712 10.00568181818182 -10.288690476190473 13.496031746031747 4.6500000000000012 61.416666666666679 16.00342465753425 15.605084745762714 687.9000000000002 162.32500000000002 600.20000000000016 9.4524968979955197 193.52500000000001 33.63333333333334 0.41428571428571431 463.85000000000008 7.5000000000000009 172.35921052631582 0.37334953373843582 16.55736647458502 9.0180006428801054 456.95000000000005 4.5000000000000009 19.166666666666668 52.500000000000007 8.3491133966226538 0.50655071800446261
decision_type=8 10 2 10 10 2 2 2 10 10 8 8 2 10 2 10 10 8 10 10 10 10 8 8 10 10 10 2 2 10
left_child=1 2 4 12 -1 -6 7 8 9 -5 28 16 13 24 -14 -16 17 18 -12 20 -19 23 -23 -22 -2 26 -26 -28 -9 -27
right_child=3 -3 -4 6 5 -7 -8 10 -10 -11 11 -13 14 -15 15 -17 -18 19 -20 -21 21 22 -24 -25 25 29 27 -29 -30 -31
leaf_value=0.71361950710649336 -0.27079949616802024 2.0393525981495957 0.53912095331382703 0.95699269276073928 1.4597458529612324 0.0088981356747596854 0.46807909384004998 -0.0014699821359126018 -0.25688063793413757 0.33006942007219647 -0.21425530441645504 0.18419291210864719 -0.35498248668760723 0.78310961389573108 -0.23289502719942787 0.56406585209678883 -0.11271593935010364 -0.093137908099418493 0.77079333534278294 -0.15210758093975604 -0.45163008778873304 0.77931158450996163 -0.00091303955645497805 0.19864676839991857 -0.37178969285137925 0.031935394553143086 0.041910122621200828 0.71324302422856023 -0.52845221106314044 -0.67963444987978516
leaf_weight=30.271856458857656 829.31707813218236 36.381101548671722 68.900831241160631 57.531642939895391 45.193671021610498 865.59068216569722 44.455602729693055 103.8293115645647 93.275448158383369 89.014526251703501 24.485059713944793 91.714709550142288 1137.8153003174812 24.968502581119537 259.46506674960256 63.875450611114502 447.90175060369074 470.52402422763407 24.966335214674473 141.10655375756323 176.44581138901412 105.3366712462157 97.594400815665722 98.078481009230018 51.33234054967761 311.84096247516572 36.273401461541653 51.13505282998085 160.12792098149657 102.48195257224143
leaf_count=136 5645 37 195 116 136 3421 81 627 171 192 173 103 3483 26 589 74 1193 2346 49 440 384 196 203 188 188 921 179 106 322 319
internal_value=-0.000156293 0.000889004 0.000678981 -0.000371098 0.000420935 0.00025573 9.45599e-05 2.18797e-05 0.00143458 0.00294421 -0.000153217 5.36815e-05 -0.000732425 -0.000312713 -0.00113619 -9.91736e-05 -9.08658e-05 0.000234858 0.0037043 7.40693e-05 0.000316027 0.00098812 0.00243 -8.26808e-05 -0.000433224 0.000244022 0.00176735 0.00340375 -0.00146384 -0.00026911
internal_weight=6141.23 1046.34 1009.96 5094.89 941.056 910.784 2226.39 2181.93 239.822 146.546 1942.11 1678.15 2868.51 1407.35 1461.16 323.341 1586.44 1138.54 49.4514 1089.09 947.979 477.455 202.931 274.524 1382.38 553.064 138.741 87.4085 263.957 414.323
internal_count=22239 3925 3888 18314 3693 3557 6784 6703 479 308 6224 5275 11530 7384 4146 663 5172 3979 222 3757 3317 971 399 572 7358 1713 473 285 949 1240
is_linear=0
shrinkage=0.03


Tree=38
num_leaves=31
num_cat=0
split_feature=19 46 63 37 60 55 11 82 55 46 23 89 54 0 75 55 11 68 49 2 34 3 75 55 4 4 2 60 68 68
split_gain=1.50288 0.97082 0.92069 1.40995 0.781623 1.31304 0.637329 0.603254 0.965838 0.748628 0.550675 0.981511 0.541622 1.13919 0.513469 0.445069 0.589268 0.585594 0.540549 0.454996 0.417183 0.403786 0.402061 0.354727 0.351033 0.399245 0.350233 0.371593 0.321103 0.338442
threshold=3.2250000000000005 0.23923050498110618 606.4000000000002 8.8461832734977364 611.05000000000007 295.42500000000007 18.414285714285715 14.750000000000002 214.17261904761907 0.40580048570894833 23.267857142857146 2024.5000000000002 219.83333333333337 55.500000000000007 170.75833333333335 253.2166666666667 27.450000000000003 8.4641025641025642 145.56125708370442 81.500000000000014 13.97058823529412 105.63333333333334 181.67500000000004 154.92083333333338 59.050000000000004 54.894444444444453 17.166666666666668 578.05000000000007 -7.8074538488331653 -5.2651112651112646
decision_type=8 10 8 10 10 2 8 2 2 10 8 2 2 2 10 2 10 2 2 10 10 10 10 2 10 10 10 8 2 2
left_child=4 6 7 -4 10 -6 24 -3 9 -9 11 20 15 -14 -11 17 -17 19 -19 -8 22 26 23 -1 25 -2 -12 28 -28 -30
right_child=1 2 3 -5 5 -7 12 8 -10 14 21 -13 13 -15 -16 16 -18 18 -20 -21 -22 -23 -24 -25 -26 -27 27 -29 29 -31
leaf_value=-0.42016802857803426 -0.23072925144363821 -0.19497474299008033 0.67063042139916096 0.00081518255090851143 0.80612465348226092 -0.12138453152757303 -0.14350061068798908 -0.20491142228809792 0.52627290058006448 0.050036907232224759 0.55929206446417468 1.1181171043202498 0.42273016258252966 -0.071057553542040131 0.72671404209826029 0.0049537417164188862 -0.36237502720480746 -0.022544943747717809 0.52678694954898342 1.1394026714573815 1.3033946350406378 0.52294732471441219 -0.38714362357092824 0.13078259098112838 -0.63631251482889861 0.17636587963339806 -0.46103494865741468 -0.43575008252857511 0.59693292578871715 -0.0027559217886296491
leaf_weight=24.416900591924787 1784.1153751946986 720.05327921546996 113.56775601953268 180.13165769726038 184.33517426252365 101.52440619468689 728.97046747617424 226.02425767667592 70.416703810915351 42.641451731324196 29.484957300126553 52.303924262523651 131.04533622041345 115.73227269947529 36.801964610815048 103.63968831300735 162.48269605636597 32.10839407145977 29.159817051142454 32.398058287799358 18.554689532145858 26.32054178789258 39.927592754364014 109.51472578011453 133.05720604583621 58.948551338165998 73.119872011244297 101.24855636060238 56.467734983190894 600.70165620185435
leaf_count=244 7130 3096 129 193 196 104 3462 1153 125 274 143 62 180 130 96 119 177 139 79 111 156 49 64 743 251 159 269 119 217 2826
internal_value=-0.000147894 -0.000406092 0.000259286 0.00174789 0.000707875 0.00210675 -0.000685292 -0.000140874 0.000831934 9.72895e-05 0.000353094 0.0016099 -0.000178849 0.00108738 0.00258382 -0.000466585 -0.00153055 -0.000120954 0.00267652 -0.000349285 0.000608574 5.05956e-06 0.000140484 0.000929722 -0.0010273 -0.00091885 -0.000108747 -0.000224269 1.28692e-05 0.000223666
internal_weight=6119.22 4701.29 1389.64 293.699 1417.92 285.86 3311.66 1095.94 375.884 305.468 1132.06 244.718 1335.54 246.778 79.4434 1088.76 266.122 822.637 61.2682 761.369 192.414 887.343 173.859 133.932 1976.12 1843.06 861.023 831.538 730.289 657.169
internal_count=22195 17003 5066 322 5192 300 11937 4744 1648 1523 4892 1269 4397 310 370 4087 296 3791 218 3573 1207 3623 1051 987 7540 7289 3574 3431 3312 3043
is_linear=0
shrinkage=0.03


Tree=39
num_leaves=31
num_cat=0
split_feature=6 2 75 71 29 63 15 63 62 79 31 73 40 36 82 47 23 55 2 5 28 2 63 21 15 25 48 43 28 61
split_gain=1.81491 1.04839 0.83979 0.836639 0.80784 0.745712 0.684611 0.676469 0.95012 0.567602 0.597063 0.650195 0.592248 1.01186 0.607705 0.699427 1.21419 0.891784 0.733172 1.04627 0.694388 1.30002 0.513413 0.512063 0.501446 0.50319 0.679256 0.439061 0.426036 0.594473
threshold=31.475743266652504 80.500000000000014 193.2416666666667 -7.6450207323072616 2.510869565217392 449.67500000000007 48.964285714285722 600.75000000000011 547.55000000000007 80.500000000000014 10.242433147223041 85.500000000000014 42.616791483146379 3.6842592592592598 2.4500000000000006 0.41428571428571431 31.414285714285715 287.32777777777784 41.416666666666679 45.105555555555561 35.298734177215195 40.166666666666679 465.63333333333338 0.29285714285714287 61.527777777777786 12.912287060529179 134.96111665004989 0.51730794834243121 22.861034482758622 461.25000000000006
decision_type=10 10 10 2 8 10 10 10 10 2 10 2 10 8 2 10 10 2 10 8 8 10 10 8 8 10 2 8 10 10
left_child=23 4 3 -3 -2 -6 -5 8 -8 10 12 -12 14 -14 -7 20 17 18 19 27 24 -22 -18 -1 -16 -26 -27 -17 -25 -30
right_child=1 2 -4 6 5 9 7 -9 -10 -11 11 -13 13 -15 15 16 22 -19 -20 -21 21 -23 -24 28 25 26 -28 -29 29 -31
leaf_value=-0.48616007280580387 -0.32423518349119818 0.92075848578961283 0.57919553474837593 0.78566211318582502 -0.12029821710699337 1.0205078621289192 -0.10305519938574548 -0.39556896784581813 1.2320927446393837 -0.22242853842960969 -0.333595645253842 0.091357358511147027 0.034092373435026531 1.4752671292223856 -0.065309053652733831 0.5473369890573182 0.482883401176183 0.37607704789280816 0.031370625954718803 0.64409705106931991 0.81115323482094748 -0.039240353537779951 -0.068107917789876515 -0.21130831558302843 -0.44184010985531935 0.39582166502915817 -0.081780010826413549 -0.41760601365195082 -0.24800278851945989 0.54711942105735789
leaf_weight=684.63208189792931 237.2844266500324 52.170559553429484 141.70089483261108 36.748707240447402 1311.3978501781821 81.849970247596502 146.99225032888353 104.859827876091 64.431356489658356 209.48077744245529 205.21196874789894 120.29939207434654 44.394785843789577 39.010369321331382 732.13822014443576 59.031176215037704 47.969459915533662 89.636213421821594 159.64966628700495 42.125944916158915 66.287468431517482 114.17859598994255 222.40065877325833 752.61306748911738 69.976757297292352 100.24503974243999 62.946688689291477 45.355510434135795 35.389443766325712 21.038264833390713
leaf_count=2878 862 142 147 102 8557 123 651 116 78 382 359 149 107 121 1476 150 184 95 358 94 125 226 396 3419 127 167 95 113 222 53
internal_value=-0.000123681 0.000170947 0.00140277 0.000703806 4.74481e-06 0.000110334 0.000174918 -0.000279984 0.000697301 0.000412984 0.000549092 -0.000640006 0.000745081 0.00320479 0.000635118 0.000519918 0.00129213 0.00234859 0.00156846 0.00309327 7.02109e-05 0.00177292 -0.000257403 -0.00103207 -0.000249619 0.000959314 0.00186855 0.00145355 -0.000520104 0.0019722
internal_weight=6101.45 4607.77 546.904 405.203 4060.87 3823.59 353.032 316.283 211.424 2512.19 2302.71 325.511 1977.2 83.4052 1893.79 1811.94 666.169 395.799 306.162 146.513 1145.77 180.466 270.37 1493.67 965.307 233.168 163.192 104.387 809.041 56.4277
internal_count=22074 15502 1236 1089 14266 13404 947 845 729 4847 4465 508 3957 228 3729 3606 1390 810 715 357 2216 351 580 6572 1865 389 262 263 3694 275
is_linear=0
shrinkage=0.03


Tree=40
num_leaves=31
num_cat=0
split_feature=18 61 29 72 29 24 23 71 45 35 63 27 45 62 75 28 45 15 36 23 58 29 31 23 53 31 62 53 7 80
split_gain=1.36679 1.29359 1.2261 0.654853 0.563716 0.863611 0.533052 1.47198 0.498797 0.830434 0.933559 0.574873 1.06032 1.29145 0.715044 0.644615 0.570111 0.532521 0.493322 0.467401 0.461398 0.44516 0.625112 0.611437 0.685216 0.431956 0.929459 0.474348 0.623756 0.422628
threshold=2.5000000000000004 653.95000000000016 10.00568181818182 175.47500000000002 3.2052631578947373 1.3666666666666669 30.414285714285715 -8.5833333333333304 0.052747507535358222 33.052620381533231 596.80000000000007 143.70259605872121 0.49890829694323152 612.80000000000007 190.75833333333335 32.599065420560756 0.15345368916797492 31.809090909090912 2.3075396825396832 29.236111111111114 283.15952380952388 10.316228070175439 7.2861538505686534 33.267857142857146 0.33849696064681445 4.6496051811035661 587.30000000000007 0.26075793613391957 38.569694405181032 18.550000000000004
decision_type=8 10 10 10 8 8 8 2 8 8 10 10 8 10 10 10 10 8 10 10 2 8 10 8 10 10 10 10 10 2
left_child=1 2 -1 18 20 -6 7 -4 17 10 16 12 -11 -14 15 -13 -10 -7 -2 -9 29 -20 -23 24 -24 26 27 28 -8 -5
right_child=3 -3 6 4 5 8 25 19 9 11 -12 14 13 -15 -16 -17 -18 -19 21 -21 -22 22 23 -25 -26 -27 -28 -29 -30 -31
leaf_value=0.92503375621679929 -0.30462004896141337 1.70966875828295 0.79830292449104545 -0.2324781390949012 0.60995462599515293 0.20187019678799178 -0.11916598590982971 0.036022896656060933 0.68419803633189458 -0.45979856678748349 0.37179535868118518 -0.14668060723935211 0.00092592895681590896 0.77687631971923576 -0.43098935896257473 0.4991086911116393 -0.096165597578083031 -0.24787091562158434 -0.16390597199689352 0.71385535977537395 -0.44122748448491117 -0.00130748354115795 0.0015919353693972481 -0.24305652949127277 1.2521296791841119 -0.17396792736071331 0.69817149975767534 -0.11447283520838354 0.78270791155159225 0.2533493875280074
leaf_weight=37.638151623308659 1289.9609594140202 86.461411356925964 22.035803025588393 123.39195610582829 55.232606396079063 81.825769046321511 22.227875135838985 322.03918050974607 63.644480958580971 154.23605991341174 134.60471600294113 140.86996140517294 311.23802968859673 163.36691910028458 222.93443882465363 74.676042471081018 153.67430064640939 301.04372749105096 1209.7417240031064 29.057947345077991 90.811015486717224 309.30554940737784 19.390784787014127 21.054986884817481 31.676284555345774 364.53905254416168 21.937005162239075 113.5723737962544 14.929432537406681 92.428792905062437
leaf_count=172 6312 91 98 249 82 167 183 1585 137 348 141 265 784 171 247 146 312 482 6010 126 97 1722 138 124 129 1031 24 533 72 185
internal_value=-0.000186795 0.000806094 0.000483469 -0.000390494 3.9117e-06 0.000200824 0.000261017 0.00113053 8.65348e-05 0.000345824 0.00160736 -7.12535e-05 0.000509858 0.00121182 -0.00090391 0.000328083 0.000386653 -0.000873012 -0.000686626 0.000646613 -0.00118561 -0.000332841 0.000559768 0.00305434 0.00480125 -0.000343911 0.000888805 3.24445e-05 0.00292931 -0.000425691
internal_weight=6079.55 1034.44 947.977 5045.11 2163.98 1857.35 910.339 373.133 1802.11 1419.24 351.923 1067.32 628.841 474.605 438.48 215.546 217.319 382.869 2881.13 351.097 306.632 1591.17 381.428 72.1221 51.0671 537.206 172.667 150.73 37.1573 215.821
internal_count=22163 3915 3824 18248 3813 3282 3652 1809 3200 2551 590 1961 1303 955 658 411 449 649 14435 1711 531 8123 2113 391 267 1843 812 788 255 434
is_linear=0
shrinkage=0.03


Tree=41
num_leaves=31
num_cat=0
split_feature=9 2 34 25 62 55 13 90 62 42 73 32 64 71 66 43 52 13 13 34 82 35 81 59 5 60 15 10 52 26
split_gain=1.66547 0.936874 0.687085 0.648624 0.657017 0.726042 0.648249 0.705245 1.41428 0.639484 1.02634 0.673588 0.624548 0.619177 0.535687 0.77388 0.680699 0.808624 1.12164 0.686426 0.772744 0.586716 0.515647 0.50072 0.674334 0.523254 0.497707 0.507621 0.482852 0.464051
threshold=0.47222222222222227 90.166666666666671 12.566964285714286 11.397956917610484 704.1500000000002 307.35000000000008 7.5277777777777786 46.500000000000007 567.75000000000011 0.60234118291347227 92.500000000000014 8.8187294633077773 0.31776392676275816 3.9708968567664198 14.500000000000002 0.40927455484417513 0.24147252236771441 3.2916666666666674 2.1000000000000005 24.563492063492067 12.850000000000003 38.192699609156897 12.450000000000001 3.5000000000000004 46.31666666666667 432.75000000000006 20.04545454545455 0.64583333333333337 0.36137369686804005 6.1591148577449957
decision_type=10 10 8 8 10 2 10 2 10 10 2 10 2 2 2 8 10 10 10 10 2 8 2 10 10 8 8 10 10 8
left_child=1 9 -2 12 5 6 7 14 13 26 11 -11 -4 22 16 -16 17 18 -5 21 -21 -18 -9 25 -25 -23 -1 -28 -24 -8
right_child=2 -3 3 4 -6 -7 29 8 -10 10 -12 -13 -14 -15 15 -17 19 -19 -20 20 -22 23 28 24 -26 -27 27 -29 -30 -31
leaf_value=-0.42454117908890054 -0.24223233829061441 0.11558825288299669 -0.61037735911701174 0.20068621904337747 0.62807653632044691 -0.16226167500814653 0.42228720248682777 0.010892067888786272 1.3914576662626568 -0.13510345450474445 0.66026754950735533 0.48577856448852885 0.50451777179656243 -0.63328506478886537 1.2563321399510146 0.23237925701459161 -0.31883985307767032 -0.10854113733119504 1.2300977567766329 0.85732256367833271 -0.21236117110602334 0.54508162131405968 0.68898872504786135 -0.1381405723430717 0.97186943972572237 -0.086444515583134623 -0.10876598164065555 0.51812196163472612 0.22777331907084886 -0.36667753231419625
leaf_weight=474.50581649318337 197.81809694692492 59.150383442640305 172.83120370097458 30.579223874956369 41.34960412979126 122.66771084070206 50.315821167081594 86.333024777472019 143.28974181413651 248.92067674919963 54.671211093664169 20.558388167992234 36.881424095481634 42.810792151838541 40.756251987069845 83.828987088054419 180.67383190989494 46.784371705725789 25.519962854683399 31.076934646815062 24.101619375869632 55.934380592778325 27.240349402651191 64.282233890146017 63.774821821600199 188.11357243545353 3325.0027337782085 28.355774018913507 31.11737122386694 103.32850267738104
leaf_count=2113 620 125 644 128 43 127 224 306 160 1288 82 112 115 162 106 216 596 180 100 116 118 355 139 209 123 441 12742 109 132 262
internal_value=-0.000124138 -0.000456256 0.000615163 0.000810647 0.00103133 0.000922484 0.00112778 0.001369 0.00253989 -0.000509994 0.000767723 1.63121e-06 -0.000748312 0.000816895 0.000902903 0.0027098 0.000582856 0.00282718 0.00522302 0.000199035 0.00335855 -0.000121844 0.00175351 0.000559164 0.00207056 -0.00023911 -0.000618365 -0.000489386 0.00390612 -0.000700254
internal_weight=6102.57 4211.16 1891.41 1693.59 1483.88 1442.53 1319.86 1166.22 330.791 4152.01 324.15 269.479 209.713 187.502 835.426 124.585 710.841 102.884 56.0992 607.957 55.1786 552.779 144.691 372.105 128.057 244.048 3827.86 3353.36 58.3577 153.644
internal_count=22193 16571 5622 5002 4243 4200 4073 3587 899 16446 1482 1400 759 739 2688 322 2366 408 228 1958 234 1724 577 1128 332 796 14964 12851 271 486
is_linear=0
shrinkage=0.03


Tree=42
num_leaves=31
num_cat=0
split_feature=6 29 89 23 69 45 35 42 25 82 11 11 54 66 62 15 46 0 90 1 5 34 50 46 36 80 22 73 15 30
split_gain=1.19549 0.788016 0.691269 1.19224 0.896249 0.736622 0.669321 0.631544 1.02063 0.770489 0.634687 0.625929 0.551197 0.463804 0.438861 0.387283 0.388622 0.44041 0.428193 0.38032 0.37017 0.791802 0.393078 0.45824 0.547098 0.493554 0.490083 0.355666 0.35174 0.350387
threshold=34.02766199760471 4.3112535612535625 2024.5000000000002 18.527777777777782 5.5000000000000009 0.20530382859149984 33.403068340306838 0.55201809954751146 25.290736984448959 6.3500000000000005 44.31666666666667 51.95000000000001 185.79642857142861 16.500000000000004 509.40000000000003 55.480769230769234 0.36882591093117417 96.500000000000014 22.500000000000004 38.325586286675787 37.51315789473685 23.612500000000004 8.8087509125602157 0.30453442806493752 3.9916666666666667 17.750000000000004 80.094339622641527 82.500000000000014 17.062500000000004 15.182438663791094
decision_type=8 8 2 8 2 8 8 10 10 2 8 8 2 2 8 10 10 2 2 10 10 10 2 10 10 2 8 2 8 8
left_child=28 20 13 4 -4 12 -7 9 -9 10 -8 19 -5 14 15 16 -3 18 -18 -11 21 -2 23 -22 25 -25 -27 -15 -1 -20
right_child=1 2 3 5 -6 6 7 8 -10 11 -12 -13 -14 27 -16 -17 17 -19 29 -21 22 -23 -24 24 -26 26 -28 -29 -30 -31
leaf_value=-0.51697990736940591 -0.10258724624705436 -0.11587943273435569 0.087857705321962382 0.046735936061271494 0.72782639189842535 0.38441323257585847 0.88817651275959142 1.3059967626312508 0.15578026915028551 0.017625962152492913 -0.019873493039181057 0.29297499729623638 -0.1869445147900903 0.087622312338291694 -0.69335881653422093 0.11041338141225196 0.71819888426888745 -0.52462507726951269 0.48938223864266572 -0.20634961142861769 -0.41973856445393537 0.40659608519898655 -0.54371166771986168 -0.46390579029480122 0.46771244011308183 0.37295410383143079 -0.20742015997612157 0.80055909265073733 -0.16053543525665986 -0.73510268143549928
leaf_weight=331.66477472148836 124.95784952118993 1201.4315418060869 130.87714284658432 101.14643716812134 161.05194491147995 109.30392426252365 103.51022374629974 95.272426843643188 131.79683303833008 88.415731489658356 93.604716002941132 179.63934594392776 230.53067123889923 105.95975545421243 51.782620839774609 453.93091355636716 36.843461219221354 23.434237815439701 19.555182674899697 243.75115317106247 239.1943695563823 28.303751181811094 225.4454649835825 43.882207248359919 23.492721816524863 30.768960798159242 36.770648488774896 52.887315273284912 1405.2801044806838 30.377888614311814
leaf_count=1541 469 6531 148 116 179 119 113 106 145 101 100 198 259 706 190 2483 184 69 124 265 798 108 405 196 114 131 143 94 5996 120
internal_value=-0.000133076 0.000130135 0.000312659 0.000762027 0.00250011 0.000391993 0.00078273 0.000521636 0.0018948 7.97574e-05 0.00166861 -0.000534227 -0.000838084 -6.70255e-05 -0.000203189 -0.000122534 -0.000383895 0.00131345 0.00229549 -0.00130439 -0.00075288 0.000560067 -0.00108888 -0.000490236 0.000903536 1.10477e-05 0.00161238 0.00148233 -0.000799215 0.000461616
internal_weight=6134.86 4397.92 3645.1 1668.9 291.929 1376.97 1045.29 935.99 227.069 708.921 197.115 511.806 331.677 1976.2 1817.36 1765.57 1311.64 110.211 86.7765 332.167 752.816 153.262 599.554 374.109 134.915 111.422 67.5396 158.847 1736.94 49.9331
internal_count=22251 14714 12350 1849 327 1522 1147 1028 251 777 213 564 375 10501 9701 9511 7028 497 428 366 2364 577 1787 1382 584 470 274 800 7537 244
is_linear=0
shrinkage=0.03


Tree=43
num_leaves=31
num_cat=0
split_feature=6 71 49 31 58 20 42 31 57 26 54 44 43 60 62 50 51 50 28 75 58 58 73 60 24 9 72 8 8 24
split_gain=1.56874 0.894626 0.986383 0.661509 0.861684 1.3496 0.530859 0.717994 0.529075 0.675503 0.646556 1.23155 0.906188 0.624681 0.831826 0.536332 0.438938 0.66116 0.657402 0.470919 0.442094 0.434037 0.652229 0.429659 0.418552 0.425047 1.0241 0.510348 0.486406 0.919552
threshold=48.304140226492869 -8.933771209633278 162.36294738828977 10.530220209276903 271.31428571428575 0.29285714285714287 0.33400537634408606 9.794866400168317 8.9692810939237244 11.435678749111586 188.82222222222225 0.12915897908979093 0.40927455484417513 584.6500000000002 489.95000000000005 8.4250019437101553 7.8132948550859567 8.4349146603669123 25.472474747474752 190.75833333333335 208.6166666666667 237.37500000000003 85.500000000000014 420.95000000000005 10.732142857142859 0.21111111111111114 181.07500000000002 110.50000000000001 100.50000000000001 18.050000000000004
decision_type=10 2 2 8 2 10 10 10 2 10 2 10 10 10 8 2 2 2 8 10 2 2 2 10 10 10 8 10 10 10
left_child=6 2 -2 4 8 -6 16 24 9 10 13 12 -12 14 23 -13 17 19 20 -1 -19 22 -5 -3 -8 26 -26 28 -27 -30
right_child=1 3 -4 21 5 -7 7 -9 -10 -11 11 15 -14 -15 -16 -17 -18 18 -20 -21 -22 -23 -24 -25 25 27 -28 -29 29 -31
leaf_value=-0.25758005213627627 0.26791886479389404 0.46522637676245721 1.2884675377069299 -0.40782801581162598 -0.25985750006201613 0.50737958631215652 -0.6040544382795684 0.68443136625237466 -0.18173596215110466 0.52643204174151859 1.2668168597523131 -0.23283411533613488 0.39315011606762368 -0.22047965307651679 0.63290258034083902 0.29742050174390938 -0.18193306534468454 -0.054502888332326048 0.77534044835750904 0.23866080838622394 0.42862312976779177 -0.33622511737492544 0.11937854792000421 -0.13786867019655757 0.03455658701064266 -0.025035156734269464 0.87680285477101427 -0.40283241085443022 1.2730800289793009 -0.054170812583389814
leaf_weight=533.01803180761635 122.90221459418535 99.347979478538036 39.595435159280896 146.03820982575417 100.22361445426941 184.84251290559769 77.461176978424191 32.21201397292316 274.26533434353769 50.855211324989796 83.652527559548616 112.08560084924102 103.20995979756117 81.763645648956299 70.897777229547501 58.643317725509405 2622.1585893891752 104.1605383194983 25.184524741023779 63.749514758586884 37.760158969089389 118.47972925007343 58.829200655221939 376.16231701150537 136.0798732675612 192.20449516735971 31.937640383839607 125.57545790448785 17.976448483765125 31.080073211342096
leaf_count=3437 377 911 86 532 106 190 368 103 586 146 129 230 151 91 116 86 8998 541 117 83 62 133 80 1823 938 971 100 456 54 218
internal_value=-0.000213472 0.000455126 0.00258549 0.000273505 0.00052425 0.00201605 -0.000558832 0.000230012 0.000198553 0.000508601 0.000332688 0.00134912 0.00302534 -0.000247151 0.000120531 -0.000492421 -0.000709011 -7.6036e-05 0.00158623 -0.000543373 0.000774524 -0.000961901 -0.000123193 -0.000333538 -2.99828e-06 0.00029665 0.00154154 -0.000276171 0.000531267 0.00316543
internal_weight=6112.35 2081.79 162.498 1919.3 1595.95 285.066 4030.56 644.527 1310.88 1036.62 985.763 357.591 186.862 628.172 546.408 170.729 3386.03 763.873 167.105 596.768 141.921 323.347 204.867 475.51 612.315 534.854 168.018 366.836 241.261 49.0565
internal_count=22219 5773 463 5310 4565 296 16446 3208 4269 3683 3537 596 280 2941 2850 316 13238 4240 720 3520 603 745 612 2734 3105 2737 1038 1699 1243 272
is_linear=0
shrinkage=0.03


Tree=44
num_leaves=31
num_cat=0
split_feature=19 73 75 54 20 50 61 37 29 82 82 44 72 11 67 90 46 68 19 68 63 7 41 55 61 82 75 34 39 44
split_gain=1.31162 0.960092 1.01796 0.744955 1.10848 0.707166 0.693447 0.561485 0.520902 0.710559 0.556886 0.560864 0.583244 0.494691 0.496588 0.509218 0.478692 0.47174 0.548479 0.501526 0.457835 0.454684 0.453628 0.39079 1.19387 0.583996 0.542507 0.505299 0.436013 0.423011
threshold=2.5500000000000003 121.50000000000001 197.05000000000004 219.83333333333337 0.95000000000000007 8.5097643563822167 643.45000000000016 8.7970550231506426 14.7518115942029 12.950000000000001 2.4500000000000006 0.064126753749395263 183.25000000000003 54.350000000000001 59.364583333333343 26.500000000000004 0.076436222005842283 8.1328158923143778 5.7750000000000012 10.347916666666668 492.10000000000008 37.64066949363972 3.2503623188405801 284.62500000000006 650.60000000000002 14.15 185.52500000000003 12.30075187969925 19.707779886148014 0.078464833032188999
decision_type=8 2 10 2 8 2 8 10 10 2 2 10 10 10 2 2 10 2 8 2 8 8 10 2 10 2 10 10 8 8
left_child=1 2 8 16 5 -5 -6 -7 9 21 -10 13 20 14 -12 -16 17 -2 19 -19 -13 -1 -9 25 -25 27 -27 -18 -28 -29
right_child=3 -3 -4 4 6 7 -8 22 10 -11 11 12 -14 -15 15 -17 23 18 -20 -21 -22 -23 -24 24 -26 26 28 29 -30 -31
leaf_value=0.052874621859445907 -0.23122748748556327 0.96986829791056328 1.2573047628640917 -0.23779200740527684 0.5987954931070929 0.28849788669159193 -0.028871388550794189 0.2374633306237289 1.3230192020749703 -0.30679469146949029 -0.052097609808648429 0.16533018038681574 0.73168291510684946 -0.21962651952410822 -0.12968609671966574 0.63791749148392041 -0.56433186548527348 0.48967157604793127 0.25852048159959395 -0.08418842175404051 -0.41480658132927872 1.2600512354256515 -0.24905673554781349 0.29163153683908033 -0.18288434624587913 -0.031454907177860175 0.040771288783634528 0.60435835084861922 0.60841506216132513 -0.095228947173395542
leaf_weight=29.257099788635969 1900.9742123242468 28.937005162239075 29 256.42315040528774 114.21801383048296 90.012299969792366 77.189437389373779 141.97180761396885 25.749576779082417 29.044488715007901 351.79027790017426 182.28017965704203 62.802273135632277 113.52678303048015 25.081315405666828 30.514953911304474 154.58186774142087 41.212336990982294 33.280024882405996 77.050849933177233 41.355609625577927 31.610118145123124 111.08784709870815 160.39961165189743 100.90550774335861 620.34823711961508 75.393220126628876 26.12988899461925 70.692825496196747 1053.8128115776926
leaf_count=136 7644 31 29 339 165 106 91 162 64 150 1542 1024 96 166 94 125 563 151 93 229 72 79 128 178 104 3271 102 121 101 4967
internal_value=-0.000176297 0.000827877 0.000660794 -0.000369352 0.000476607 -0.000159005 0.00245785 0.000731021 0.000483483 0.00263987 0.000247871 0.000106639 0.00117068 -0.000479576 1.01091e-05 0.00261874 -0.000524492 -0.000856132 0.000750849 -0.000215874 0.000446739 0.00445921 4.22238e-06 -0.000223354 0.000865636 -0.000365927 0.000284312 -0.00076952 0.00192241 -0.000538672
internal_weight=6086.63 980.95 952.013 5105.68 790.903 599.495 191.407 343.072 923.013 89.9117 833.101 807.351 286.438 520.913 407.387 55.5963 4314.78 2052.52 151.543 118.263 223.636 60.8672 253.06 2262.26 261.305 2000.96 766.434 1234.52 146.086 1079.94
internal_count=22123 3608 3577 18515 991 735 256 396 3548 365 3183 3119 1192 1927 1761 219 17524 8117 473 380 1096 215 290 9407 282 9125 3474 5651 203 5088
is_linear=0
shrinkage=0.03


Tree=45
num_leaves=31
num_cat=0
split_feature=19 61 6 59 46 63 58 63 63 52 13 75 55 62 36 69 90 82 11 62 24 63 4 7 54 60 54 59 71 52
split_gain=1.56771 1.00393 0.538191 1.0331 0.743365 0.552465 0.832265 0.627299 0.753012 0.737483 0.649056 0.534919 0.58014 0.560069 0.572844 0.526457 0.86851 0.510183 0.465927 0.84519 0.432509 0.611021 0.521844 0.651092 0.524019 0.516416 0.505859 0.507623 0.437367 0.434723
threshold=2.5500000000000003 667.20000000000016 48.304140226492869 7.7500000000000009 0.22673539518900346 653.35000000000014 271.31428571428575 613.55000000000007 535.80000000000007 0.21243886547517921 3.2916666666666674 195.80000000000004 304.72857142857146 587.30000000000007 1.5104166666666667 7.5000000000000009 44.500000000000007 1.5500000000000003 41.527777777777786 457.61250000000007 11.645833333333334 449.67500000000007 30.050000000000004 22.769936315394581 166.1166666666667 481.95000000000005 227.23333333333338 8.5000000000000018 -1.7214052287581685 0.39948365435725036
decision_type=8 10 10 10 8 10 2 10 8 10 10 10 2 10 10 2 2 2 10 10 8 10 8 10 2 10 2 8 2 10
left_child=1 11 17 4 15 6 7 8 9 10 -6 12 13 14 -1 -4 -17 -2 19 -16 -19 -22 23 29 25 -24 27 28 -26 -23
right_child=2 -3 3 -5 5 -7 -8 -9 -10 -11 -12 -13 -14 -15 18 16 -18 20 -20 -21 21 22 24 -25 26 -27 -28 -29 -30 -31
leaf_value=0.02082459193349635 0.44579849621365436 1.7014672246363274 -0.42883617381615846 0.097422877029190572 1.3021184218715354 -0.15402087555730157 0.49333611481971101 -0.14350116593585194 0.52442255517976144 -0.023840261301860295 0.086307919401725705 2.1321071312722242 -0.39799943148489197 0.69069047335443334 0.19438778681611082 -0.20422303009397794 0.49520052335934306 -0.20020772386702901 -0.44508539973130823 2.0526958076363364 -0.26448427244269324 0.14298355209808847 -0.0016373435392524982 0.67855032290971362 0.097072468301250783 0.32878618992781128 0.027524664517550406 -0.64271775882319149 -0.30886018506983631 -0.62159716270776799
leaf_weight=679.52164529077709 51.616734519600868 45.34960412979126 304.44881492480636 51.762203097343445 16.263483762741089 146.98581755161285 118.03293997049332 97.048812389373779 127.27399310469627 397.05730071291327 18.673276068642735 37.03125 55.111807227134705 132.76533561944962 20.838401643559337 121.48593720793724 67.414453566074371 2118.2658507656306 18.867546478286386 20.727780064567924 631.75608980283141 69.189026387408376 204.68068129569292 53.480839045718312 57.481066370382905 96.807093963027 118.67793534696102 141.99330505169928 97.470919718965888 45.613268740475178
leaf_count=2990 110 47 1062 53 108 154 125 102 145 1843 133 39 58 147 252 235 125 8068 110 58 4356 225 793 139 98 145 136 188 170 108
internal_value=-0.000182057 0.000898013 -0.000393911 9.21704e-05 -6.1511e-05 0.000441638 0.000761816 0.00034268 0.000729604 0.000129981 0.00424558 0.000690066 0.000546496 0.000735863 0.000412309 -0.00100014 0.00024356 -0.000587213 0.0031866 0.00492709 -0.000629508 -0.000242631 0.000265896 0.00176409 -8.76499e-05 0.000862898 -0.000777581 -0.00143789 -0.000246668 0.000477986
internal_weight=6163.69 1010.21 5153.48 1466.45 1414.68 921.336 774.35 656.317 559.268 431.994 34.9368 964.864 927.833 872.721 739.955 493.349 188.9 3687.03 60.4337 41.5662 3635.42 1517.15 885.394 168.283 717.111 301.488 415.623 296.945 154.952 114.802
internal_count=22322 3701 18621 4085 4032 2610 2456 2331 2229 2084 241 3654 3615 3557 3410 1422 360 14536 420 310 14426 6358 2002 472 1530 938 592 456 268 333
is_linear=0
shrinkage=0.03


Tree=46
num_leaves=31
num_cat=0
split_feature=18 62 64 79 29 15 43 43 62 49 5 54 15 82 31 71 27 25 13 52 2 4 70 29 48 62 5 5 35 68
split_gain=1.01104 0.809216 0.569866 0.817153 0.802634 0.56004 0.554301 0.719244 0.940293 0.693355 0.568204 0.548663 0.879538 1.33125 0.78962 0.847822 0.987156 0.968446 0.529176 0.433913 0.423357 0.419989 0.612516 0.407104 0.434411 0.523781 0.926673 0.895088 0.882925 0.396074
threshold=2.5000000000000004 662.85000000000014 0.03234524847428074 50.500000000000007 14.592515197568391 16.071428571428573 0.3006826883158818 0.41679728317659359 470.60000000000008 136.0221215757301 49.174242424242429 219.83333333333337 61.527777777777786 9.3500000000000032 9.4543997421893575 -1.8979743273456184 93.989679084018718 16.971087016958581 6.6333333333333337 0.14413355334694114 24.416666666666668 50.45000000000001 31.475443416232892 2.3923076923076927 166.86774527456146 567.75000000000011 41.806250000000006 36.151923076923083 31.951603665521194 3.2214285714285702
decision_type=8 10 2 2 10 10 10 10 10 2 10 2 8 2 8 2 10 8 8 10 10 8 2 10 2 8 10 8 10 2
left_child=1 2 -1 4 -4 -5 -6 8 -8 10 -9 18 14 -14 15 -13 -17 -18 19 21 29 22 -2 -22 25 -25 27 -27 -28 -21
right_child=11 -3 3 5 6 -7 7 9 -10 -11 -12 12 13 -15 -16 16 17 -19 -20 20 23 -23 -24 24 -26 26 28 -29 -30 -31
leaf_value=-0.12203120108941376 0.51255256658117754 1.1373788265982223 1.305805088879699 0.80254368247425645 -0.17984437370669668 -0.10474950289840364 0.28909766030340961 -0.33224392546437742 0.99857760355292891 -0.095905516321444395 0.69678532111930536 -0.30102552126774657 0.80888196329608986 -0.020635571740405055 -0.31114394379426868 -0.23476408142320962 0.49041102633502998 0.1351829977069505 -0.2851629578558787 -0.27630448937022406 -0.17002978724000101 1.3792507989031202 -0.66094631988036268 -0.025867814230937255 -0.16338728278503054 0.030849013884021916 -0.25117150759800166 0.93398794180857181 0.29427783125696633 0.056420968558762469
leaf_weight=303.01908927969635 12.354169733822344 76.492908775806427 28.383546194061637 47.035832596942782 63.565107176080346 314.33455244451761 74.852958409115672 15.546084800735114 68.508327260613441 55.908967554569244 17.339004861190915 121.8247381336987 110.49337469413877 142.62318938970566 169.62276569008827 83.08553896099329 72.401279848068953 86.771122768521309 472.90824495442212 839.63208842650056 286.92475927434862 12.91673821210861 26.37086221948266 1806.785577526316 148.94665084406734 97.118197068572044 173.02990963310003 82.17587348818779 140.85170610249043 152.18718686327338
leaf_count=1277 148 80 125 168 233 1140 426 139 98 162 71 159 138 170 199 100 102 107 2178 3679 1108 79 172 8210 448 114 185 94 157 596
internal_value=-0.000104417 0.000735001 0.000503021 0.000981504 0.00207276 -2.33903e-07 0.00159666 0.00227421 0.00358102 0.000147944 0.00354385 -0.000281937 0.000445385 0.00189812 -0.000245853 0.00054203 0.00156662 0.00294394 -0.000416593 -0.000298007 -0.000336117 0.00240704 0.000779218 -0.000143489 -1.80226e-05 8.3943e-05 0.000949438 0.00266354 -3.50323e-05 -0.000866782
internal_weight=6104.01 1064.99 988.493 685.474 324.104 361.37 295.72 232.155 143.361 88.7941 32.8851 5039.02 786.822 253.117 533.705 364.083 242.258 159.172 4252.2 3779.29 3727.65 51.6418 38.725 2735.83 2448.91 2299.96 493.176 179.294 313.882 991.819
internal_count=22062 3919 3839 2562 1254 1308 1129 896 524 372 210 18143 975 308 667 468 309 209 17168 14990 14591 399 320 10316 9208 8760 550 208 342 4275
is_linear=0
shrinkage=0.03


Tree=47
num_leaves=31
num_cat=0
split_feature=19 61 73 15 63 89 3 3 2 71 59 45 24 28 5 46 46 22 77 46 78 53 90 43 16 71 73 34 74 90
split_gain=1.21274 0.801948 0.679623 0.568068 0.694055 0.674276 0.862266 0.863797 0.714438 0.455629 0.673407 0.897915 1.04108 1.34173 0.859854 0.837516 0.744629 0.475913 0.43702 0.761831 0.825492 0.609842 0.466625 0.444701 0.421185 0.377523 0.377025 0.34764 0.384462 0.483118
threshold=2.5500000000000003 667.20000000000016 120.50000000000001 16.527777777777782 669.25000000000011 2024.5000000000002 23.100000000000005 19.633333333333336 88.833333333333357 4.1637115061078189 8.5000000000000018 0.21729293724178636 17.050000000000004 19.861904761904764 55.105555555555561 0.2494239631336406 0.12531407035175882 133.37651122625218 1.0000000180025095e-35 0.077254641909814334 35.95000000000001 0.20933195075923691 64.500000000000014 0.37521929824561412 16.500000000000004 9.4813330996983982 112.50000000000001 27.775000000000002 -3.2416666666666738 5.5000000000000009
decision_type=8 10 2 8 10 2 10 8 10 2 10 8 8 10 10 10 8 8 2 10 2 8 2 10 2 2 2 10 8 2
left_child=1 2 18 -2 5 26 7 -7 9 10 11 17 13 15 -14 -13 -12 -8 19 20 21 23 24 -1 -20 -11 27 -5 29 -29
right_child=3 -3 -4 4 -6 6 8 -9 -10 25 16 12 14 -15 -16 -17 -18 -19 22 -21 -22 -23 -24 -25 -26 -27 -28 28 -30 -31
leaf_value=0.032092763452434239 -0.49266076078458426 1.6832764966588285 0.9552909118306937 -0.18546327127417001 -0.11212969608996225 -0.015323389944280875 0.34494533324786331 0.43593825417614596 0.25027460360001325 -0.39983634710612959 0.32442289384774159 -0.54578087476183001 -0.33767552611168755 0.83509306349189161 0.30366595986569139 0.24095554710706976 -0.52033972781149673 -0.09588731426496834 -0.12801332462560849 1.1930919874165771 0.62041865454289957 -0.018328800378059781 0.11276732832633542 0.92825587464502801 0.15457094171420949 0.058014539035932414 0.10498810132928781 -0.56906692318624685 -0.18901954747388841 0.32868969580862112
leaf_weight=24.916082674637437 374.76541370898485 44.555903613567352 28.111807227134705 2361.7653869017959 187.66771084070206 93.003132522106171 87.003132522106171 114.00313252210617 153.32123923301697 192.27555936574936 94.034629940986633 88.828330457210541 100.52753871679306 118.38423407077789 95.398416519165039 94.240929424762726 262.84877794981003 183.0377624630928 413.82373667322099 30.982665617018938 50.672109154984355 324.22657712362707 29.754157766699791 22.203343225643039 28.440034806728363 95.653528392314911 42.207355976104736 28.774768672883511 186.9400312807411 174.2101858984679
leaf_count=160 1599 46 31 12469 192 106 100 127 169 216 106 101 116 132 102 106 294 208 1709 178 190 1128 77 130 37 107 67 154 1229 832
internal_value=-0.00014952 0.00080697 0.000620414 -0.0003357 -0.000246888 -0.000173178 0.000284397 0.00209914 4.32548e-05 -0.000168413 0.000104567 0.000605094 0.00136026 0.0024639 -0.000341702 0.000845222 -0.000970417 -0.000785703 0.000477831 0.00114238 0.000802012 0.000306801 -0.000161011 0.0034584 -0.000408609 -0.00123102 -0.000463479 -0.000506973 0.000322241 0.00122345
internal_weight=6126.58 997.686 953.131 5128.89 4754.13 4566.46 1772.56 207.006 1565.55 1412.23 1124.3 767.42 497.379 301.453 195.926 183.069 356.883 270.041 925.019 453.001 422.018 371.346 472.018 47.1194 442.264 287.929 2793.9 2751.69 389.925 202.985
internal_count=22218 3686 3640 18532 16933 16741 1990 233 1757 1588 1265 865 557 339 218 207 400 308 3609 1786 1608 1418 1823 290 1746 323 14751 14684 2215 986
is_linear=0
shrinkage=0.03


Tree=48
num_leaves=31
num_cat=0
split_feature=6 82 39 39 43 62 62 46 73 24 7 72 24 50 1 22 30 1 56 1 66 72 63 50 39 77 5 74 7 53
split_gain=1.0588 0.663663 1.20783 0.916703 0.834091 0.818485 0.726753 0.595813 0.945793 0.658723 0.879886 1.37028 0.812131 0.829894 0.736491 0.698956 1.43482 0.629767 0.719013 0.620993 0.642076 0.784623 0.475147 0.418847 0.499022 0.418637 0.533828 0.416316 0.747482 0.555457
threshold=41.511179450369674 4.6500000000000012 16.229020979020984 14.732057416267944 0.47104443645945626 583.10000000000014 711.55000000000007 0.27798663324979117 123.50000000000001 17.133928571428573 53.121202367042919 181.72500000000005 15.866071428571431 8.1090016738641886 49.126892850297111 112.30138713745272 15.386752136752138 50.550371872887091 140.57833869025112 41.651483781918571 5.5000000000000009 168.08496732026148 613.55000000000007 7.5303425527551857 18.594494047619051 1.0000000180025095e-35 46.975000000000009 0.39166666666666577 43.483157612468268 0.40706620567962931
decision_type=10 2 8 8 10 10 10 8 2 8 10 10 10 2 10 8 8 10 2 10 2 10 8 2 10 2 10 10 8 10
left_child=-1 2 -2 -3 -4 -6 7 17 9 12 22 -12 13 23 -14 -15 -17 18 27 -20 21 -21 25 24 -9 26 -11 -5 29 -29
right_child=1 3 4 6 5 -7 -8 8 -10 10 11 -13 14 15 -16 16 -18 -19 19 20 -22 -23 -24 -25 -26 -27 -28 28 -30 -31
leaf_value=-0.10780440298182468 0.9968380719107276 -0.29340030718161403 -0.15625850504217181 -0.17052212626139662 0.077725202818802464 1.1374165825336213 0.65794740206671487 -0.17230510875787175 0.55623091568404137 -0.32989956729109265 -0.3063383111227122 1.0653611517071786 0.63440092568313911 -0.044334762427041027 0.25054036272788921 0.66049316399696723 0.42457694348272057 -0.30291254676083679 -0.21316450979855181 0.087828276261489577 0.16393282306397208 0.66719618896218102 -0.20189299859718945 -0.14451332250375415 0.42797007772672213 -0.17761272979263423 0.37550888443481767 0.16909635623538974 -0.49942543068465167 0.58275433971361723
leaf_weight=3115.5630663409829 50.648135263472795 264.04282578825951 172.84882578440011 313.44002967886627 63.065813042223454 52.111807227134705 33.968502581119537 22.501223435625434 59.143304646015167 94.143361484631896 61.987844448536634 86.731253504753113 45.515558967366815 92.43414518237114 45.375338172540069 42.970954036340117 78.4165009688586 198.60584598220885 54.990331541746855 36.55804961360991 75.737121434882283 67.018201842904091 113.74002258479595 173.63156333565712 30.306079026311636 331.28629416413605 231.85864363238215 78.117879338562489 43.192856380715966 44.942513441666961
leaf_count=12835 102 940 333 900 167 55 35 192 61 453 144 99 118 244 82 136 198 946 109 177 166 150 128 475 195 1314 788 314 100 170
internal_value=-8.51712e-05 0.00031121 0.00156154 0.000155049 0.000800997 0.00276711 0.000335771 0.000273674 0.00063926 0.000486092 3.41599e-08 0.00210481 0.00132617 0.000788729 0.00389255 0.00212467 0.00361185 -0.000331281 8.50605e-05 0.00144374 0.00229621 0.00381974 -0.000408145 -0.00047657 0.00184043 -9.70383e-05 0.000665169 -0.000580204 0.000630828 0.00182087
internal_weight=6174.89 3059.33 338.675 2720.66 288.026 115.178 2456.61 2422.64 1510.04 1450.9 919.747 148.719 531.151 440.26 90.8909 213.822 121.387 912.603 713.997 234.304 179.313 103.576 771.028 226.439 52.8073 657.288 326.002 479.693 166.253 123.06
internal_count=22126 9291 657 8634 555 222 7694 7659 4627 4566 2926 243 1640 1440 200 578 334 3032 2086 602 493 327 2683 862 387 2555 1241 1484 584 484
is_linear=0
shrinkage=0.03


Tree=49
num_leaves=31
num_cat=0
split_feature=19 72 38 66 52 80 63 2 15 3 3 34 62 3 53 2 72 79 69 3 60 74 54 60 1 54 62 63 15 49
split_gain=1.54824 0.642285 1.0087 0.775711 1.19278 0.812966 0.607838 0.550303 0.538993 0.531219 0.891598 0.515287 1.1409 0.576286 0.617618 0.569803 0.511173 0.664498 1.10312 0.777104 0.5367 0.502005 0.592169 0.723726 0.447619 0.914539 0.458379 0.465903 0.649155 0.56197
threshold=2.5500000000000003 180.20714285714288 0.32305502846299816 1.5000000000000002 0.32120189462411486 16.250000000000004 666.80000000000007 86.833333333333357 16.527777777777782 88.90000000000002 71.90000000000002 36.083333333333336 487.30000000000001 28.100000000000005 0.22367315723391637 75.166666666666671 179.02500000000003 28.500000000000004 4.5000000000000009 40.45000000000001 667.00000000000011 -34.208333333333307 180.57500000000002 517.85000000000014 47.871111446692851 201.95000000000002 639.35000000000014 489.98333333333341 40.029411764705891 129.02630278449104
decision_type=8 8 8 2 10 2 10 10 8 10 10 10 8 8 10 10 10 2 2 10 10 8 2 10 10 2 10 10 10 2
left_child=1 8 -3 5 -5 -4 7 11 -1 10 -9 13 -13 -2 -15 16 21 18 19 -18 24 -16 23 -23 26 -26 27 -19 -29 -30
right_child=6 2 3 4 -6 -7 -8 9 -10 -11 -12 12 -14 14 15 -17 17 20 -20 -21 -22 22 -24 -25 25 -27 -28 28 29 -31
leaf_value=0.6702654444571654 -0.24974560600624968 -0.10504479929602069 -0.48942183256872651 1.1937494575045662 0.53967762762001925 0.69447202062487789 -0.14277040563796556 -0.019088318703861549 0.024169333320606085 -0.14898213376121089 0.99355128796854009 -0.22202150592608461 0.42925757543199722 -0.24698981778631321 0.31929794396649908 -0.39417006278715233 0.5954600276824944 -0.38052282710517599 1.155926456340659 -0.28823252338936733 -0.26209333692034209 -0.043401830061724947 -0.21820032438622336 0.3052483110883692 -0.12005654400573405 0.56215075624360933 -0.1660518919443196 0.44607328141080088 0.32637482576007842 -0.33189119093832958
leaf_weight=30.354517787694931 1132.4982017688453 60.477810936048627 40.722459366545081 80.060096766799688 129.87673705257475 51.520522780716419 247.54172116518021 61.403125137090683 622.08461661636829 69.41346687078476 75.725980596616864 174.23021507449448 73.978089660406113 570.02616647258401 23.920928858220577 162.40683716163039 59.078048083931208 140.19899590313435 110.71531758457422 94.957847062498331 63.874010324478149 1113.0100658703595 412.00503146834671 87.216528594493866 65.487713389098644 64.515926539897919 102.66771084070206 71.386915683746338 77.843015372753143 75.520099461078644
leaf_count=165 4650 104 140 106 175 105 256 146 2900 157 182 1096 109 2954 53 415 112 365 140 156 68 5789 1198 114 130 73 107 97 104 100
internal_value=-0.000171491 0.00089843 0.00190881 0.0026155 0.00361906 0.000317169 -0.000383351 -0.000309605 0.000334751 0.00120221 0.00227912 -0.000376632 0.000950972 -0.000451259 -0.00025044 -6.24163e-05 4.70993e-05 0.000609889 0.00187696 0.000229384 0.0001007 -0.000271681 -0.000336793 3.71126e-07 0.000381436 0.00193134 -5.26593e-05 0.000446309 0.0012907 0.000184243
internal_weight=6144.72 1015.1 362.658 302.18 209.937 92.243 5129.62 4882.08 652.439 206.543 137.129 4675.54 248.208 4427.33 3294.83 2724.8 2562.4 926.246 264.751 154.036 661.494 1636.15 1612.23 1200.23 597.62 130.004 467.617 364.949 224.75 153.363
internal_count=22266 3695 630 526 281 245 18571 18315 3065 485 328 17830 1205 16625 11975 9021 8606 1452 408 268 1044 7154 7101 5903 976 203 773 666 301 204
is_linear=0
shrinkage=0.03


Tree=50
num_leaves=31
num_cat=0
split_feature=19 2 39 60 55 6 37 63 60 21 32 72 78 70 61 21 58 61 64 61 81 5 71 2 71 63 43 65 39 86
split_gain=1.11406 0.679108 0.951614 0.635811 1.66803 0.882722 0.706076 1.12249 0.638819 0.467039 0.544308 0.435578 0.479853 0.53271 0.444216 0.418357 0.586069 0.412888 0.461322 0.673112 0.388613 0.627479 0.581679 0.521499 0.369108 0.362978 0.412295 0.39956 0.41442 0.361425
threshold=4.4500000000000011 91.500000000000014 17.465271078525955 611.05000000000007 290.5428571428572 65.41586566517195 8.599817184643511 574.25000000000011 501.95000000000005 0.58571428571428574 12.505319148936172 175.30625000000003 32.550000000000004 41.566348973607042 460.35000000000008 0.78888888888888908 169.84047619047621 443.7000000000001 0.03234524847428074 600.95000000000016 11.750000000000004 43.908333333333339 3.4489233954451355 39.166666666666679 -5.9879472920696299 669.25000000000011 0.72543939855735051 10.500000000000002 47.875000000000007 1.0000000180025095e-35
decision_type=8 10 8 10 2 10 8 10 8 8 10 10 2 2 10 10 2 10 2 10 2 10 2 10 2 10 10 10 10 2
left_child=3 9 -3 6 5 -5 7 15 11 17 25 14 13 29 20 24 -17 -2 19 -19 -8 -22 23 -23 -1 26 27 28 -11 -13
right_child=1 2 -4 4 -6 -7 8 -9 -10 10 -12 12 -14 -15 -16 16 -18 18 -20 -21 21 22 -24 -25 -26 -27 -28 -29 -30 -31
leaf_value=0.37888320825442207 -0.72151138184114461 -0.64320264709151609 0.79723787972537252 1.2019395608345091 -0.049801133737951628 0.31794874461941786 -0.10049517604646752 0.80124367474791791 -0.16267788359855542 -0.03138201269644085 0.53334717713318336 0.060117789228484639 0.60995776633901289 -0.11084847983772916 -0.2516134482885215 0.16871426040324891 0.94546512743670019 -0.1737741163775155 -0.19259562772203723 0.38305512351123627 -0.09047285658155417 0.18609989201716856 0.52930418243485367 0.021749927942219072 -0.022684279254336272 -0.4015393886399195 -0.45179659688769075 0.22295205261150727 0.1011022548580406 0.38541398290202167
leaf_weight=41.220274230465293 303.96749468334019 42.243908703327179 46.244079124182463 97.064437389373779 177.36691910028458 111.66746342182159 267.64955763332546 49.255111873149872 316.41331835836172 2556.8152393549681 31.9572126083076 59.977287391200662 39.689348418265581 102.0254088845104 198.52881573326886 36.544953212141991 24.619757963344455 154.70675530284643 554.64045063592494 72.461163938045502 113.47208242118359 20.058817286044359 33.521879442036152 64.220689097419381 259.65057721734047 98.318106710910797 127.22443528659642 35.697596091777086 27.777119182050228 32.665589766576886
leaf_count=247 2017 111 99 103 185 119 1758 54 413 9897 73 204 147 279 700 358 101 384 1061 80 999 105 180 387 1259 101 410 113 168 84
internal_value=-9.13368e-05 -0.000379427 0.00220538 0.000479234 0.00157411 0.0033853 0.000223707 0.00130011 -0.000131726 -0.000437676 -0.000237483 0.000263963 0.00137995 0.000756345 -0.000112468 0.000714781 0.00295543 -0.00096757 -0.000601411 0.000535614 0.000365329 0.00126342 0.00278746 0.00142442 0.000250992 -0.00028178 -0.00021729 -0.000135956 -0.000180022 0.00239117
internal_weight=6097.67 4052.05 88.488 2045.61 386.099 208.732 1659.51 411.291 1248.22 3963.57 2877.79 931.809 234.358 194.668 697.452 362.036 61.1647 1085.78 781.808 227.168 498.923 231.273 117.801 84.2795 300.871 2845.83 2747.51 2620.29 2584.59 92.6429
internal_count=22196 14514 210 7682 407 222 7275 2019 5256 14304 10762 4843 714 567 4129 1965 459 3542 1525 464 3429 1671 672 492 1506 10689 10588 10178 10065 288
is_linear=0
shrinkage=0.03


Tree=51
num_leaves=31
num_cat=0
split_feature=9 40 75 82 40 54 71 36 48 46 4 30 27 54 54 8 80 54 63 61 34 82 75 80 46 13 68 24 24 33
split_gain=1.27167 0.803572 1.22668 0.658104 0.627589 0.807629 1.2867 0.752318 0.893396 0.620662 0.744808 0.807546 0.629321 0.586631 0.540399 0.536402 0.526135 0.494873 0.481324 0.694269 0.446526 0.44107 0.437419 0.427388 0.467086 0.46307 0.461734 0.604552 0.489721 0.421462
threshold=0.47222222222222227 36.095465620352506 178.25833333333335 3.4500000000000006 36.943926354567814 203.08333333333334 3.6370924157809417 2.9023809523809527 117.78359691184336 0.25052301255230131 72.050000000000011 21.599001248439453 143.70259605872121 197.65000000000003 161.92500000000004 192.50000000000003 4.5000000000000009 161.21666666666667 610.20000000000016 613.80000000000007 28.267857142857146 1.5500000000000003 190.25833333333335 24.350000000000005 0.15804341361879279 0.77500000000000013 1.543047196705736 11.881944444444446 5.5277777777777786 0.70714285714285718
decision_type=8 8 10 2 8 2 2 8 2 8 8 8 10 2 2 10 2 2 8 10 10 2 10 2 8 10 2 8 8 8
left_child=4 3 -3 -2 5 14 7 -7 -9 -4 11 12 22 -12 17 21 -16 23 19 20 -5 -6 -11 24 -1 -26 28 -28 -25 -27
right_child=1 2 9 18 15 6 -8 8 -10 10 13 -13 -14 -15 16 -17 -18 -19 -20 -21 -22 -23 -24 26 25 29 27 -29 -30 -31
leaf_value=-0.40219170040232821 1.1083399683740485 -0.10048493636415756 -0.014454790703716181 -0.065842769384033342 0.36259255986714434 0.60659805941764311 -0.14697071102575282 0.35227689950104307 -0.14200251502797415 0.59690109611779474 -0.040147234644274617 1.1209571932642468 0.0040079009820610167 0.61663939741951002 0.38007153228082502 0.60880022660951827 -0.30624050468920899 0.31456977503621414 -0.094194386636231781 0.39921139335865602 0.36054577173240021 -0.18056852961092418 1.0193656711488992 0.404861276020128 0.56337342480339803 0.23814754313595571 -0.025199530875438823 0.5550232420910306 -0.35762645229815204 -0.10885876284680521
leaf_weight=349.20750225521624 49.452611396089196 408.11060923151672 137.09465658664703 442.94317806698382 28.351963371038437 114.89675054885447 108.16784103214741 99.367927821353078 131.4868539981544 87.036718368530273 141.46831887960434 81.189396262168884 92.510378181934357 147.19990742206573 40.673560325056314 42.821754112839699 681.73960932530463 24.876547381281853 225.57006453722715 84.748020648956299 36.862613279372454 1804.1761503946036 77.775701642036438 29.933788944035769 44.805730432271957 101.45714106410742 29.179928293451667 29.89828909188509 101.49558630399406 306.08552348054945
leaf_count=1727 111 2938 171 1714 64 180 149 144 165 128 205 104 115 167 112 71 2153 72 239 93 185 8118 90 136 210 562 126 102 448 1300
internal_value=-0.000113602 0.000503191 0.00101023 -0.000205194 -0.00041866 -7.40424e-05 0.00105147 0.00194383 0.000948956 0.00171861 0.00211774 0.00307096 0.00223255 0.000993181 -0.000368202 -0.000821445 -0.000994985 7.75913e-05 -0.000416814 5.18732e-05 -0.000391717 -0.000899458 0.00333863 -2.92087e-05 -0.000333045 0.000303163 0.00124424 0.00342317 0.000246342 -1.82342e-05
internal_weight=6080.58 2011.96 1172.39 839.576 4068.62 2193.27 453.919 345.752 230.855 764.275 627.18 338.512 257.323 288.668 1739.35 1875.35 722.413 1016.94 790.124 564.554 479.806 1832.53 164.812 992.063 801.556 452.348 190.508 59.0782 131.429 407.543
internal_count=22099 6260 3918 2342 15839 7586 638 489 309 980 809 437 333 372 6948 8253 2265 4683 2231 1992 1899 8182 218 4611 3799 2072 812 228 584 1862
is_linear=0
shrinkage=0.03


Tree=52
num_leaves=31
num_cat=0
split_feature=1 16 61 64 61 52 36 13 47 64 29 17 7 49 71 43 6 54 44 74 52 53 29 26 1 47 32 11 12 62
split_gain=0.753228 0.699037 0.608798 0.485041 0.598067 0.767805 0.482399 0.738781 0.520414 0.73894 0.92972 0.521136 0.764251 1.03093 0.584598 0.766244 1.27678 0.566367 0.553428 0.451013 0.552719 0.474464 0.434754 0.592198 0.682768 0.909798 0.837672 0.603019 0.68991 0.422956
threshold=40.901388888888896 1.5000000000000002 683.85000000000014 0.011417707767517654 434.36666666666673 0.20547319041834985 3.9750000000000001 7.7888888888888896 0.78888888888888908 0.29316686024003102 20.36716012300651 5.5000000000000009 36.196752078792933 142.42626065641383 2.4535609646157366 0.39538683690530479 58.500285945581645 209.33333333333337 0.014742103738046944 -11.350000000000007 0.38791098782319372 0.37290373387063352 3.757352941176471 3.0341388569236671 42.546536796536806 0.41428571428571431 9.3245825443277681 3.8166666666666669 30.050000000000004 446.73888888888894
decision_type=10 2 10 2 10 8 8 10 10 2 10 10 10 2 2 10 10 2 8 10 10 8 8 10 10 10 10 10 10 10
left_child=3 -2 6 4 -1 -6 22 8 11 10 -10 14 -13 -14 15 16 18 -17 -8 21 -21 -7 -3 24 -24 27 -27 -26 -29 -16
right_child=1 2 -4 -5 5 19 7 -9 9 -11 -12 12 13 -15 29 17 -18 -19 -20 20 -22 -23 23 -25 25 26 -28 28 -30 -31
leaf_value=-0.31986925642066266 -0.15211792186191003 -0.24470362548549771 0.58661892247823622 -0.11871927211356464 0.64180338895885469 -0.35999959109183804 0.52874040277786749 -0.19798435388884755 1.0194274933713756 -0.20975380926537951 0.58657959030058615 -0.043838878197973066 0.75541371045007766 0.032664035736454197 0.16372624837540059 -0.11119376212949049 1.14797434112594 0.62047152679110773 -0.14543353608427195 0.3804263813957911 -0.0734879252590558 0.13496489851800716 1.2947325925979756 -0.019640446010756062 -0.26867539899884801 0.10723512443021889 1.0720066369292356 -0.085611786207920204 1.1627423572587081 -0.14267532496017338
leaf_weight=160.02376604266465 329.95319515094161 214.90926165878773 55.17480206489563 2738.0405184160918 42.093506410717964 85.209813833236694 33.066881366074085 140.74644304439425 38.126599306240678 37.371937733143568 61.569392809644341 81.63207871094346 60.995619604364038 60.339415723457932 67.802381224930286 210.25244446471334 67.669553203508258 76.29167728126049 98.911695551127195 47.150419292971492 29.747430868446827 97.758362563326955 44.214954672381282 809.73669781908393 148.04313588887453 36.964075565338135 28.966450039297342 26.465208688750863 17.873526461422443 142.40332819893956
leaf_count=1355 1448 639 56 10092 136 229 116 516 115 81 183 225 123 94 394 702 128 92 393 256 129 238 194 3060 408 196 60 178 84 259
internal_value=-0.000145671 0.000205419 0.000373052 -0.000462655 0.000435789 0.00122022 0.000303644 0.000745471 0.00102252 0.00273847 0.00407625 0.000758249 0.00209207 0.00359218 0.00036706 0.000938088 0.00235987 -5.72952e-05 0.000628603 0.000602723 0.00251458 -0.000210093 -8.85154e-05 0.000150494 0.0012807 0.000682546 0.00369546 -0.000363771 0.00266803 -0.000951878
internal_weight=6089.5 2889.48 2559.53 3200.02 461.983 301.96 2504.35 1177.18 1036.43 137.068 99.696 899.365 202.967 121.335 696.398 486.192 199.648 286.544 131.979 259.866 76.8979 182.968 1327.17 1112.26 302.527 258.312 65.9305 192.382 44.3387 210.206
internal_count=22179 9744 8296 12435 2343 988 8240 3421 2905 379 298 2526 442 217 2084 1431 637 794 509 852 385 467 4819 4180 1120 926 256 670 262 653
is_linear=0
shrinkage=0.03


Tree=53
num_leaves=31
num_cat=0
split_feature=19 75 15 63 63 34 48 32 31 58 62 55 46 64 67 35 58 72 81 23 23 1 70 53 48 0 15 64 34 15
split_gain=0.863142 0.738303 0.625363 0.610797 0.644242 0.709899 0.56741 0.818163 0.790719 0.647195 0.759343 0.749088 1.06427 1.07908 1.4488 0.696902 0.573329 0.558948 0.735199 0.535859 1.34195 0.78436 1.00764 0.742466 0.527238 0.788369 0.520108 0.563031 0.519085 0.483956
threshold=2.5500000000000003 195.80000000000004 17.062500000000004 666.80000000000007 456.95000000000005 37.225000000000009 145.67728243166843 9.5016778523489958 10.798265682603834 207.25833333333335 474.05000000000007 293.33571428571435 0.2971842135022052 0.031320067264574002 41.953742608154379 26.392413987591656 195.11250000000004 191.07500000000002 12.550000000000002 30.236111111111114 29.387500000000003 44.957954545454555 57.552213126629972 0.37180277701653425 121.46237245875953 125.50000000000001 33.519230769230781 0.032816800287184401 24.563492063492067 34.738636363636367
decision_type=8 10 8 10 8 10 2 8 10 2 10 2 8 2 2 10 2 10 2 8 10 10 2 10 2 2 10 2 10 8
left_child=1 19 -2 4 -4 6 9 8 -8 10 24 12 15 -14 -15 -11 -9 18 -17 20 21 -1 23 -23 -6 28 -13 -28 -26 -7
right_child=2 -3 3 -5 5 29 7 16 -10 11 -12 26 13 14 -16 17 -18 -19 -20 -21 -22 22 -24 -25 25 -27 27 -29 -30 -31
leaf_value=-0.0095783020768688224 -0.37293723320696814 1.8904148852579277 -0.14728579613611642 -0.070725529438990145 -0.12253675071061067 0.042402866651590473 0.26313657191376433 0.098305575304973872 -0.19757182671577281 0.41326497271136059 -0.2687697201098227 0.28876926719801771 0.61509166154771033 -0.1791461649058107 0.46993981198844531 0.1984519100255818 -0.38551402482610453 0.16528117848271734 -0.43709776118018057 -0.011942561405570666 0.71335542086197101 1.3012465728155629 -0.3607728595813201 0.4458293404468861 0.027853496355290445 0.25576371501827666 0.22545315112150688 -0.063112813526918568 0.58110218369475641 0.52094906126304052
leaf_weight=242.74592231586576 399.01359402388334 49.03125 1831.679553123191 238.57321858406067 315.39551148191094 50.581830147653818 76.542350761592388 87.837108053267002 59.90414397418499 79.728085517883301 257.63546335697174 100.08030980825424 96.280540734529495 163.28083552420139 106.56037694215775 100.44909444451332 282.59635150432587 125.31608086824417 148.76023137383163 568.53046600148082 27.181471519172192 43.572714047506452 34.228670062497258 48.157925650477409 200.04640494473279 29.211048610508442 103.98581755161285 202.36691910028458 26.238530714064837 46.77288218960166
leaf_count=1204 1701 51 11538 246 1191 112 173 186 127 100 369 104 122 201 129 134 331 147 203 1851 116 189 118 161 766 74 111 210 97 97
internal_value=-9.81812e-05 0.000701423 -0.000256287 -0.000159924 -8.1176e-05 0.000216985 0.000120925 -0.000777099 0.00120269 0.000342663 -0.000304914 0.000779898 0.00130118 0.00250246 0.0015191 0.000329589 -0.00150762 -0.000214802 -0.00103554 0.000516513 0.00136245 0.000877631 0.00278836 0.00441441 0.000305523 0.00131588 -0.000272902 -0.000886217 0.00070484 0.00271818
internal_weight=6142.28 1013.45 5128.84 4729.82 4491.25 2659.57 2562.22 506.88 136.446 2055.34 828.527 1226.81 820.375 366.122 269.841 454.253 370.433 374.525 249.209 964.417 395.887 368.705 125.959 91.7306 570.891 255.496 406.433 306.353 226.285 97.3547
internal_count=22159 3690 18469 16768 16522 4984 4775 817 300 3958 2497 1461 1036 452 330 584 517 484 337 3639 1788 1672 468 350 2128 937 425 321 863 209
is_linear=0
shrinkage=0.03


Tree=54
num_leaves=31
num_cat=0
split_feature=19 61 73 62 34 72 68 50 47 78 31 35 36 71 73 74 68 15 28 36 74 62 1 39 45 55 7 15 27 78
split_gain=0.804018 1.66 1.4054 0.708015 0.571005 0.563815 0.487761 0.452364 0.512387 0.526515 0.538182 0.558352 0.964861 1.29488 1.20598 1.05652 0.623546 0.519312 1.01627 0.466899 0.542112 0.464358 0.667989 0.546578 0.437148 0.42832 0.584454 0.534518 0.411933 0.406787
threshold=2.1000000000000005 667.20000000000016 120.50000000000001 635.75000000000011 17.519230769230774 197.10000000000002 -13.684988471673254 8.1748835763917889 0.81666666666666676 32.250000000000007 9.8853632899750377 30.021459227467815 3.2845238095238103 -1.7214052287581685 95.500000000000014 -2.4287037037037034 4.1403830088040658 64.527777777777786 21.971952817824381 3.9916666666666667 -22.308333333333319 583.10000000000014 50.550371872887091 21.232051282051284 0.1306379520520114 162.43333333333337 27.716711765629025 61.074175824175832 153.57634789452973 29.250000000000004
decision_type=8 10 2 8 10 10 2 2 10 2 10 10 10 2 2 8 2 10 8 10 8 8 10 8 10 2 10 10 8 2
left_child=1 2 3 4 5 -1 -2 -8 9 10 11 12 14 -14 28 -15 19 21 -19 20 -13 22 -11 -23 -6 26 -22 -27 -9 -12
right_child=6 -3 -4 -5 24 -7 7 8 -10 17 29 16 13 15 -16 -17 -18 18 -20 -21 25 23 -24 -25 -26 27 -28 -29 -30 -31
leaf_value=0.00099625664832416307 0.98909885431957945 1.5575104361433232 1.3930147067703871 -0.42764007028184337 1.1476780127448207 0.92720162940215534 -0.080682960476568005 -0.17270697160706447 -0.33935092090031427 -0.11879760584331506 0.048625820551069163 0.75750541110280767 -0.18801771526202743 0.70500903470029497 0.36765010396652908 0.12920070248774579 -0.42100445935277903 0.93470221077643412 -0.37170711493395442 0.26791605537109658 -0.33193216734525804 -0.29971480891380425 0.95646367790593056 -0.022515276966751239 0.45087633222031898 -0.19950462480286846 0.59533729552073633 0.14435753556923978 0.34639137954166582 -0.27053833125384757
leaf_weight=681.21756378002465 30.047563772648573 33.968502581119537 29.730705678462982 77.785083904862404 16.484183039516211 34.169248342514038 2681.7524328846484 322.14168737642467 88.986896688118577 422.09670923091471 90.861949242651463 35.893328949809074 50.869842067360878 48.228657057508826 84.621212333440781 38.811943735927343 144.09265238977969 68.987273547798395 62.277470823377371 38.51031569391489 37.124776087701321 162.25655442476273 26.790485970675945 132.79683303833008 21.440038090571761 381.24098339304328 31.734945269301534 89.165816459804773 30.907444022595882 108.96929641067982
leaf_count=2799 99 35 32 88 121 46 11687 1182 248 1632 211 64 101 99 109 113 401 122 114 127 277 175 126 146 129 1212 195 162 96 209
internal_value=-0.0002113 0.00061899 0.000358276 0.00012517 0.000407668 0.000214826 -0.000354013 -0.000376419 -8.58156e-05 -2.76836e-06 0.000332314 0.000550038 0.00125356 0.00343232 0.000560773 0.00563414 1.47089e-05 -0.00058947 0.00114415 0.000432249 0.000215156 -0.000896484 -0.000287503 -0.00181887 0.00394639 -2.54917e-05 0.00216678 -0.000350319 -0.000213272 -0.00111592
internal_weight=6103.96 894.795 860.827 831.096 753.311 715.387 5209.17 5179.12 2497.37 2408.38 1533.17 1333.34 575.581 137.91 437.67 87.0406 757.763 875.205 131.265 613.67 575.16 743.941 448.887 295.053 37.9242 539.267 68.8597 470.407 353.049 199.831
internal_count=22157 3250 3215 3183 3095 2845 18907 18808 7121 6873 4558 4138 1700 313 1387 212 2438 2315 236 2037 1910 2079 1758 321 250 1846 472 1374 1278 420
is_linear=0
shrinkage=0.03


Tree=55
num_leaves=31
num_cat=0
split_feature=18 73 46 51 54 1 6 55 60 82 73 52 67 54 80 55 4 45 75 24 75 44 14 82 29 34 79 11 37 63
split_gain=0.983229 0.88441 0.770971 0.6889 0.580832 0.750472 0.877195 0.52195 0.823034 0.511811 0.60947 0.505874 1.10868 0.459486 0.440798 0.784743 0.486956 0.464564 0.473275 0.429535 0.821766 0.555294 0.461444 0.945515 1.35849 0.918001 0.813427 0.427385 0.580948 0.824476
threshold=4.5000000000000009 124.50000000000001 0.23923050498110618 13.007763975155282 222.67142857142861 42.800793650793658 69.453366669453359 290.5428571428572 667.00000000000011 15.15 108.50000000000001 0.53466595083215773 44.872732426303862 241.72777777777779 16.750000000000004 287.32777777777784 23.211111111111112 0.54065653636469102 186.00000000000003 19.414285714285715 190.95833333333334 0.3340579710144928 5.5000000000000009 6.6500000000000012 18.00490196078432 13.433035714285717 68.500000000000014 23.414285714285715 9.3340926347760078 458.50000000000006
decision_type=8 2 10 2 2 10 10 2 10 2 2 10 2 2 2 2 10 10 10 8 10 10 2 2 10 10 2 10 8 10
left_child=1 4 3 11 7 -6 -7 8 19 13 -11 -2 -13 14 15 16 -4 18 -16 21 -21 22 23 24 -1 -25 -27 28 -24 -30
right_child=2 -3 9 -5 5 6 -8 -9 -10 10 -12 12 -14 -15 17 -17 -18 -19 -20 20 -22 -23 27 25 -26 26 -28 -29 29 -31
leaf_value=0.25454835842678919 -0.18986074154415633 0.62399348638514485 0.3660769382768444 0.19888954920567542 -0.045565211065327557 0.65713404196859504 0.13859570325932025 -0.1117824194647872 0.44324774508051795 0.13495553630235932 1.0674281906268952 -0.24903747184047759 1.1919074537524361 -0.23822627456536494 -0.030076619550134038 0.24046516698927048 -0.031653571010231231 0.42149810025259787 -0.69062359915046634 -0.13230849081759899 0.57745717248363826 -0.26757747092441919 -0.2353009939285077 0.00358764412343163 0.93204717858801245 0.33459931518322844 1.6818149446245607 -0.080280117802355444 0.19633459200676867 0.94379456902618175
leaf_weight=55.980016743764281 2467.2320423237979 43 31.803589811548591 44.804575156420469 76.998390469700098 100.49663487821817 100.5433502048254 148.98581755161285 44.111807227134705 352.31593368574977 27.915035426616669 90.549408109858632 28.540439167991281 84.115452166646719 180.11527519673109 87.492908775806427 381.42805605567992 46.468887411057949 141.40860110521317 684.8478388376534 77.530025601387024 114.73662867769599 44.394520275294781 286.31961309351027 31.45941205509007 42.563361434265971 20.628066703677177 206.10055892728269 35.32256055995822 20.451353652402759
leaf_count=189 8730 43 143 129 106 128 113 156 47 1448 43 475 119 99 968 91 1587 188 175 3538 105 544 227 1281 89 230 84 705 351 67
internal_value=-0.000160233 0.000358775 -0.000439706 -0.000737412 0.000270089 0.00154429 0.00250542 7.39832e-05 0.000226596 0.000148001 0.00107702 -0.000801724 0.00110133 -0.000223468 -1.73445e-05 0.000561543 1.2465e-05 -0.000804418 -0.00121038 0.000115247 -0.000402638 0.000575371 0.000875429 0.00150013 0.00427225 0.000796396 0.0040389 -1.78005e-05 0.00158047 0.00359261
internal_weight=6098.66 2134.47 3964.19 2631.13 2091.47 278.038 201.04 1813.43 1664.45 1333.06 380.231 2586.32 119.09 952.833 868.717 500.725 413.232 367.993 321.524 1620.33 762.378 857.956 743.219 436.95 87.4394 349.511 63.1914 306.269 100.168 55.7739
internal_count=22198 8003 14195 9453 7960 347 241 7613 7457 4742 1491 9324 594 3251 3152 1821 1730 1331 1143 7410 3643 3767 3223 1873 278 1595 314 1350 645 418
is_linear=0
shrinkage=0.03


Tree=56
num_leaves=31
num_cat=0
split_feature=42 75 75 13 50 39 73 82 39 89 15 19 58 75 54 46 52 73 41 45 4 80 30 44 54 2 39 74 42 17
split_gain=0.845251 0.932058 0.545735 0.484726 0.442374 0.434056 0.543896 0.535689 0.507887 0.795853 0.452539 0.744238 1.0415 0.562289 0.494145 0.42179 0.407037 0.406041 0.432922 0.709264 0.676852 0.439858 0.363277 0.35585 0.922634 0.597279 0.643905 0.518756 0.474806 0.361061
threshold=0.31090259938172166 195.80000000000004 194.76666666666668 6.6333333333333337 16.346726190476193 15.75277777777778 107.50000000000001 1.5500000000000003 16.116515837104078 2024.5000000000002 57.414285714285718 3.1000000000000005 283.15952380952388 197.05000000000004 241.72777777777779 0.3302948504983389 0.34101314140968653 116.50000000000001 2.4952016017674681 0.1306379520520114 74.050000000000011 2.4500000000000006 30.250378686625684 0.049813209081760665 225.28333333333339 50.416666666666679 24.859821428571433 -12.724999999999993 0.5748745424131495 4.5000000000000009
decision_type=10 10 8 10 2 8 2 2 8 2 10 10 2 10 2 10 10 2 10 10 10 2 10 10 2 10 10 8 10 10
left_child=3 2 4 5 17 15 7 -7 9 -9 13 -12 14 22 -13 -1 -8 18 21 20 -20 -2 -10 25 27 26 -23 -25 29 -29
right_child=1 -3 -4 -5 -6 6 16 8 10 -11 11 12 -14 -15 -16 -17 -18 -19 19 -21 -22 23 -24 24 -26 -27 -28 28 -30 -31
leaf_value=-0.38328146942439772 0.42685832697845755 1.687061352128963 -0.15506265712765774 -0.24558872143669047 0.29360934821946644 0.51180354494869684 -0.03010597895421057 -0.32977887116555277 -0.067959120377572221 0.94445867382816429 -0.44494345949993558 -0.0025343382870262163 0.46306804791307637 -0.3728387582922138 1.2978745932397471 0.041054178162855233 0.43517847670799781 0.39084509429835634 2.2679019593922281 -0.037056093362091785 -0.31532089236128197 -0.0086397907541555692 0.50220251673451666 -0.26060695273619161 0.55742254067273878 -0.30765370834976069 0.48916247091450438 0.087449025994209395 -0.53560802424878085 0.56013345730912933
leaf_weight=274.07057250291109 32.309187008067966 58.015625 44 384.41604402475059 43.890977263450623 55.505059324204922 119.28935462236404 33.029190100729465 2837.4152004327625 29.874010324478149 116.08494692854583 387.11582830920815 67.143304646015167 81.546875 37.636134538799524 122.62291997857392 98.942071676254272 41.178179740905762 20.614632736891508 53.21233132109046 18.490716610103846 282.29245424456894 33.701361306011677 128.24606873095036 43.726255126297474 237.38300083950162 28.389410439878702 206.79074193350971 63.158848214894533 110.28378294222057
leaf_count=868 151 59 44 1442 62 102 157 181 11441 34 245 1233 69 116 45 451 126 50 186 328 40 1345 121 396 62 643 80 1210 363 453
internal_value=-0.000166302 0.000476791 0.000315686 -0.000360454 0.00042697 -0.000268907 -0.000172519 -0.000258956 -0.000304076 0.00234711 -0.000351558 0.000393286 0.000903432 -0.000505009 0.000350216 -0.00121305 0.00127922 0.000322932 0.000223088 0.00218714 0.00519981 6.12081e-05 -0.00043466 -4.15758e-05 0.000495469 -0.000582595 0.000283276 0.000131846 0.000688433 0.00116177
internal_weight=6090.38 1411.98 1353.97 4678.39 1309.97 4293.98 3897.28 3679.05 3623.55 62.9032 3560.64 607.98 491.895 2952.66 424.752 396.693 218.231 1266.08 1224.9 92.3177 39.1053 1132.58 2871.12 1100.27 552.206 548.065 310.682 508.479 380.233 317.075
internal_count=22103 5472 5413 16631 5369 15189 13870 13587 13485 215 13270 1592 1347 11678 1278 1319 283 5307 5257 554 226 4703 11562 4552 2484 2068 1425 2422 2026 1663
is_linear=0
shrinkage=0.03


Tree=57
num_leaves=31
num_cat=0
split_feature=20 9 50 57 64 90 82 71 87 61 32 61 70 61 43 55 5 32 64 54 46 46 89 54 58 33 54 70 32 54
split_gain=0.699685 0.705519 0.623456 0.545446 0.634604 0.893944 0.48625 1.31132 0.464512 0.538482 0.498952 0.798272 0.488621 0.75312 0.620501 0.829825 0.610101 0.651072 0.517314 0.661216 0.463897 0.447824 0.417384 0.406029 0.701075 0.371204 0.505939 0.732059 0.486003 0.661632
threshold=0.95000000000000007 0.76388888888888895 8.2502253106915866 7.6934478839843408 0.038610614192009549 28.500000000000004 3.5500000000000003 -1.2679937548790023 1.5000000000000002 603.95000000000016 8.7224556489262373 550.65000000000009 50.635175282234115 610.65000000000009 0.19657494145199064 289.38333333333338 37.51315789473685 8.3947933137564963 0.028335340559346986 177.85000000000002 0.085903500473036909 0.23114816218264497 2021.5000000000002 92.273809523809533 187.95277777777781 0.35416666666666669 219.83333333333337 44.884537148192614 7.429238985313753 172.12916666666669
decision_type=10 10 2 2 2 2 2 2 2 10 10 10 2 10 10 2 10 10 2 2 10 10 2 2 2 8 2 2 8 2
left_child=2 6 21 4 5 -4 7 -2 12 10 -10 -12 14 -14 16 18 -5 -18 19 -16 -6 23 -22 24 -1 -8 28 -28 29 -27
right_child=1 -3 3 8 20 -7 25 -9 9 -11 11 -13 13 -15 15 -17 17 -19 -20 -21 22 -23 -24 -25 -26 26 27 -29 -30 -31
leaf_value=-0.39807190229711081 1.1435847116009719 -0.22079784173485614 0.064027848866183346 0.019651844496369648 -0.1195878521189484 1.0073276780448919 -0.090396442605942443 -0.054639031097236591 -0.27788879542293743 -0.34325857440507107 -0.17590918020177496 0.59247955162304344 -0.097046105024194418 0.36823986024860855 -0.015662328343394306 0.35986379109572147 0.22165955737902607 -0.31413055572065701 -0.18926171615959589 0.52530863520440363 -0.22402730960630976 0.013736494946756038 1.0627645753637296 -0.28108631884623714 0.604629763669285 0.0049930948331784464 -0.053183314717435336 0.49342782666469603 0.0095364841227491576 1.0755151032982275
leaf_weight=14.755419744178655 50.643003454431891 114.86713180691004 21.907271208241582 348.31948976963758 35.897131223231554 22.07421225681901 267.1986193228513 65.854104613885283 195.54156637191772 164.95432013273239 111.54428320750594 35.636213421821594 131.04964716732502 104.90550774335861 60.156056890264153 97.286609292030334 50.471998987719417 300.51151120848954 236.19790858402848 37.994673760607839 17.850086251273751 415.29582719691098 16.79720076918602 1518.5226604416966 9.7773832157254201 29.052881263196468 98.958395026624203 143.14098802581429 1370.707517972216 15.240480454638599
leaf_count=239 110 316 106 1123 95 102 1098 177 688 173 469 41 428 108 248 101 189 532 777 74 188 2327 28 6229 39 296 138 172 5415 78
internal_value=-0.000170304 0.000264292 -0.000407639 -3.34775e-05 0.00196722 0.00475181 0.000393405 0.00226713 -0.000156693 -0.000930635 -0.000250642 0.00106464 0.000131226 0.00136995 -0.0001282 0.000765174 -0.000679927 -0.00156082 5.26523e-05 0.00187225 0.000188998 -0.000787464 0.00262719 -0.00102268 0.00273507 0.000278851 0.000446216 0.00171059 0.000228832 0.00328637
internal_weight=6103.11 2155.66 3947.45 1989.1 114.526 43.9815 2040.8 116.497 1874.57 507.676 342.722 147.18 1366.89 235.955 1130.94 431.635 699.303 350.984 334.349 98.1507 70.5444 1958.35 34.6473 1543.06 24.5328 1924.3 1657.1 242.099 1415 44.2934
internal_count=22104 7800 14304 5470 519 208 7484 287 4951 1371 1198 510 3580 536 3044 1200 1844 721 1099 322 311 8834 216 6507 278 7197 6099 310 5789 374
is_linear=0
shrinkage=0.03


Tree=58
num_leaves=31
num_cat=0
split_feature=1 29 60 36 54 16 60 54 46 72 54 64 41 17 27 82 7 26 55 60 49 52 31 40 28 73 37 73 71 26
split_gain=1.16575 0.713309 0.559826 0.570363 0.623055 0.762266 1.19532 0.750179 0.764087 0.816355 0.880585 0.659178 0.757364 0.755671 1.02976 0.581154 0.485446 0.53342 0.879622 0.588159 0.72911 0.870954 0.484429 0.484071 0.471586 0.509514 0.469797 0.748799 0.865494 1.00137
threshold=40.636653155761444 2.510869565217392 687.9000000000002 1.2958333333333336 163.85000000000005 7.5000000000000009 651.85000000000002 245.96388888888893 0.22673539518900346 193.29166666666671 169.55000000000004 0.03579436258808457 2.6412356321839083 3.5000000000000004 134.05287546214259 12.350000000000003 27.814205001594761 2.1786595785076899 192.45000000000002 439.27500000000003 154.50463225571067 0.2870802992635953 8.329756795422032 42.836716807305045 47.116515837104082 70.500000000000014 9.3852695188490465 95.500000000000014 -3.1497636189754448 5.2539565697460437
decision_type=10 8 8 8 2 2 10 2 10 8 2 2 8 10 10 2 10 8 2 10 2 10 10 10 8 2 10 2 2 8
left_child=22 -2 3 -3 16 7 11 8 24 10 -10 -7 15 -14 -15 -13 -5 18 -18 20 -19 -22 26 -12 25 -6 -1 28 29 -28
right_child=1 2 -4 4 5 6 -8 -9 9 -11 23 12 13 14 -16 -17 17 19 -20 -21 21 -23 -24 -25 -26 -27 27 -29 -30 -31
leaf_value=-0.094151959615330919 -0.25929620590870983 -0.10959310681009597 -0.067781267414530513 -0.10543125370420028 0.38106724771574674 -0.010937886024643958 0.44442248542780421 0.60277895801776549 0.22663820447321939 0.98414160736672529 -0.33525686552681788 -0.46288240751649434 0.22434707019950109 0.20436513544207854 0.95823212176765138 0.32559625881870258 -0.184039644108596 0.042812603297343654 0.79719649041544494 -0.13060059716441941 0.88248179903026391 0.45348440479144697 -0.28630350181204234 0.39132212348907119 -0.36017876868272336 -0.10409815740235777 -0.19607898856139697 0.46888348389346945 -0.28865148874354574 0.43660089000824143
leaf_weight=2168.1927962489426 122.33913236111403 133.49134660698473 145.12365963310003 326.49369139783084 229.03633648343384 167.71275945752859 74.905507743358612 106.87363995611668 26.388725116848946 34.663526335731149 99.019086565822363 64.223630383610725 99.953779965639114 66.142164848744869 79.447583444416523 58.57126197218895 57.771483885124326 202.37921974621713 53.261356920003891 421.67991383001208 15.715997193008659 48.202353419736028 580.66086888872087 27.308060254901648 68.639725865796208 241.4795118868351 40.891771748661995 57.770389974117279 270.50534371100366 38.474970119073987
leaf_count=9771 427 438 165 1861 1026 304 78 121 128 53 345 111 189 106 112 119 539 1422 153 1310 99 280 1166 130 149 324 136 72 932 71
internal_value=-0.000135732 0.000290755 0.000387345 0.000484951 0.000584424 0.000996551 0.00180064 0.000405633 5.89389e-05 0.00170403 0.000744429 0.0012989 0.00200719 0.00296595 0.00433833 8.15747e-05 5.51254e-05 0.000453356 0.00237305 0.000140542 0.00124179 0.00400849 -0.000537096 -0.000310446 -0.000514896 -0.000173492 -0.00036035 0.000573028 4.65663e-05 0.00278115
internal_weight=6127.32 2970.82 2848.48 2703.36 2569.87 1444.37 610.957 833.409 726.535 187.379 152.716 536.051 368.338 245.544 145.59 122.795 1125.5 799.01 111.033 687.977 266.298 63.9184 3156.5 126.327 539.156 470.516 2575.84 407.642 349.872 79.3667
internal_count=22137 9989 9562 9397 8959 3295 1019 2276 2155 656 603 941 637 407 218 230 5664 3803 692 3111 1801 379 12148 475 1499 1350 10982 1211 1139 207
is_linear=0
shrinkage=0.03


Tree=59
num_leaves=31
num_cat=0
split_feature=20 46 73 63 75 35 54 90 64 18 28 59 82 50 22 57 61 54 81 70 3 5 61 54 54 13 36 46 67 23
split_gain=0.910315 0.723291 0.718113 0.621377 0.549745 0.932451 0.841701 0.771706 0.765894 0.589465 0.510255 0.503408 0.46683 0.504976 0.53002 0.423913 0.409162 0.495627 0.408842 0.990561 0.597106 0.894493 0.527438 0.480572 0.730508 0.723431 0.449212 0.413763 0.527984 0.609398
threshold=0.95000000000000007 0.19952606635071093 124.50000000000001 661.05000000000007 185.77500000000003 30.189099991080194 204.25138888888893 23.500000000000004 0.29316686024003102 6.5000000000000009 48.286764705882355 11.250000000000002 2.4500000000000006 16.346726190476193 212.56313131313135 10.495394940347186 674.60000000000002 241.72777777777779 32.300000000000004 40.705428685897438 78.90000000000002 78.658333333333346 543.45000000000016 219.83333333333337 197.00000000000003 3.4142857142857146 1.0138888888888891 0.029857397504456332 50.250681818181825 23.267857142857146
decision_type=10 10 2 8 10 8 2 2 2 10 8 10 2 2 10 2 8 2 2 2 10 10 10 2 2 10 8 10 2 10
left_child=1 3 10 4 -1 6 -6 8 9 -7 12 15 -2 14 18 16 17 -3 20 -20 21 23 -22 24 26 -25 -14 -28 29 -29
right_child=2 11 -4 -5 5 7 -8 -9 -10 -11 -12 -13 13 -15 -16 -17 -18 -19 19 -21 22 -23 -24 25 -26 -27 27 28 -30 -31
leaf_value=-0.32387861168364507 0.66676308765304859 0.017086439303664349 0.61807250958945115 -0.35254363704430414 -0.014571310277422039 0.16059674821784739 0.26201078657803256 -0.29915962517495204 0.36907362345965378 -0.51008483584716935 -0.41182991731320595 0.6102601916014847 -0.13292782619152332 0.25304998396915507 1.0702786871879224 -0.2854639441366818 0.46034421314940188 -0.25823354743873667 -0.652525433641852 0.53315505787016604 0.29495576769528215 0.644621822480545 -0.31255118502738427 -0.005196460915412331 -0.31748805334523478 0.38198724578856585 0.01207494838752666 0.6575401029113167 -0.16739216494589512 0.081514857863718079
leaf_weight=1270.5272144265473 56.605840710923076 1347.9030473120511 52 168.40820782631636 149.78907030820847 129.66772383451462 110.10243397951126 355.28184920549393 80.126246988773346 85.050062477588654 60.031496634706855 44.592119514942169 108.4753122869879 52.121441284194589 42.854014605283737 91.140827134251595 40.260677710175514 91.182664904743433 29.580859253183007 49.632666828110814 74.069890541955829 27.440867431461811 132.44722890853882 78.59089994803071 143.90422582812607 74.920112811028957 989.2796825915575 51.645906250923872 53.147252324968576 69.765599802136421
leaf_count=7316 150 5280 52 252 205 166 116 446 92 107 334 61 406 90 57 204 52 106 136 158 280 43 144 106 353 104 4295 312 401 323
internal_value=-9.7372e-05 -0.00036679 0.000400111 -0.000702703 -0.000566431 -3.49278e-06 0.00151194 -0.000610687 0.000523076 -0.00041337 0.000312688 0.00012189 0.00039359 0.000315885 0.000236164 3.16551e-05 0.000154523 7.00217e-05 0.000160141 0.00225584 6.69038e-05 0.000263448 -0.00144708 0.000167806 -5.5166e-06 0.00175648 0.000224174 0.000396685 0.00173892 0.00282361
internal_weight=6110.55 3964.03 2146.51 2348.95 2180.54 910.017 259.892 650.126 294.844 214.718 2094.51 1615.08 2034.48 1977.88 1925.75 1570.49 1479.35 1439.09 1882.9 79.2135 1803.69 1597.17 206.517 1569.73 1416.22 153.511 1272.31 1163.84 174.559 121.412
internal_count=22147 14403 7744 8700 8448 1132 321 811 365 273 7692 5703 7358 7208 7118 5642 5438 5386 7061 294 6767 6343 424 6300 6090 210 5737 5331 1036 635
is_linear=0
shrinkage=0.03


Tree=60
num_leaves=31
num_cat=0
split_feature=18 73 40 67 70 50 72 52 61 60 60 82 71 43 44 36 11 60 3 25 15 60 80 90 38 39 64 49 52 54
split_gain=0.861297 0.649728 0.478374 0.465067 0.605835 0.610102 0.849872 0.477407 0.668414 0.436805 0.493665 0.426951 1.02385 0.825359 0.498221 0.452912 0.669373 0.632305 0.417514 0.414323 0.415324 0.523782 0.633389 0.680902 0.548963 0.397448 0.704402 0.44302 0.419241 0.411153
threshold=4.5000000000000009 126.50000000000001 46.203983332696204 36.782412989309542 42.764660493827172 8.5430996692081553 178.58333333333334 0.53466595083215773 498.90000000000003 651.85000000000002 639.35000000000014 6.2500000000000009 -7.9338308385888636 0.62527533039647587 0.23192141042880624 2.8923611111111116 32.828571428571429 453.40000000000003 28.633333333333336 14.004830917874399 33.707142857142863 454.65000000000003 11.950000000000001 46.500000000000007 0.69604037267080754 25.468627450980396 0.022497216317441039 133.08486473957734 0.36518707705501213 231.2166666666667
decision_type=8 2 10 2 2 2 10 10 10 10 8 2 2 10 8 10 10 10 10 10 10 10 2 2 10 10 2 2 10 2
left_child=1 2 11 4 9 6 -6 25 -9 10 19 12 -1 18 15 -13 17 -17 -14 20 21 -2 -23 24 -24 29 -27 -28 -29 -5
right_child=3 -3 -4 7 5 -7 -8 8 -10 -11 -12 14 13 -15 -16 16 -18 -19 -20 -21 -22 22 23 -25 -26 26 27 28 -30 -31
leaf_value=0.96685273144562123 -0.29227477265666008 1.2329772169716493 0.76053688163877786 -0.014159006236808692 0.010708481423789067 -0.15427664838771563 0.51499306077317752 0.099259253162711475 1.1658388846952414 -0.87034731348430816 0.64046869927936645 0.012709048270235427 0.95603650237344917 0.59683582477537023 -0.11266920116152417 0.36145721862394453 -0.25178883860082352 1.6496404583361688 -0.06786671848826728 -0.35180123228162241 -0.35854956433699869 -0.37011025175265888 0.60077664854067947 -0.074380775500506785 0.040733608112529393 0.5019399696999659 -0.2935519909516085 -0.083516656694769348 0.34035934433069454 -0.20322677041148157
leaf_weight=33.790076240897179 313.45836809463799 31 31.244178641587496 1810.3509436435997 54.52323217317462 57.847926082089543 32.578265398740768 65.403690533712506 29.206426620483398 89.667710840702057 30.024529904127121 1403.5787967871875 36.945125095546246 59.90531088784337 269.51367490924895 15.099712835624816 18.400232471525669 14.310789166018365 218.71896113827825 609.38173762336373 263.84422770515084 91.612887205556035 48.424927528947592 59.671625657007098 49.308528574183583 25.784230532124639 32.273919800296426 35.019764168187976 39.546014869585633 248.47468211501837
leaf_count=103 2190 31 98 6504 245 121 48 410 37 94 62 5392 161 153 1195 164 91 44 592 2098 1005 199 143 106 115 96 161 117 103 300
internal_value=-0.000135665 0.000350868 0.000286125 -0.000395956 -0.000771524 0.00107807 0.00265223 -0.000116398 0.00195881 -0.000944473 -0.000818809 0.000229537 0.00118412 0.000643491 3.51718e-05 0.00025532 0.00309625 0.00583336 -0.000103763 -0.000899163 -0.000460622 6.10449e-07 0.00102548 0.00217473 0.00370396 -0.000206843 0.00137886 0.000285526 0.0015531 -0.000309609
internal_weight=6118.91 2132.51 2101.51 3986.4 1700.34 144.949 87.1015 2286.06 94.6101 1555.39 1465.73 2070.26 349.359 315.569 1720.9 1451.39 47.8107 29.4105 255.664 1435.7 826.321 562.476 249.018 157.405 97.7335 2191.45 132.624 106.84 74.5658 2058.83
internal_count=22178 8024 7993 14154 6426 414 293 7728 447 6012 5918 7895 1009 906 6886 5691 299 208 753 5856 3758 2753 563 364 258 7281 477 381 220 6804
is_linear=0
shrinkage=0.03


Tree=61
num_leaves=31
num_cat=0
split_feature=59 34 62 20 8 73 23 7 53 72 81 55 49 42 48 28 15 60 80 61 82 71 74 40 32 61 15 0 46 73
split_gain=0.803204 0.532547 0.981462 0.502884 0.752861 0.657593 0.853609 1.09885 0.855548 0.784214 0.76721 0.608212 0.554033 0.53912 0.907575 0.478322 0.43589 0.469729 0.424487 0.406132 0.643381 1.13208 0.389088 0.574571 0.435595 0.456668 0.433397 0.410001 0.609574 0.508193
threshold=8.5000000000000018 37.225000000000009 528.70000000000016 0.95000000000000007 154.50000000000003 62.500000000000007 22.845238095238098 43.137729956809984 0.33087859018893506 189.66875000000002 7.0500000000000016 264.06250000000006 139.21970680984205 0.68274400330851959 140.31003096753389 34.778652668416456 76.045454545454561 611.05000000000007 24.450000000000003 633.55000000000007 6.2500000000000009 -1.2086111111111106 -9.208333333333341 31.483665269042632 11.00704225352113 667.20000000000016 72.038461538461561 16.500000000000004 0.32237818868943185 31.500000000000004
decision_type=8 10 10 10 10 2 8 10 10 10 2 2 2 10 2 8 10 10 2 8 2 2 10 8 10 10 10 2 8 2
left_child=1 3 -3 4 22 13 10 11 -9 -10 -7 12 -8 16 -15 -14 17 19 -6 20 21 -5 26 -24 25 -25 27 28 -1 -30
right_child=-2 2 -4 5 18 6 7 8 9 -11 -12 -13 15 14 -16 -17 -18 -19 -20 -21 -22 -23 23 24 -26 -27 -28 -29 29 -31
leaf_value=-0.1878106288135819 -0.13292287091036215 0.084031749199931616 1.3767694428002633 0.60739301206281393 -0.27080322270023716 0.035501227860951161 -0.24063945245001803 0.01470388281859087 0.28099412038765081 1.0373046452978121 0.92164825812272744 -0.36455153562992876 0.29697890488825973 -0.15156602540401465 0.93217748139860046 -0.083178101806499566 -0.19287329927775346 0.18376963648162259 0.32744267608963284 -0.73353122624483214 -0.087412523016285631 -0.049954357307837399 -0.13853433715665167 0.032130741700938471 0.27229199969993301 0.54120173105595448 0.13289741573161862 -0.22766820925226169 0.37589085006845224 -0.10330418961881235
leaf_weight=89.747148843482137 1920.513703012839 81.188105212524533 16.52440619468689 37.769058620557189 235.3422974254936 50.287669435143471 123.81648772954941 117.02076682448387 85.74320475757122 72.662553608417511 52.988782867789268 91.954320132732391 143.45813539624214 44.280247699469328 58.626237351447344 68.746927484869957 161.3062582090497 42.127432227134705 41.626620594412088 44.489858001470566 538.26207054965198 52.006815833970904 221.6360706910491 1010.4542044792324 29.721137035638094 38.143304646015167 63.948253529146314 526.81387450173497 28.37685476616025 27.896517213433981
leaf_count=438 6428 556 19 184 567 107 309 157 142 81 100 100 285 312 194 146 451 46 104 59 3382 266 821 4880 40 40 142 1587 132 71
internal_value=-0.000104306 0.000128243 0.0023057 7.57903e-05 -0.000216078 0.000453901 0.00108753 0.000710888 0.00218528 0.00361532 0.0036214 -0.000240848 0.000352304 -6.88478e-05 0.00197451 0.00128067 -0.000310876 7.85478e-06 -0.00168061 -0.000186508 1.17361e-05 0.00234833 -1.61934e-05 0.000295918 0.000581946 0.000478302 -0.000566526 -0.000791438 0.000612013 0.00303204
internal_weight=6117.48 4196.97 97.7125 4099.25 2313.71 1785.55 806.679 703.402 275.427 158.406 103.276 427.976 336.022 978.868 102.906 212.205 875.961 714.655 276.969 672.528 628.038 89.7759 2036.74 1299.95 1078.32 1048.6 736.783 672.834 146.021 56.2734
internal_count=22146 15718 575 15143 8822 6321 1427 1220 380 223 207 840 740 4894 506 431 4388 3937 671 3891 3832 450 8151 5781 4960 4920 2370 2228 641 203
is_linear=0
shrinkage=0.03


Tree=62
num_leaves=31
num_cat=0
split_feature=11 67 63 41 21 62 55 46 47 2 52 8 76 64 82 62 67 73 80 60 63 4 23 35 29 81 56 67 63 58
split_gain=0.865478 0.651486 0.588835 0.54355 0.537223 0.550103 1.05976 0.852671 0.53535 0.519863 0.798427 0.683826 0.514606 0.520272 0.660917 0.608889 0.558483 0.484683 0.47861 0.931089 0.835359 1.56904 1.74936 1.14034 0.559746 0.45526 0.439391 0.425874 0.580244 0.420481
threshold=16.105555555555558 35.355339105339119 666.80000000000007 0.84375000000000011 0.29285714285714287 642.85000000000014 287.32777777777784 0.25052301255230131 0.95000000000000007 18.416666666666668 0.39081219442698989 111.50000000000001 1.0000000180025095e-35 0.043564527260179439 6.6500000000000012 616.80000000000007 47.466823308270683 51.500000000000007 8.4500000000000011 501.95000000000005 610.20000000000016 57.050000000000004 38.050000000000004 39.323115523071898 13.581742450538009 14.650000000000004 149.20743168973914 44.181353622530104 503.55000000000007 300.66428571428577
decision_type=10 2 10 8 8 10 2 8 10 10 10 10 2 2 2 10 2 2 2 10 8 10 8 8 10 2 2 2 10 2
left_child=2 3 4 -2 -1 6 29 -8 9 10 11 -3 13 -11 16 27 -15 -7 19 -14 21 24 23 -23 -20 -24 -10 -16 -29 -6
right_child=1 8 -4 -5 5 17 7 -9 26 12 -12 -13 18 14 15 -17 -18 -19 20 -21 -22 22 25 -25 -26 -27 -28 28 -30 -31
leaf_value=-0.46931548323890127 0.10124661732454521 0.060220316176243641 -0.34252187330942735 -0.10917740282386333 -0.034458395140650279 0.033473281775879764 -0.035886091342566213 1.1532783902213553 0.0096097886601173126 -0.074463457563334279 -0.1452223498884723 0.67425422993712103 0.0029901703093059948 0.56945224972127328 -0.25516848201668663 -0.28871456986882743 0.41243777198211473 -0.29076233451358019 0.34995349383428742 1.1394146820026778 -0.056808967189502707 0.41775781823185298 -0.0077017419658149322 1.5523890572076298 -0.050061446628695182 0.51040397502320256 -0.30906901001911863 0.0016565231453418506 0.3266022255381818 -0.43303373006782436
leaf_weight=429.33583003655076 27.427290678024292 34.206448698416352 144.84251290559769 615.43656787648797 2159.6628863327205 101.39573687314987 107.95432013273239 97.461411356925964 125.83601373061538 431.74877282045782 35.757315248250961 34.975300943478942 93.70600269548595 34.375432081520557 126.96411905065179 78.842512905597687 52.455171855166554 174.98581755161285 48.813686961308122 95.908885419368744 176.35067555308342 39.340735591948032 89.1675705909729 35.224657209590077 348.35831298679113 34.23045850917697 96.48946787789464 134.36741022951901 98.81692185997963 51.905507743358612
leaf_count=1903 47 165 150 2328 9749 115 116 102 571 1434 157 90 467 118 491 84 150 182 170 107 194 143 321 75 1538 129 192 695 120 55
internal_value=-0.000164424 0.000213844 -0.000498809 -0.000627587 -0.000411643 -0.000254278 -0.000109014 0.00194686 0.000454862 0.000608454 0.00265481 0.00451507 0.000495206 2.85755e-06 0.000635972 0.000160307 0.00301159 -0.00151965 0.000985234 0.00233203 0.00065163 0.00118868 0.00336324 0.00695949 9.90895e-05 0.00115166 -0.000939598 0.000684099 0.00144315 -0.000300762
internal_weight=6156.34 2888.8 3267.54 642.864 3122.7 2693.37 2416.98 205.416 2245.94 2023.61 104.939 69.1817 1918.67 957.57 525.822 438.991 86.8306 276.382 961.101 189.615 771.486 595.135 197.963 74.5654 397.172 123.398 222.325 360.148 233.184 2211.57
internal_count=22158 9786 12372 2375 12222 10319 10022 218 7411 6648 412 255 6236 3092 1658 1390 268 297 3144 574 2570 2376 668 218 1708 450 763 1306 815 9804
is_linear=0
shrinkage=0.03


Tree=63
num_leaves=31
num_cat=0
split_feature=18 50 39 4 8 82 63 62 22 39 26 11 30 86 15 43 64 14 67 4 4 68 73 53 71 58 49 56 53 82
split_gain=0.652685 0.662484 0.655736 0.591052 0.932061 0.566632 0.552571 0.674121 0.631374 0.671504 0.851923 0.604712 0.644729 0.892188 0.589139 0.731749 0.487759 0.686351 0.904969 0.595991 0.911772 0.686175 0.485338 0.44996 0.408592 0.497101 0.382501 0.48843 0.646839 0.375362
threshold=2.5000000000000004 8.1748835763917889 15.75277777777778 90.850000000000009 217.00000000000003 5.1500000000000012 451.55000000000007 667.00000000000011 184.40972222222226 15.858803986710965 6.8398560503823678 36.31666666666667 10.444764131151473 1.0000000180025095e-35 30.035714285714288 0.3133486943164363 0.33100409037787309 6.5000000000000009 42.304512757109144 50.81666666666667 44.225000000000009 0.073719958202715943 99.500000000000014 0.41827895750277988 -10.900478229266389 248.04285714285717 183.19654222475543 156.02102229928988 0.39684611877823367 1.5500000000000003
decision_type=8 2 8 10 10 2 8 10 10 10 8 10 10 2 10 8 2 2 2 10 10 2 2 10 2 2 2 2 10 2
left_child=3 29 5 4 22 -3 -4 8 9 10 -8 12 13 14 15 -11 17 19 -19 20 21 23 24 -14 -1 26 27 -26 -29 -2
right_child=1 2 6 -5 -6 -7 7 -9 -10 11 -12 -13 16 -15 -16 -17 -18 18 -20 -21 -22 -23 -24 -25 25 -27 -28 28 -30 -31
leaf_value=0.91133705223376937 0.43253570835010574 0.10570552180696623 -0.13690030794582028 -0.46569581853363257 0.91211572878719438 -0.24134074821958201 0.062334053319636193 -0.083489939493326046 -0.21679777126483216 -0.40342384925722485 0.32101692810171983 -0.44447237134142181 -0.44337359215305938 0.33806453189551283 -0.40824746950692792 0.52915353025278511 -0.024659100779957439 0.15157853971780724 0.5977967582098922 -0.29649143461094685 0.8414855113281513 0.787543884675177 0.39094015369612489 0.3510687800818596 0.033869576940317496 -0.23692922978686445 -0.92861474894201002 0.20739768092724134 1.2049252751818316 -0.091679411312081238
leaf_weight=23.841096308082342 36.335347563028336 49.905154695734382 657.52549871988595 65.25335194170475 46.0401959605515 275.97941270843148 63.346068328246474 186.09762477874756 80.434512017294765 52.338559037074447 57.875225270166993 57.797319415956736 84.564936982467771 96.593873843550682 228.51118405722082 51.875680107623339 104.47848239541054 102.03991170041263 89.969765149056911 86.723730266094208 54.153480555862188 72.908809460699558 80.961565792560577 47.986480155959725 670.95448915287852 58.158682227134705 29.782333940267563 33.6617352347821 27.134413216263056 2559.0929711256176
leaf_count=96 87 73 3704 92 76 634 153 196 125 115 89 86 185 163 386 97 180 199 154 125 95 139 113 94 3185 64 58 144 79 11164
internal_value=-0.00011741 -0.000256951 9.14735e-05 0.000568776 0.000755247 -0.00116143 0.000279626 0.000594236 0.000830667 0.000996611 0.00311001 0.000767335 0.00092905 2.85015e-05 -0.000709413 0.00115246 0.00152951 0.00189299 0.00332795 0.00109016 0.00180777 0.000883667 0.000545018 -0.000404898 0.000330453 0.00021531 0.000420586 0.000557695 0.00311017 -0.000592619
internal_weight=6132.32 5096.53 2501.11 1035.79 970.535 325.885 2175.22 1517.7 1331.6 1251.16 121.221 1129.94 1072.14 429.319 332.725 104.214 642.826 538.347 192.01 346.337 259.614 205.46 924.494 132.551 843.533 819.692 761.533 731.751 60.7961 2595.43
internal_count=22150 18243 6992 3907 3815 707 6285 2581 2385 2260 242 2018 1932 761 598 212 1171 991 353 638 513 418 3739 279 3626 3530 3466 3408 223 11251
is_linear=0
shrinkage=0.03


Tree=64
num_leaves=31
num_cat=0
split_feature=18 62 60 72 46 73 29 69 0 80 2 32 33 62 75 52 29 62 51 29 71 81 68 64 34 81 56 52 11 68
split_gain=0.785908 1.06923 0.701746 0.6262 0.666216 0.620336 0.604848 0.793299 0.826257 1.44267 0.847614 0.870706 1.40254 0.835562 0.712285 0.695296 0.647925 0.57436 0.510445 0.499756 0.545564 0.518918 0.653376 0.493593 0.83736 0.516008 0.445676 0.436499 0.571753 0.423406
threshold=2.5000000000000004 662.85000000000014 681.1500000000002 174.97500000000002 0.15804341361879279 120.50000000000001 3.6043478260869573 4.5000000000000009 79.500000000000014 13.050000000000002 59.416666666666679 8.8010989010989018 0.76388888888888895 587.30000000000007 190.87500000000003 0.40032124582583301 17.209159261790841 635.75000000000011 12.016404647983597 10.00568181818182 -3.0356349206349189 14.550000000000004 1.2864382239382233 0.0096386101820884456 35.708333333333336 17.450000000000006 144.24727218879192 0.25041608585281855 3.2111111111111117 -5.2651112651112646
decision_type=8 10 10 10 10 2 8 2 2 2 8 8 8 10 10 10 10 8 2 10 2 2 2 2 8 2 2 10 10 2
left_child=1 5 3 4 -2 17 -5 18 9 13 11 -10 -13 -9 15 -11 -14 19 -8 -1 21 -21 26 24 25 27 -23 -6 -29 -22
right_child=2 -3 -4 6 23 -7 7 8 10 14 -12 12 16 -15 -16 -17 -18 -19 -20 20 29 22 -24 -25 -26 -27 -28 28 -30 -31
leaf_value=0.84423773869611007 -0.219833483863423 0.95969565975970161 -0.15639395026023228 -0.1806637941637409 0.21285462663019752 0.75526566705418119 -0.024501449170032288 0.29696807798716718 -0.054559375338855187 0.42273776554867665 -0.14024861279299186 0.57646455019280574 -0.18251186828992444 1.1472511186837073 -0.240977760840904 -0.045275574778067665 0.99301750917806286 -0.64643790505694587 0.21323556200163538 0.015094596687404902 0.55621957994597626 0.20259681101042273 0.71315052475724316 -0.055499127077738845 0.77031620260704559 -0.23167512426648201 -0.73716288165541821 -0.025856377992332823 1.1744023360385982 -0.058881731739465974
leaf_weight=38.698493681848049 1685.8084115833044 73.492908775806427 223.09762477874756 355.89297050051391 15.028732504695652 25.34960412979126 872.64954917132854 62.466048363596201 77.421252772212029 68.992656901478767 142.97915467619896 64.650000594556332 116.82456856966019 53.111807227134705 56.937752783298492 44.625674962997437 66.565049186348915 49.22905658185482 49.476769572123885 159.49139669910073 79.758843461051583 36.471035784110427 56.214608525857329 912.23047454841435 19.110409919172525 67.227693062275648 27.468895612284541 47.953736394643784 20.462351394817233 490.06046026386321
leaf_count=161 8368 77 233 647 145 27 1833 158 162 171 201 89 167 56 65 96 133 60 85 647 287 197 183 4781 132 298 90 230 145 2184
internal_value=-0.000174715 0.000577154 -0.000329893 -0.000253234 -0.000546782 0.00030889 0.000146569 0.000385072 0.00110577 0.002373 0.000328306 0.00117334 0.0020386 0.00494547 0.000611093 0.00197832 0.000687575 0.000181084 -0.000205231 0.000357207 0.000203207 0.00128602 0.00276616 3.42164e-05 0.00151451 0.000741857 0.000670842 0.00230562 0.00124141 -0.000329518
internal_weight=6059.75 1036.24 5023.51 4800.42 2767.82 962.742 2032.59 1676.7 754.574 286.134 468.44 325.461 248.04 115.578 170.556 113.618 183.39 937.393 922.126 888.164 849.465 279.646 120.155 1082.01 169.783 150.673 63.9399 83.4448 68.4161 569.819
internal_count=22108 3913 18195 17962 14099 3836 3863 3216 1298 546 752 551 389 214 332 267 300 3809 1918 3749 3588 1117 470 5731 950 818 287 520 375 2471
is_linear=0
shrinkage=0.03


Tree=65
num_leaves=31
num_cat=0
split_feature=19 37 15 7 51 54 52 64 19 51 3 24 63 13 63 3 8 54 90 62 28 75 55 64 75 38 72 64 72 55
split_gain=1.04159 0.559576 0.524401 0.542619 0.980757 1.10351 1.1485 1.07613 0.588615 0.563478 0.55237 0.526912 0.501214 0.478803 0.472678 0.51695 0.81429 1.16842 0.745749 0.575548 0.540691 0.537427 0.536427 0.509468 1.07323 0.368445 0.360983 0.415136 0.529625 0.434721
threshold=4.4500000000000011 6.4301130524152112 101.10000000000001 41.112832545417724 8.6156605758738394 170.16805555555558 0.33306319470668405 0.048138245197068733 4.366666666666668 15.697864606996822 41.100000000000009 29.31666666666667 452.05000000000007 4.1000000000000005 669.25000000000011 69.90000000000002 137.50000000000003 201.95000000000002 26.500000000000004 672.20000000000016 13.867595818815333 190.87500000000003 332.84166666666675 0.3501968503937008 188.70833333333334 1.2280056759545925 188.75000000000003 0.030418690724034237 175.30625000000003 229.91666666666671
decision_type=8 8 10 10 2 2 10 2 10 2 10 10 10 10 10 8 8 2 2 10 10 10 2 2 10 8 10 2 10 2
left_child=1 -1 3 8 5 10 -7 -8 9 26 -5 -12 -10 -6 15 19 17 25 21 20 22 -18 23 -2 -25 -17 27 -3 -29 -30
right_child=14 2 -4 4 13 6 7 -9 12 -11 11 -13 -14 -15 -16 16 18 -19 -20 -21 -22 -23 -24 24 -26 -27 -28 28 29 -31
leaf_value=-0.29467140254371227 -0.034725458059917717 -0.10117377633194022 -0.30926189333301207 0.30865571911098766 -0.57073335115006929 0.96714414507276159 0.54920207124716758 -0.12359611828334723 -0.10259957177414676 0.49199649977610194 -0.18167659186659094 0.47367539829649957 0.66314294824143549 0.22980807056785366 -0.14163758898707943 -0.5440836645469812 0.10651303981117635 1.0202338950866867 -0.25313561169214405 -0.17724698775456871 -0.13808229763091831 1.2686308986319801 0.3915262637638624 -0.078966811948010612 0.54710750869900093 0.37658937864384939 -0.27454058671258902 0.01957987858565758 0.52444808127420572 -0.014024363182290216
leaf_weight=68.439223926514387 1580.3627434708178 319.75716141611338 71.511634331196547 28.255533261224627 114.97012638859451 130.32952419109643 64.979735687375069 112.16313236765563 26.562687512487173 26.938445448875427 127.79768073000014 32.449523091316223 33.999630641192198 55.892354354262352 155.08030980825424 26.241050573065877 96.858394373208284 30.71483325958252 134.22987340949476 203.51022374629974 1632.2628767881542 26.212153613567352 28.381101548671722 80.56550570204854 43.716768383979797 32.08410344645381 159.31292013078928 519.66234532557428 94.637178521603346 48.713847815990448
leaf_count=308 6142 1678 140 113 260 188 118 163 177 46 439 108 69 110 159 107 479 36 381 213 5993 69 29 744 48 140 244 3052 322 68
internal_value=-0.000123438 0.000430351 0.000523503 0.000618952 0.00130738 0.00198164 0.00308673 0.00150038 0.00024484 9.41919e-05 0.000172313 -0.000516699 0.003104 -0.000649987 -0.000400542 -0.000335906 0.000769169 0.00322466 -8.97587e-05 -0.000443336 -0.000349316 0.00159024 1.9774e-05 -4.94704e-05 0.00179209 0.000692174 -8.7714e-06 0.000206353 0.000634271 0.00224189
internal_weight=6106.59 2036.37 1967.93 1896.42 666.838 495.975 307.472 177.143 1229.58 1169.02 188.503 160.247 60.5623 170.862 4070.22 3915.14 346.34 89.04 257.3 3568.8 3365.29 123.071 1733.03 1704.65 124.282 58.3252 1142.08 982.771 663.013 143.351
internal_count=22143 7603 7295 7155 1499 1129 469 281 5656 5410 660 547 246 370 14540 14381 1212 283 929 13169 12956 548 6963 6934 792 247 5364 5120 3442 390
is_linear=0
shrinkage=0.03


Tree=66
num_leaves=31
num_cat=0
split_feature=9 63 45 45 27 10 64 9 62 3 63 24 51 43 73 15 73 78 4 3 18 0 57 59 78 53 63 50 67 52
split_gain=0.650089 0.620575 0.548368 0.756525 1.17637 0.534951 0.669016 0.623127 0.545656 0.572518 0.903889 1.12237 0.48696 0.489153 0.529473 0.405084 0.467571 0.533617 0.45957 0.512797 0.42672 0.415024 0.406526 0.602891 0.503338 0.546826 1.11117 0.432196 0.517652 0.500292
threshold=0.47222222222222227 666.80000000000007 0.080178571428571446 0.13994288045695638 139.27518982146526 0.10555555555555557 0.34441579173574022 0.78888888888888908 662.85000000000014 54.100000000000009 471.25000000000006 17.612500000000004 7.2916536896308299 0.18044171220400732 58.500000000000007 25.408333333333335 116.50000000000001 41.650000000000006 51.45000000000001 69.90000000000002 2.5000000000000004 84.500000000000014 8.231653928049889 11.250000000000002 32.250000000000007 0.27269899319780672 563.70000000000016 9.4838335581350588 41.31251770509396 0.37255677526048231
decision_type=10 10 8 8 10 8 2 10 10 10 10 10 2 8 2 8 2 2 10 10 10 2 2 10 2 8 10 2 2 10
left_child=1 15 12 4 -4 7 -7 8 9 10 -5 -12 13 -2 -15 20 17 18 19 22 21 -1 -17 24 25 26 27 28 29 -24
right_child=2 -3 3 5 -6 6 -8 -9 -10 -11 11 -13 -14 14 -16 16 -18 -19 -20 -21 -22 -23 23 -25 -26 -27 -28 -29 -30 -31
leaf_value=-0.046332243954648362 -0.75594829020924592 -0.21504080560672093 0.00014683839086674478 -0.012134853817819789 1.4304360793855504 -0.12904647337949357 0.53148888178545672 -0.095846600866799414 0.50656396289676275 0.016556388879437552 0.85375969905479687 0.067454528591144369 -0.27973154522548266 0.084960859639353431 0.89736161973178696 -0.092752379512602665 0.20873642076514839 0.27098598862016371 -0.13347458404869425 0.62272486718151265 -0.3506564331898801 0.49910176087252306 0.70423144879726518 0.60676842738258752 -0.12222611017909756 0.0073700588872364064 0.30072297619671357 -0.19141406806368239 -0.43940866538608703 0.087909536065866115
leaf_weight=86.751288233324885 22.646469788625836 170.01731497049332 58.298458512872458 145.80590676143765 37.702729968354106 338.11687586270273 35.933874029666185 142.13526250608265 118.25511187314987 571.68472407571971 75.222345065325499 64.199540389701724 228.1730304453522 26.430856741964817 20.961611151695251 1604.3764693662524 112.23974305391312 24.810232356190681 281.77063282579184 24.415776893496513 709.16798431053758 19.612255185842514 30.211065536364913 44.128180980682373 406.92503812909126 536.95255579054356 30.555903613567352 57.256144130602479 29.977620055899024 23.974812710657716
leaf_count=494 68 176 175 772 116 1104 144 370 123 1579 111 106 679 198 36 8112 131 42 800 70 3129 56 135 58 1152 1550 32 257 142 113
internal_value=-0.000163447 -0.000371464 0.000299095 0.000520889 0.00308833 0.00035366 -0.000627168 0.000682288 0.000952839 0.000687311 0.00178259 0.00350049 -0.000879293 0.00129568 0.00300898 -0.000296147 -0.000144234 -0.000213436 -0.000249465 -0.000132565 -0.000892734 0.000872941 -0.000171504 0.000256224 0.000118633 0.000601084 0.00206805 0.000925214 0.00228233 0.0040076
internal_weight=6078.71 4193.14 1885.57 1587.35 96.0012 1491.35 374.051 1117.3 975.168 856.913 285.228 139.422 298.212 70.0389 47.3925 4023.13 3207.59 3095.35 3070.54 2788.77 815.532 106.364 2764.36 1159.98 1115.85 708.928 171.976 141.42 84.1635 54.1859
internal_count=22030 16449 5581 4600 291 4309 1248 3061 2691 2568 989 217 981 302 234 16273 12594 12463 12421 11621 3679 550 11551 3439 3381 2229 679 647 390 248
is_linear=0
shrinkage=0.03


Tree=67
num_leaves=31
num_cat=0
split_feature=42 66 63 15 1 76 45 90 8 3 62 1 29 55 2 52 52 62 62 73 55 79 8 85 22 74 68 73 16 72
split_gain=0.54048 0.501152 0.656652 0.548882 0.583932 0.861122 0.700887 0.922045 0.661317 1.24436 0.823632 0.963391 0.889476 0.65017 0.588519 0.755948 0.529366 0.516733 0.548639 0.488151 0.510507 0.529592 0.536908 0.529856 0.437293 0.433742 0.413992 0.448236 0.408988 0.390983
threshold=0.24566416040100253 69.500000000000014 653.35000000000014 101.10000000000001 44.697893813075915 1.0000000180025095e-35 0.55010917030567696 24.500000000000004 106.50000000000001 41.100000000000009 662.85000000000014 50.367883995703558 26.429670329670333 209.41666666666669 31.166666666666668 0.42121714018770978 0.48159304384792484 646.60000000000014 631.30000000000007 26.500000000000004 176.4666666666667 17.500000000000004 85.500000000000014 2.5000000000000004 152.01351351351354 -11.116666666666658 -7.4803974221267415 105.50000000000001 6.5000000000000009 199.75000000000003
decision_type=8 2 8 10 10 2 10 2 10 10 10 10 8 2 10 10 10 10 10 2 2 2 10 2 10 10 2 2 2 10
left_child=29 2 3 4 6 14 17 -8 -7 -10 11 13 -13 28 -6 -16 -17 18 19 20 -2 -22 23 -23 -4 -21 -27 -28 -11 -1
right_child=1 -3 24 -5 5 8 7 -9 9 10 -12 12 -14 -15 15 16 -18 -19 -20 25 21 22 -24 -25 -26 26 27 -29 -30 -31
leaf_value=-0.026563097161880194 -0.31112718960775454 0.27782759741593721 -0.42143182520691652 -0.45231835256296549 0.7648559415362558 -0.031581246879864862 0.71780334567717385 -0.11074026843964788 1.0487639827594633 -0.25014517407345149 1.4135367723124541 -0.20266238337029757 0.6330874928021909 1.5442782304809963 -0.2269528456687962 0.3337570413475669 -0.17061927443159747 -0.61951768950358133 0.44286653161594047 -0.34158372405810622 0.88529601557334703 0.12402287205946919 -0.040851159962368655 0.59877735924224607 0.37223832394912548 0.74208068840905805 -0.13178689781713743 0.38247607156509461 0.52355052073964936 -0.18331795574345774
leaf_weight=3721.4300029668957 115.83925876766443 27.358696714043617 127.96143179386854 51.981312634423375 50.060811448842287 101.80566753074527 34.610294174402952 52.139350092038512 35.184869974851608 24.442665819078684 38.762203097343445 106.64897401072085 45.558161208406091 34.548498498275876 225.07407258078456 59.053205884993076 42.294866561889648 58.080309808254242 22.759276032447815 180.26505294069648 25.928797459229827 63.265433570370078 96.771727526560426 28.130227860063314 82.333731710910797 35.331159759312868 439.02333220094442 28.815231502056122 29.104395240545273 92.122046204283834
leaf_count=13500 1452 38 218 125 201 446 120 156 146 129 40 339 155 51 781 188 139 62 34 407 115 383 398 126 86 110 1719 46 107 140
internal_value=-0.000154156 0.000213057 0.000162716 0.000328588 0.000409291 0.00103866 -1.36001e-05 0.00256621 0.00197762 0.0026565 0.00196956 0.00130161 -0.000147721 0.00377924 -1.47726e-06 -0.000468636 0.00167226 -0.000220286 -6.46189e-05 -0.000170107 0.000776069 0.00164141 0.00107189 0.00270797 -0.00142889 -0.00062735 -0.000173703 -0.000412439 0.00165526 -0.000372075
internal_weight=6076.69 2263.13 2235.77 2025.48 1973.5 792.538 1180.96 86.7496 416.055 314.25 279.065 240.303 152.207 88.0956 376.483 326.422 101.348 1094.21 1036.13 1013.37 329.935 214.096 188.167 91.3957 210.295 683.435 503.17 467.839 53.5471 3813.55
internal_count=21957 8317 8279 7975 7850 2722 5128 276 1413 967 821 781 494 287 1309 1108 327 4852 4790 4756 2474 1022 907 509 304 2282 1875 1765 236 13640
is_linear=0
shrinkage=0.03


Tree=68
num_leaves=31
num_cat=0
split_feature=19 73 75 34 58 13 57 60 58 58 20 55 8 15 54 74 8 44 7 15 78 72 72 34 70 69 54 78 75 11
split_gain=0.735183 0.962395 0.781048 0.606095 0.77131 0.563276 0.575116 1.1461 0.393652 0.589715 1.22284 0.453998 0.606071 0.45128 0.477525 0.871105 0.77222 0.631358 0.488022 0.787826 0.482836 0.437354 0.620484 0.831985 1.23673 0.831822 0.599495 0.421109 0.430837 0.978693
threshold=2.1000000000000005 120.50000000000001 196.2166666666667 17.519230769230774 172.01250000000002 7.6333333333333337 13.166234185191671 555.80000000000007 295.40000000000003 278.48333333333341 0.47222222222222227 287.32777777777784 113.50000000000001 16.527777777777782 219.83333333333337 -4.0416666666666563 84.500000000000014 0.23192141042880624 11.211377880682274 19.038461538461544 40.95000000000001 188.32500000000002 180.52272727272728 18.480769230769234 46.843203671328673 5.5000000000000009 195.68333333333337 30.250000000000004 188.50833333333335 4.0500000000000007
decision_type=8 2 10 10 2 10 2 10 2 2 10 2 8 8 2 10 8 10 8 10 2 8 10 10 2 2 2 2 10 10
left_child=1 2 3 -1 -5 6 8 -8 9 13 -11 -10 -13 -2 18 -16 -17 -18 19 -15 21 22 26 24 25 -24 27 28 -20 -30
right_child=5 -3 -4 4 -6 -7 7 -9 11 10 -12 12 -14 14 15 16 17 -19 20 -21 -22 -23 23 -25 -26 -27 -28 -29 29 -31
leaf_value=0.021019481340580057 -0.4321764145725065 1.1808595340153936 1.4595675797209531 -0.24667524604462412 0.82411242422540398 -0.25781785294622794 -0.42229981975145048 0.33199237145843696 -0.42533008330068678 -0.31184589615423491 0.41361280098637038 -0.1812525370936314 0.26231870379589062 -0.62356708784364379 -0.20891727162970797 0.39458583067481684 0.50364322382303495 -0.040031339349748632 -0.0051956999783863006 0.61670847500908377 0.28486881783273088 -0.14744513486119956 0.09204025111202753 -0.27101356846172903 -0.051684669603630287 0.93975142694695579 -0.45748589098210912 -0.077958374409586348 0.37828701394260533 -0.11814324165484009
leaf_weight=823.15685262903571 319.79725298844278 28.52440619468689 28.03125 16.315730322152376 22.18474311940372 291.13135481253266 45.035356828942895 48.143304646015167 147.08030980825424 146.76339823007584 110.03293997049332 99.667710840702057 95.874010324478149 20.620465965941548 145.44733184576035 73.605281978845596 91.740408860146999 135.58725050836802 1017.137296769768 22.994246359914541 23.510695783421397 452.93431641161442 76.726027002558112 114.78420673310757 60.393261566758156 59.106071949005127 212.869180560112 1158.8174819462001 82.431911647319794 124.78107702732086
leaf_count=2960 1493 31 30 202 47 1127 222 50 151 159 117 104 100 111 193 116 119 178 5676 131 81 1074 187 288 119 109 629 6073 111 168
internal_value=-7.44343e-05 0.000707437 0.00052998 0.000366473 0.00399665 -0.000213219 -0.00013668 0.00218505 -0.000182265 -0.000106696 0.00128602 -0.00116061 -0.000210547 -0.000192272 -0.000102692 0.000819163 0.00173864 0.000865215 -0.000222967 0.00289443 -0.000263995 -0.000294515 -0.000159225 0.00110491 0.00228741 0.00386683 -0.000311038 -0.000174418 0.000213485 0.00145681
internal_weight=6095.23 918.213 889.689 861.657 38.5005 5177.01 4885.88 93.1787 4792.7 4450.08 256.796 342.622 195.542 4193.28 3873.49 446.38 300.933 227.328 3427.11 43.6147 3383.49 3359.98 2907.05 311.01 196.225 135.832 2596.04 2383.17 1224.35 207.213
internal_count=22156 3270 3239 3209 249 18886 17759 272 17487 17132 276 355 204 16856 15363 606 413 297 14757 242 14515 14434 13360 703 415 296 12657 12028 5955 279
is_linear=0
shrinkage=0.03


Tree=69
num_leaves=31
num_cat=0
split_feature=72 43 17 74 13 45 35 72 42 13 60 37 62 89 54 22 7 22 29 10 64 11 22 37 6 8 0 28 35 28
split_gain=0.521631 0.688983 0.726083 1.13427 0.673604 0.612429 0.623142 0.545972 0.528704 0.629167 0.528031 0.417434 0.408688 0.559394 0.446747 1.02398 0.543615 0.445224 0.405484 0.917941 0.655326 0.862283 0.620286 0.77907 0.583473 0.551422 0.328096 0.525333 0.318534 0.315519
threshold=180.3818181818182 0.19657494145199064 11.500000000000002 -1.1249999999999998 6.8285714285714292 0.51958277942529918 39.59364686468647 188.75000000000003 0.67313976872800418 5.9000000000000012 681.1500000000002 22.750000000000004 489.95000000000005 2024.5000000000002 175.33035714285717 150.67579908675802 29.759452278838832 160.83624708624711 21.429971988795518 1.0000000180025095e-35 0.026832780477770067 20.050000000000004 141.07625482625488 10.089572192513371 40.170620433036312 124.50000000000001 63.500000000000007 26.953000882612535 29.638935417829892 11.988372093023257
decision_type=10 10 10 10 10 8 8 10 10 8 10 10 10 2 2 8 10 10 10 10 2 8 10 8 10 10 2 10 8 8
left_child=11 5 4 -4 8 29 -7 -8 9 10 18 12 13 -1 15 16 -14 28 19 25 21 -21 23 24 -22 -3 27 -24 -16 -2
right_child=1 2 3 -5 -6 6 7 -9 -10 -11 -12 -13 14 -15 17 -17 -18 -19 -20 20 22 -23 26 -25 -26 -27 -28 -29 -30 -31
leaf_value=-0.036175610406811103 -0.09048603507564526 0.0086818819500922469 0.51679575197236305 0.035763106800129119 -0.12460725039910392 0.36986460310078978 0.20803621081645574 -0.62082814787259211 0.77768677831365263 0.70605374959914491 -0.08293874128850455 0.21958241728858241 -0.0097561208227664731 0.39974425703207317 -0.028415240251223536 -0.20508742362245483 0.38264110294438491 0.070195232719910905 -0.10144749874818786 -0.018153396002536754 -0.68096301008918403 0.81908658314362381 0.14555519588129315 0.26717079657973586 0.26609763053095975 0.95355225596062476 -0.24175202808748275 -0.29967105365251101 -0.31761163560689948 -0.37422955867454211
leaf_weight=2957.5411812160164 192.65802181512117 64.17296651750803 68.133931398391724 82.452813288196921 143.26206879131496 97.787606444209814 75.943539081141353 92.867654690518975 68.894282273948193 68.755888504907489 110.90550774335861 27.570139650255442 65.704972613602877 86.513356268405914 125.25429177284241 119.05727348104119 67.586199171841145 146.35517311096191 114.07488659583032 52.959641164168715 72.165161332115531 59.450675884261727 70.426985723897815 65.862967846915126 70.250139068812132 64.475289672613144 107.47313709557056 109.67151089198887 445.39314264059067 243.74362943693995
leaf_count=17537 294 122 73 161 226 133 144 136 97 98 114 47 118 109 167 173 105 181 187 125 120 92 102 92 101 79 136 146 614 368
internal_value=-0.000106176 0.000277729 0.000663878 0.00262431 0.000424419 -0.000487498 0.00064389 -0.000461038 0.000676781 0.000505011 0.000305166 -0.000305358 -0.000331002 -0.000160043 -0.000867149 0.000217853 0.00201684 -0.00124879 0.000559351 0.000817107 0.000328034 0.00238537 -0.000142231 0.00110154 -0.000151602 0.00310912 -0.00104375 -0.000257174 -0.00162681 -0.00117856
internal_weight=6137.36 2096.39 1393.39 150.587 1242.8 703 266.599 168.811 1099.54 1030.64 961.889 4040.98 4013.41 3044.05 969.351 252.348 133.291 717.003 850.983 736.908 608.26 112.41 495.85 208.278 142.415 128.648 287.572 180.098 570.647 436.402
internal_count=22197 3146 2071 234 1837 1075 413 280 1611 1514 1416 19051 19004 17646 1358 396 223 962 1302 1115 914 217 697 313 221 201 384 248 781 662
is_linear=0
shrinkage=0.03


Tree=70
num_leaves=31
num_cat=0
split_feature=43 75 27 32 9 54 55 46 58 16 7 82 5 38 65 58 54 71 72 65 42 52 57 13 30 14 27 60 54 55
split_gain=0.628679 0.547535 0.498409 0.41938 0.392039 0.645068 0.674123 0.745455 1.11344 1.39989 1.24583 0.724287 0.632988 0.57163 0.570834 0.568275 0.575137 0.840406 0.851239 0.711385 0.557604 0.533526 0.509324 0.504204 1.22958 0.638345 0.431543 0.387462 0.385001 0.437768
threshold=0.735558027437894 187.73333333333338 215.26806526806527 14.035714285714288 0.47222222222222227 156.31428571428575 307.35000000000008 0.29434564523483819 207.25833333333335 7.5000000000000009 43.763512142383362 4.8500000000000005 54.605555555555561 1.0668903803131993 10.500000000000002 105.51250000000003 201.95000000000002 1.9026232715308373 188.75000000000003 4.5000000000000009 0.093194020423202448 0.47911991734830195 7.7788498011442524 5.366666666666668 19.150439816555153 5.5000000000000009 153.57634789452973 555.80000000000007 162.82500000000002 275.75000000000006
decision_type=10 10 10 10 8 2 2 8 2 2 8 2 10 8 10 2 2 2 10 10 10 10 2 8 8 2 10 10 2 2
left_child=2 -2 3 4 13 27 7 11 21 10 -10 -7 20 15 26 -1 28 18 19 -18 22 23 -13 24 -9 -26 -15 -6 29 -17
right_child=1 -3 -4 -5 5 6 -8 8 9 -11 -12 12 -14 14 -16 16 17 -19 -20 -21 -22 -23 -24 -25 25 -27 -28 -29 -30 -31
leaf_value=0.51193509782927304 -0.033414097460520223 -0.35471241007456722 0.81114659142541756 -0.47850127374628354 -0.021542294266801605 1.0240839576473688 -0.089263576440681155 -0.0098992506534273158 0.48839148964910178 0.92685746338775943 -0.17302329846647316 0.27280369239739244 -0.093421187138083853 -0.079099285334008493 0.36742856386030753 0.0038587830033276305 -0.1153813236437745 -0.076920296917505279 0.55496226130081006 0.21077692168756612 0.58085166131802624 -0.48538604787522371 -0.40917127076397136 -0.16485591959467388 0.59663740153299105 0.51799155923450024 -0.34907593681520588 -0.41042052909196514 -0.18714047068678552 0.88704893484620195
leaf_weight=25.381115479394794 158.44252291508019 139.35423076152802 47.598123621195555 99.134897753596306 553.55383181758225 49.849746588617563 171.66771084070206 109.73059008270502 123.41496710851789 105.83313965797424 120.12271685898304 39.662284824997187 171.91530943103135 1486.9562405310571 26.536629751324654 963.41055474244058 85.427065055817366 113.99487864039838 141.77803242206573 69.199066141620278 39.63409479521215 63.61788778193295 106.97605478949845 107.43708290159702 38.180220037698746 35.420012563467026 260.30879187211394 52.777085840702057 597.63447986729443 28.777828097343445
leaf_count=183 806 165 113 271 3064 89 176 424 146 116 134 169 373 6188 75 5096 163 173 165 135 145 203 215 421 111 107 516 64 2192 31
internal_value=-0.000137241 -0.00147941 -6.85108e-05 -9.3896e-05 -6.00104e-05 0.000293004 0.000673802 0.000943999 0.00153482 0.00273414 0.00147106 -7.62746e-05 -0.000550495 -0.000235628 -0.000628699 0.000108721 5.10026e-05 0.00105082 0.001891 0.000346362 0.00065982 0.000348107 -0.000200572 0.000893455 0.00184613 0.0048178 -0.000695875 -0.00051284 -0.00020759 0.000154781
internal_weight=6133.73 297.797 5835.93 5788.33 5689.2 1889.79 1283.46 1111.79 703.757 349.371 243.538 408.037 358.188 3799.4 1773.8 2025.6 2000.22 410.399 296.404 154.626 186.272 354.386 146.638 290.768 183.331 73.6002 1747.27 606.331 1589.82 992.188
internal_count=22229 971 21258 21145 20874 5957 2829 2653 1662 396 280 991 902 14917 6779 8138 7955 636 463 298 529 1266 384 1063 642 218 6704 3128 7319 5127
is_linear=0
shrinkage=0.03


Tree=71
num_leaves=31
num_cat=0
split_feature=0 78 3 16 0 75 37 60 69 22 22 1 77 25 84 61 63 7 42 54 25 46 24 28 49 34 72 60 49 72
split_gain=0.540646 0.68643 0.650901 1.16551 0.64654 1.03392 0.583894 0.509601 0.463213 0.676151 0.387393 0.510162 0.58051 0.621149 0.60403 0.739308 0.508784 0.448377 0.729036 0.563288 0.440883 0.581806 0.420934 0.457064 0.467659 0.433206 0.408865 0.689109 0.40569 0.386141
threshold=24.500000000000004 41.95000000000001 75.100000000000009 1.5000000000000002 27.500000000000004 188.50833333333335 22.750000000000004 575.65000000000009 1.0000000180025095e-35 149.66665185119342 154.01879352294659 44.193168771526992 1.0000000180025095e-35 13.436848017974645 1.0000000180025095e-35 582.10000000000002 506.7000000000001 36.660128190633166 0.46983908789520507 165.45714285714288 21.861406647208366 0.30453442806493752 1.0000000180025095e-35 4.4142857142857155 145.04463144968955 22.211111111111112 195.37500000000003 584.6500000000002 144.24927018749136 197.85000000000005
decision_type=2 2 10 2 2 10 10 10 2 8 10 10 2 10 2 10 8 10 10 2 10 8 8 8 2 10 10 10 2 8
left_child=2 4 7 -4 5 -2 10 -1 9 -9 11 20 13 -13 -15 16 17 19 -19 -16 22 -22 -6 -24 28 -26 27 -14 -25 -12
right_child=1 -3 3 -5 6 -7 -8 8 -10 -11 29 12 26 14 15 -17 -18 18 -20 -21 21 -23 23 24 25 -27 -28 -29 -30 -31
leaf_value=-0.080310613098833555 -0.022152086375447338 0.34801738484106182 -0.67444230129614691 1.036569237570772 0.60262503613794638 0.31739183237981078 0.30866771425709033 -0.47127226588627208 -0.26313456335443447 0.088076010387001247 -0.035049993704838106 -0.14741859481925385 0.015289713978492755 -0.33209153159699184 -0.044580397662006277 0.98841141587297576 -0.12699669019223989 0.083828354083191531 0.84379454696706913 0.48916084773495072 -0.051297469734029266 0.42232048517625354 -0.48696346282584724 -0.021130056379695502 -0.24388088600967933 0.31134152643829222 0.77185634783023616 -0.70892249227367754 0.22743390982963432 -0.53632477882046958
leaf_weight=1459.3990193977952 103.87226983159781 32.222434377297759 62.714693231508136 69.879864864051342 26.358770390972495 62.238299369812012 51.769796788692474 97.873762905597687 272.83146297931671 119.88914048671722 839.43470836989582 117.7806803882122 306.4895246271044 62.196570968255401 68.706941382959485 84.286609292030334 28.155149862170219 28.655835146084428 30.151705773547292 29.881042873486876 44.828714117407799 64.73566054366529 114.350217346102 1398.0380222685635 270.8197225946933 42.475470466539264 39.277632990851998 91.779518067836761 28.644639767706394 62.061138367280364
leaf_count=8448 599 44 193 168 85 72 65 105 298 131 1916 404 1385 248 345 88 40 143 122 124 97 143 435 5560 586 152 45 99 67 83
internal_value=-0.000189034 1.38492e-05 -0.000581374 0.00144532 -2.18401e-05 0.00180478 -0.000101495 -0.000719853 -0.00155542 -0.000520038 -0.000145217 2.48534e-05 0.000622673 0.00137821 0.00204059 0.00265307 0.0015799 0.00224366 0.00429547 0.000988921 -0.000241866 0.00159949 -0.000349932 -0.000404227 -0.000282815 -0.00133039 -0.000155417 -0.000445681 -5.20003e-05 -0.000687516
internal_weight=6111.8 4029.21 2082.59 132.595 3996.99 166.111 3830.88 1949.99 490.594 217.763 3779.11 2877.61 887.361 449.815 332.034 269.837 185.551 157.396 58.8075 98.588 1990.25 109.564 1880.69 1854.33 1739.98 313.295 437.547 398.269 1426.68 901.496
internal_count=22290 12947 9343 361 12903 671 12232 8982 534 236 12167 10168 3043 1514 1110 862 774 734 265 469 7125 240 6885 6800 6365 738 1529 1484 5627 1999
is_linear=0
shrinkage=0.03


Tree=72
num_leaves=31
num_cat=0
split_feature=37 58 15 46 69 1 54 0 53 72 71 1 37 4 71 4 3 62 53 66 80 81 33 7 29 34 45 71 28 72
split_gain=0.555702 0.482841 0.386974 0.444204 0.383402 0.432924 0.429195 0.414441 0.480944 0.604776 0.665568 0.711657 0.903464 0.665913 0.551245 0.543508 0.523989 0.533976 0.501845 0.713686 0.534757 0.805124 0.381319 0.481373 0.366725 0.365219 0.401638 0.642932 0.592007 0.526367
threshold=22.750000000000004 101.55833333333335 17.062500000000004 0.7678571428571429 5.5000000000000009 30.010000000000002 266.43750000000006 165.50000000000003 0.32541314140264227 165.07500000000002 1.7545893719806787 52.488233665559257 8.000779423226815 34.81666666666667 -3.7505668934240357 40.414285714285718 58.900000000000006 587.30000000000007 0.18729718009190116 16.500000000000004 19.650000000000002 8.5000000000000036 0.81666666666666676 39.837545041030417 5.2565789473684221 13.433035714285717 0.14319890635680113 -8.933771209633278 3.5192307692307696 182.97500000000002
decision_type=10 2 8 10 2 10 2 2 10 10 2 10 10 10 2 10 10 10 10 2 2 2 8 10 10 8 8 2 8 8
left_child=1 -1 -3 4 6 -6 25 8 18 -10 11 12 13 -11 -15 -14 17 24 19 20 -7 -22 -9 -24 -12 -4 27 -27 -29 -30
right_child=-2 2 3 -5 5 7 -8 22 9 10 16 -13 15 14 -16 -17 -18 -19 -20 -21 21 -23 23 -25 -26 26 -28 28 29 -31
leaf_value=0.39645787096950613 0.17592918944057884 -0.29467449184887856 -0.20869346431244265 -0.59492935201867325 -0.46786529870788257 -0.13714642581313496 0.19362481215124044 0.32642786895264053 -0.07592957972123561 0.55017230441007581 0.30873394485971301 0.88868405528338734 0.54973510376841617 0.43354246400254132 0.013081096803304142 -0.073905451364062916 -0.36851357111630278 0.32139663440895483 -0.089271312052377427 0.70909231757068336 -0.11875375965969041 0.76545250860307923 -0.37911736688374131 0.20231630808388701 -0.10019825347885288 0.37183518952914441 -0.06728725679398892 0.58286968710493126 0.071713455660445069 -0.44268913887279115
leaf_weight=52.034444607794285 56.648193253204226 446.47438409738243 263.28351000510156 56.796793872490525 100.36203656904399 98.637309102341533 118.11337348818779 55.550903856754303 273.58255587145686 52.598584447056055 48.776865940541029 57.802847320213914 76.534212365746498 90.330838328227401 109.57710521668196 145.03964043967426 91.478512333706021 45.730705678462982 499.70656859315932 32.852383133023977 34.785698095336556 30.15246494859457 197.216941177845 89.993797942996025 103.73453284613788 31.53172398917377 2311.6527410652488 34.348670847713947 370.51373142749071 138.96822509355843
leaf_count=493 84 1831 920 140 404 415 135 112 1458 142 107 125 154 182 248 227 156 48 1799 128 243 94 415 131 285 120 8999 198 2003 280
internal_value=-0.000203183 -0.000231042 -0.000256166 -0.000187818 -0.000160309 0.000142512 -0.000367313 0.000233396 0.000416306 0.000807944 0.00121438 0.00184359 0.00145378 0.00267687 0.00186904 5.41729e-05 5.68749e-05 0.000922904 -0.000200111 0.00108116 0.000258981 0.00235333 -0.000720947 -0.00116114 6.27995e-05 -0.000434028 -0.000336179 0.000372599 0.000127298 -0.000132926
internal_weight=6114.81 6058.16 6006.13 5559.65 5502.86 2234.44 3268.41 2134.08 1791.32 1095.19 821.604 531.883 474.08 252.507 199.908 221.574 289.721 198.242 696.134 196.428 163.575 64.9382 342.762 287.211 152.511 3150.3 2887.02 575.362 543.831 509.482
internal_count=22076 21992 21499 19668 19528 6873 12655 6469 5811 3132 1674 1078 953 572 430 381 596 440 2679 880 752 337 658 546 392 12520 11600 2601 2481 2283
is_linear=0
shrinkage=0.03


Tree=73
num_leaves=31
num_cat=0
split_feature=70 61 65 68 1 25 4 23 61 44 68 31 66 7 55 71 75 55 30 46 29 60 0 73 73 71 71 70 42 54
split_gain=0.550844 0.65171 0.641042 0.621447 0.524533 0.52147 0.506871 0.637208 0.609802 0.790903 0.786567 1.27032 0.564306 0.775567 0.474761 0.445658 0.408193 0.518757 0.992808 0.742577 0.389102 0.388382 0.415129 0.369168 0.364168 0.403766 0.361076 0.357561 0.349094 0.55858
threshold=40.58729838709678 664.65000000000009 10.500000000000002 8.1328158923143778 47.696310935441382 22.558683293599859 81.050000000000011 7.8166666666666673 591.90000000000009 0.64303661162957659 4.5569444444444445 7.0800327990593486 22.500000000000004 27.344834917340275 247.41111111111113 -1.2086111111111106 193.47500000000002 278.40833333333336 16.503960926797312 0.24257134451309212 13.504098360655741 595.00000000000011 191.50000000000003 105.50000000000001 44.500000000000007 -5.9879472920696299 -0.39702380952380872 46.054316223643163 0.24566416040100253 222.67142857142861
decision_type=2 10 8 2 10 8 8 8 10 10 2 8 2 10 2 2 10 2 10 8 8 10 2 2 2 2 2 2 8 2
left_child=2 6 3 4 16 24 7 -2 12 10 11 -10 14 -14 28 -4 17 21 19 -19 -16 22 23 -1 25 -5 -27 -15 -9 -30
right_child=1 -3 15 5 -6 -7 -8 8 9 -11 -12 -13 13 27 20 -17 -18 18 -20 -21 -22 -23 -24 -25 -26 26 -28 -29 29 -31
leaf_value=-0.084971747472345094 -0.29896788175653766 0.29023906571429964 0.35286076502549713 0.50908597395263899 0.66548590264830376 0.35437850682963795 -0.21189587425070225 -0.019296322850853045 0.80633117621183981 -0.011458630257325596 -0.06648494651939002 0.072888146282265392 0.71671942854703785 0.35188147240215784 -0.012240652005292353 0.037749750117238676 -0.31156627493902833 0.0093035737562245785 -0.4640757883636446 0.76932959737191531 -0.42224866082045137 -0.43969617223001251 -0.51173943990301596 0.17532870322231672 -0.21545051385665318 -0.64039208966461325 0.20975765096200391 -0.16526576976559509 0.061214774647481957 0.8204993282618761
leaf_weight=2069.3514566551894 302.25472510233521 191.98581755161285 19.232185874134302 22.661263540387154 50.099421745166183 70.357110189273953 192.7004554066807 725.99807115830481 120.19211703538895 95.048812389373779 107.63621342182159 177.66915339231491 29.301254685968161 27.197710916399956 90.827488720417023 25.971398469060659 275.03175020217896 84.810520648956299 131.84370803833008 87.857395648956299 99.066232204437256 130.40154904127121 69.652567595243454 79.162862479686737 82.189786307513714 35.711875800043344 21.628505846485496 53.13530819863081 669.08652901090682 22.221624121069908
leaf_count=10344 1095 199 68 90 167 127 357 3798 127 100 113 190 122 102 109 160 286 97 148 103 129 150 138 130 194 156 123 194 3098 46
internal_value=-9.59019e-05 0.000204429 -0.000363778 -0.000414145 -0.000530855 0.00107642 8.45463e-05 0.000198161 0.00037441 0.00129467 0.00187128 0.00266331 0.000105509 0.00217793 -3.71268e-05 0.00314526 -0.000583261 -0.000468818 0.000694539 0.00218595 -0.00144167 -0.000619888 -0.000525737 -0.0004511 0.000135297 0.00156632 0.000202126 0.000627032 0.000151941 0.00063399
internal_weight=6160.28 2904.32 3255.96 3210.76 2978.21 232.549 2712.34 2519.64 2217.38 500.546 405.497 297.861 1716.83 109.634 1607.2 45.2036 2928.11 2653.08 304.512 172.668 189.894 2348.57 2218.17 2148.51 162.191 80.0016 57.3404 80.333 1417.31 691.308
internal_count=22260 9779 12481 12253 11563 690 9580 9223 8128 530 430 317 7598 418 7180 228 11396 11110 348 200 238 10762 10612 10474 563 369 279 296 6942 3144
is_linear=0
shrinkage=0.03


Tree=74
num_leaves=31
num_cat=0
split_feature=43 61 82 43 71 39 82 79 2 1 19 53 36 63 1 75 42 42 40 73 54 75 54 3 49 1 33 12 0 60
split_gain=0.521676 0.516787 0.437245 1.00351 1.10623 0.823734 0.446579 0.428788 0.65093 0.763559 0.598635 0.673628 0.407013 0.45814 0.396442 0.345619 0.343037 0.685571 0.484762 0.471905 0.396881 0.564246 0.394969 0.627478 0.374011 0.34575 0.331719 0.579615 1.13047 0.452254
threshold=0.7504789272030653 695.60000000000002 4.9500000000000011 0.58413528268714732 -0.22734614313561605 16.739820200951879 5.4500000000000011 52.500000000000007 45.833333333333336 44.317255996691493 6.1000000000000005 0.39980329174822143 1.5104166666666667 682.25000000000011 33.956202046035813 171.2416666666667 0.26096575606002315 0.27923354826908131 16.869918699186993 126.50000000000001 233.40000000000003 196.2166666666667 219.83333333333337 37.225000000000009 139.41632806591653 43.183361921097777 1.5634920634920637 38.121428571428581 104.50000000000001 477.85000000000008
decision_type=10 10 2 10 2 8 2 2 8 8 8 10 8 10 8 10 8 8 8 2 2 10 2 10 2 10 8 10 2 8
left_child=1 2 3 5 -5 -1 -4 8 10 -10 11 -7 -8 16 -9 -2 18 25 -14 -19 21 22 26 -24 -22 -18 27 29 -29 -20
right_child=15 -3 6 4 -6 7 12 14 9 -11 -12 -13 13 -15 -16 -17 17 19 20 -21 24 -23 23 -25 -26 -27 -28 28 -30 -31
leaf_value=0.22472586790017202 0.064322382634120032 0.49356248623251758 -0.17489022286770961 1.5242415862865413 -0.085729954458562505 -0.31809799593767646 -0.19677444459978274 0.014146167102498636 0.4316486384185822 0.13025366342761871 -0.44163191543732799 0.90396072540219885 0.18530131274244538 -0.111950732096357 -0.44198003547626724 -0.22941058013624172 0.012919524659269824 0.013162566478703041 0.0098356312416943582 1.0460246032194493 -0.005708291434663006 0.19555524928438262 0.4067690314941616 -0.096561168626357843 -0.51662930924810324 0.41414978142354297 -0.13802682201207275 0.028638214759364615 0.58075593182693752 -0.23560813729863922
leaf_weight=67.976239651441574 58.044006135314703 50 114.57130970060825 49.654675574973226 55.851001899689436 41.511929335072637 375.26324371993542 55.209418796002865 56.007140837609768 100.9594413228333 107.52938402816653 32.487008998170495 41.572390967980027 83.555903613567352 104.9045817181468 180.15796698629856 24.245602922514081 1642.7416760288179 1032.5002607498318 30 147.22882528230548 43.015625 59.502126187086105 82.234817296266556 148.46819958090782 25.022731674835086 788.46951330266893 145.08980543166399 32.925388500094414 324.52596865594387
leaf_count=148 488 50 278 120 125 148 1390 136 130 187 284 84 155 85 248 277 123 6668 6044 30 185 44 87 125 170 77 3085 524 50 568
internal_value=-0.000121624 -6.55852e-05 -9.19489e-05 0.000627084 0.00329883 0.000124633 -0.000186054 -0.00029987 0.000305643 0.00171485 -0.000915607 0.00115207 -0.00014363 -6.68398e-05 -0.00157393 -0.0014949 -2.63273e-05 0.000307773 -0.00022855 0.00020391 -0.000276695 -0.000153897 -0.000213925 0.00131803 -0.0013143 0.00375989 -0.000307903 -5.08593e-05 0.00155374 -0.000262341
internal_weight=6101.23 5863.02 5813.02 672.091 105.506 566.585 5140.93 498.609 338.495 156.967 181.528 73.9989 5026.36 4651.1 160.114 238.202 4567.54 1722.01 2845.53 1672.74 2803.96 2508.26 2465.25 141.737 295.697 49.2683 2323.51 1535.04 178.015 1357.03
internal_count=22113 21348 21298 1610 245 1365 19688 1217 833 317 516 232 19410 18020 384 765 17935 6898 11037 6698 10882 10527 10483 212 355 200 10271 7186 574 6612
is_linear=0
shrinkage=0.03


Tree=75
num_leaves=31
num_cat=0
split_feature=20 54 82 2 4 29 63 48 53 46 18 74 34 32 6 15 23 58 63 63 58 41 72 56 0 52 50 40 24 63
split_gain=0.591602 0.47287 0.62474 0.583112 0.705727 0.668621 0.694731 0.481168 0.723641 0.466068 0.722341 0.675593 0.62491 0.644728 0.553225 0.54161 0.745214 0.835712 0.502269 0.526166 0.495391 0.545398 0.494814 0.95095 0.473626 0.473549 0.625003 0.468704 0.546952 0.468261
threshold=0.95000000000000007 245.96388888888893 6.4500000000000011 88.833333333333357 51.45000000000001 19.091608391608393 451.55000000000007 128.87877800871493 0.39980329174822143 0.30453442806493752 1.5000000000000002 -10.883333333333338 28.309523809523814 8.194138521781694 61.696355455480621 46.279220779220786 24.683333333333337 257.57499999999999 600.75000000000011 550.65000000000009 286.84444444444449 3.6792691061558993 183.83461538461543 159.95738470978435 57.500000000000007 0.26980383612209458 8.0488295562304621 19.7491546748447 12.788888888888891 492.10000000000008
decision_type=10 2 2 10 10 10 8 2 10 10 10 10 10 10 10 10 8 2 10 10 2 10 8 2 2 10 2 8 8 10
left_child=9 2 3 4 5 7 -7 8 -2 14 11 -11 13 25 15 27 17 18 19 -17 21 22 23 -18 -15 -12 -27 28 -1 -23
right_child=1 -3 -4 -5 -6 6 -8 -9 -10 10 12 -13 -14 24 -16 16 20 -19 -20 -21 -22 29 -24 -25 -26 26 -28 -29 -30 -31
leaf_value=-0.44163297998026774 0.73269048344813725 0.28216165553274308 -0.01155649561365839 0.73419071870370356 -0.18617789772607352 0.14871295063012382 1.8705817654455965 -0.085769348049623911 -0.22861787350193666 -0.044991267191113307 -0.17637140143523977 0.5699864686652294 0.25661266926956072 -0.32394342728272946 -0.1651360934706983 0.026563007044750436 -0.14591106698824902 0.2337991703690625 -0.62312623557009084 0.40822582290319886 -0.20776497269000219 -0.3179985371012215 -0.23858153574721724 1.157394628936538 0.018083739374882918 0.080350451831282615 0.43563702564364332 -0.16238108556687175 0.22155195740470843 0.84996552189483277
leaf_weight=29.997508695349097 32.445609049871564 129.45710419118404 1630.7276081461459 50.234224932268262 133.03746403753757 22.725871540606022 25.405295345932245 69.361536147072911 28.300496971234679 33.13473953306675 44.249412938952446 39.073847565799952 59.269419085234404 349.35614344850183 194.09446889162064 209.63198975287378 171.40813130885363 120.09762477874756 37.429913938045502 28.779518067836761 67.905507743358612 31.024428637698293 104.47091754712164 26.335672808811069 196.17613347247243 94.522500121966004 57.189633414149284 2019.8809429537505 47.384817967191339 30.603230912238359
leaf_count=93 165 147 6478 76 332 163 59 171 102 82 273 143 279 991 381 953 717 130 43 36 71 162 139 85 406 581 252 8430 179 43
internal_value=-0.000128919 0.000275795 0.00016113 0.00128761 0.000796619 0.00202602 0.00500973 0.000892447 0.00282017 -0.000344034 0.00026845 0.00312088 7.66162e-06 -0.00023082 -0.00051549 -0.000412161 0.000237462 0.00117599 0.000262927 0.000773057 -0.000623951 -0.000181714 -0.000707663 0.000176554 -0.000760874 0.00124115 0.00203502 -0.000668526 0.00160913 0.00236759
internal_weight=6113.71 2121.7 1992.24 361.51 311.276 178.239 48.1312 130.108 60.7461 3992.02 872.972 72.2086 800.763 741.494 3119.04 2924.95 827.687 395.939 275.841 238.412 431.748 363.842 302.215 197.744 545.532 195.962 151.712 2097.26 77.3823 61.6277
internal_count=22162 7693 7546 1068 992 660 222 438 267 14469 3007 225 2782 2503 11462 11081 2379 1162 1032 989 1217 1146 941 802 1397 1106 833 8702 272 205
is_linear=0
shrinkage=0.03


Tree=76
num_leaves=31
num_cat=0
split_feature=19 73 75 80 81 3 15 38 55 19 1 66 52 71 79 63 63 62 82 72 15 74 73 34 0 34 0 55 73 71
split_gain=0.5097 1.10661 0.734565 0.504614 0.39591 0.403218 0.488986 1.18229 0.423593 0.474113 0.403282 0.533286 0.392307 0.498637 0.471737 0.424318 0.419731 0.516118 0.40374 0.352561 0.317313 0.589491 0.790807 0.355687 0.630443 0.567618 0.854096 0.652454 0.949975 0.360969
threshold=2.1000000000000005 120.50000000000001 197.05000000000004 3.3500000000000001 37.70000000000001 88.90000000000002 71.345238095238116 0.28991596638655465 304.72857142857146 8.2916666666666696 52.748239436619727 2.5000000000000004 0.19682715589495253 -8.933771209633278 84.500000000000014 513.35000000000002 435.85000000000008 480.15000000000003 10.850000000000003 199.75000000000003 16.527777777777782 6.174999999999998 75.500000000000014 24.563492063492067 165.50000000000003 25.309523809523814 64.500000000000014 284.62500000000006 96.500000000000014 -9.3076599326599307
decision_type=8 2 10 2 2 10 10 8 2 10 10 2 10 2 2 8 10 10 2 10 8 10 2 10 2 8 2 2 2 2
left_child=1 2 3 -1 5 6 19 -8 9 10 -9 -12 -5 -14 15 16 -15 -18 -17 20 21 -2 -23 24 29 26 -25 28 -27 -22
right_child=4 -3 -4 12 -6 -7 7 8 -10 -11 11 -13 13 14 -16 18 17 -19 -20 -21 23 22 -24 25 -26 27 -28 -29 -30 -31
leaf_value=0.59580338080622186 -0.42172688685774429 1.0973231483211803 1.307045855492007 -0.55350368618626578 -0.47284715306256914 -0.42271852557952 0.2920603648050944 -0.35899632060718778 0.58862548122868286 0.093236476806505098 -0.34268341850866729 0.58050935547666449 0.58000379071905073 -0.13664631466258129 0.72000574044707066 -0.037420175510979731 0.056568196304993705 0.37595962820959045 -0.31757569822482451 -0.16738742808004103 0.28883259252719906 -0.35065156064503394 0.93181573334442314 0.19698046851114823 -0.32217350152618462 0.010688364226346038 -0.053304445186323476 -0.078492383711950275 0.35076302099637019 -0.020261704678073186
leaf_weight=29.774801217019558 304.01977603137493 27.730705678462982 30 56.7673663161695 69.796759596094489 123.96819989942014 38.617324095219374 140.70463864132762 56.143304646015167 67.699223261326551 37.73484094068408 33.100622510537505 55.486518073827028 192.21845776215196 32.50057234428823 140.05304089933634 209.98540649749339 50.647057682275772 80.814515739679337 109.63469810411334 112.12770752049983 31.5305897872895 24.353697568178177 26.881200898438692 195.5464678555727 614.72737685590982 25.845458917319775 123.39841651916504 45.625898957252502 3064.0247706566006
leaf_count=143 1210 30 30 260 220 238 79 349 58 190 139 88 186 1341 89 168 854 85 97 166 446 303 40 138 405 2928 72 130 68 11612
internal_value=-0.000164073 0.000492654 0.000302768 0.000136836 -0.000277572 -0.000247042 -0.000205356 0.000837081 0.000257348 -0.000223469 -0.000923008 0.000914537 -4.9584e-06 0.000175584 -4.12969e-05 -0.000213764 0.000312207 0.00109478 -0.00128872 -0.000288864 -0.000248278 -0.00110202 0.00170792 -0.000175017 -0.000312387 0.00037841 0.00336152 0.000173694 0.000548408 -0.000210285
internal_weight=6151.46 905.978 878.248 848.248 5245.48 5175.68 5051.72 374 335.383 279.239 211.54 70.8355 818.473 761.706 706.219 673.718 452.851 260.632 220.868 4677.72 4568.08 359.904 55.8843 4208.18 3371.7 836.478 52.7267 783.752 660.353 3176.15
internal_count=22162 3283 3253 3223 18879 18659 18421 903 824 766 576 227 3080 2820 2634 2545 2280 939 265 17518 17352 1553 343 15799 12463 3336 210 3126 2996 12058
is_linear=0
shrinkage=0.03


Tree=77
num_leaves=31
num_cat=0
split_feature=42 4 28 54 2 62 80 54 27 61 61 62 89 14 61 28 13 54 62 40 89 40 8 67 69 7 54 55 55 34
split_gain=0.389363 0.461498 0.48411 1.22139 0.569303 0.765181 0.500159 0.481149 0.46344 0.461398 0.476813 0.460444 1.42245 1.34413 0.458651 0.440982 0.41313 0.392155 1.13697 0.506078 0.587462 0.633834 0.43854 0.665599 0.997903 0.689029 0.432305 0.4136 0.579073 0.432948
threshold=0.24566416040100253 90.850000000000009 36.244344365312109 231.2166666666667 91.500000000000014 584.95000000000016 25.550000000000004 176.10714285714289 173.9239402854964 674.60000000000002 641.6500000000002 484.95000000000005 2024.5000000000002 1.0000000180025095e-35 695.60000000000002 38.029040404040408 8.7083333333333339 170.16805555555558 567.75000000000011 35.415118870728094 2024.5000000000002 35.655166902598303 139.50000000000003 49.202067669172941 5.5000000000000009 40.54503668086295 193.65000000000003 297.90416666666675 284.62500000000006 28.267857142857146
decision_type=8 10 10 2 10 10 2 2 10 10 10 10 2 2 10 10 10 2 10 10 2 10 10 2 2 10 2 2 2 10
left_child=14 2 6 4 5 7 8 15 9 10 11 12 -2 -13 16 -4 17 18 19 -1 21 -21 23 25 26 27 -25 28 29 -19
right_child=1 -3 3 -5 -6 -7 -8 -9 -10 -11 -12 13 -14 -15 -16 -17 -18 22 -20 20 -22 -23 -24 24 -26 -27 -28 -29 -30 -31
leaf_value=-0.11478667941511403 0.024911093055352749 -0.36930366346709809 0.8736145871691734 1.2390550731469094 -0.31149241110467213 1.4798195204603171 -0.12661204244607249 -0.40318805664111607 -0.19262840017906568 -0.47894081091111756 0.41524799075434782 0.34614995642929358 0.59878930761672444 -0.21702549537734342 0.22771018949372746 0.20751140294413231 -0.40529718256042868 -0.20209308307171625 0.69167495074430818 0.52645110823860164 0.5210824077703311 0.0059862531971117501 -0.16214875221793795 0.38566814752368178 0.83845268746173784 0.44337824138213439 -0.14325010046532699 -0.21889468952193467 0.06057750100722202 0.044456574287210116
leaf_weight=1134.4704400915653 912.4684396032244 78.123984050005674 36.893501741811633 32.537625461816788 52.974463645368814 30.318106710910797 156.52686852216721 50.652644868940115 58.334272179752588 37.968502581119537 167.11250752210617 71.457292251288891 46.034629940986633 403.48597682267427 34 119.64694746769965 119.88577243685722 725.92025883868337 135.59053355455399 30.657247699797153 27.223614454269409 571.5601472761482 312.52103682979941 44.911629674956203 69.833436872810125 43.553606107831001 89.369076585397124 187.81101548671722 145.859827876091 134.87597605958581
leaf_count=5407 5600 115 154 40 112 33 430 169 111 39 187 108 58 576 34 599 478 2031 149 133 33 3632 473 166 159 81 160 194 157 434
internal_value=-0.000148287 0.000164126 0.00024584 0.00131568 0.00068734 0.0013149 5.87704e-05 0.000650925 0.000208771 0.000302914 0.000381217 0.000203798 0.000582091 -0.000559272 -0.000333244 0.00147204 -0.000364854 -0.000307681 -8.93382e-06 -0.000213007 0.000468718 0.000270004 -0.0006309 -0.000409496 0.00117395 -0.000671298 -0.000343369 -0.000807327 -0.000564996 -0.000861259
internal_weight=6062.58 2254.54 2176.41 323.023 290.486 237.511 1853.39 207.193 1696.86 1638.53 1600.56 1433.45 958.503 474.943 3808.04 156.54 3774.04 3654.16 1899.5 1763.91 629.441 602.217 1754.66 1442.13 204.114 1238.02 134.281 1194.47 1006.66 860.796
internal_count=22052 8331 8216 1107 1067 955 7109 922 6679 6568 6529 6342 5658 684 13721 753 13687 13209 9354 9205 3798 3765 3855 3382 485 2897 326 2816 2622 2465
is_linear=0
shrinkage=0.03


Tree=78
num_leaves=31
num_cat=0
split_feature=15 18 79 13 20 42 62 42 74 51 73 82 22 38 22 27 49 13 23 37 68 63 74 47 73 54 31 70 61 82
split_gain=0.353201 0.306283 0.335156 0.297049 0.353755 0.491431 0.567797 0.490675 0.722813 0.33214 0.36738 0.673346 0.546422 0.562941 0.735239 0.479134 0.897724 0.609632 0.921101 0.856586 0.505288 0.395927 0.372863 0.351307 0.878569 0.326642 1.00378 0.306015 0.30595 0.434836
threshold=14.775000000000002 2.5000000000000004 55.500000000000007 10.211111111111112 0.95000000000000007 0.12778327560613559 477.85000000000008 0.10351696661629346 -3.8666666666666596 5.3420219606663411 54.500000000000007 4.6500000000000012 154.41676670668269 0.89494906621392201 134.02633702166898 138.35351725136675 165.35480787887738 3.5777777777777779 44.81666666666667 16.142857142857146 -0.41666666666666691 606.4000000000002 -20.734523809523804 0.95000000000000007 24.500000000000004 85.341666666666683 2.7403316255465526 51.324117935183672 633.55000000000007 3.5500000000000003
decision_type=8 10 2 10 10 10 8 10 8 2 2 2 8 10 10 10 2 10 10 8 2 10 8 10 2 2 10 2 10 2
left_child=1 2 -1 4 5 7 -7 25 -9 -6 12 -12 13 23 -15 21 17 20 19 -19 -17 27 -14 28 -25 26 -2 -13 29 -11
right_child=3 -3 -4 -5 9 6 -8 8 -10 10 11 15 22 14 -16 16 -18 18 -20 -21 -22 -23 -24 24 -26 -27 -28 -29 -30 -31
leaf_value=-0.38448467915449452 0.62760314523636751 -0.36462562982190133 0.67700130589815055 -0.45536893665335537 -0.1780147796629715 -0.049213108669500509 -0.22646000892653984 0.36465288368955973 -0.12314858125778329 0.58092482329152217 0.73148624584919497 -0.14553438168909963 0.4130273870394563 -0.078355065129016729 1.3233435317186975 0.28245121616689961 -0.081773282460893881 0.20118259205161321 -0.083959536691358444 0.96444189773844768 -0.12240224495862108 0.15943269908760782 -0.23449959187987401 1.175244646240418 -0.54487882539166788 -0.01809982739179361 -0.50632914380896821 0.075077348479589287 -0.73137170174879473 -0.0082204580385743502
leaf_weight=36.505249155685306 18.47686992585659 271.43358271941543 30.422615705057979 111.72982990555465 40.552291817963123 284.55958781018853 197.80003263056278 35.154721928760409 34.23429418541491 27.452251235023141 61.402696862816811 280.43208261579275 51.614726036787033 14.470340497791769 11.036955840885637 53.938487514853477 141.51710477471352 65.813190922141075 57.464049436151981 76.637483149766922 105.74939331412315 60.667710840702057 239.71607604064047 21.634494265541434 17.371871702373028 3099.3737544137985 21.279070457443595 46.230532877147198 43.905507743358612 541.39792125299573
leaf_count=179 184 1152 124 470 154 1788 286 120 134 134 96 724 75 160 82 101 215 123 98 126 186 65 738 158 99 10589 87 119 47 3563
internal_value=-0.000191853 -0.00113241 0.000677356 -0.00013643 -0.000105986 -0.000278904 -0.00117068 -0.000144514 0.00233274 0.000219779 0.000277116 0.000696023 -0.000133977 0.000333476 0.0046192 0.00048386 0.00109547 0.00189055 0.00299049 0.00427616 0.000503474 -0.00030821 -0.00121811 0.000158931 0.00288268 -0.000199998 0.0024685 -0.000722509 -1.88699e-05 0.000169034
internal_weight=6099.97 338.361 66.9279 5761.61 5649.88 3690.88 482.36 3208.52 69.389 1959.01 1918.45 949.853 968.6 677.269 25.5073 888.45 501.12 359.603 199.915 142.451 159.688 387.33 291.331 651.762 39.0064 3139.13 39.7559 326.663 612.756 568.85
internal_count=22176 1455 303 20721 20251 13188 2074 11114 254 7063 6909 1853 5056 4243 242 1757 849 634 347 249 287 908 813 4001 257 10860 271 843 3744 3697
is_linear=0
shrinkage=0.03


end of trees

feature_importances:
opp_attack=79
opp_scored_10=75
opp_conceded_10=68
opp_batting=55
wind=54
league_par_60=52
venue_par_20=51
venue_matches=51
season_mean=50
bowl_death_share_10=50
team_scored_10=49
team_conceded_10=49
home_share=48
bat_pp_share_10=46
bat_pos_5=45
opp_spin_share=45
team_bat_depth_excl=45
mean_all=44
mean_3=44
ewm_5=44
opp_lift=43
avg_10=40
bpi_car=39
bpi_10=38
mean_20=37
sd_10=34
batting_10=34
bat_pos_last=32
venue_mean_shrunk=32
year=32
venue_par_rel=31
venue_n=29
mean_5=28
bsr_10=28
venue_lift=28
sr_10=27
bsr_car=27
six_rate_car=26
avg_car=25
bat_mid_share_10=25
bowl_pp_share_10=25
dew_point=25
econ_car=24
n_prev=23
bat_death_share_10=23
econ_v_L=23
opp_left_share=23
opp_n=23
mean_10=22
opp_mean_shrunk=22
fielding_10=21
sr_v_pace=21
temp=21
max_10=20
bdry_pct_car=20
match_number=20
econ_10=19
dot_pct_car=19
bdry_pct_10=18
overs_pm_10=18
dot_pct_10=17
econ_v_R=17
rank_in_team=16
dew_spread=16
humidity=15
six_rate_10=14
days_rest=12
batted_rate_10=12
sr_car=12
sr_v_spin=11
field_dis_10=10
exp_sr_matchup=9
team_rest=9
p50plus_10=8
season_n=8
seasons_played=8
wpm_car=8
overs_pm_car=8
exp_econ_matchup=8
won_toss=8
wpm_10=7
bats_first=7
bowled_rate_10=5
bowling_10=4
left_hand=4
plow_10=3
role_code=2
night=1
bowl_grp_code=1
impact_era=1

parameters:
[boosting: gbdt]
[objective: quantile]
[metric: quantile]
[tree_learner: serial]
[device_type: cpu]
[data_sample_strategy: bagging]
[data: ]
[valid: ]
[num_iterations: 79]
[learning_rate: 0.03]
[num_leaves: 31]
[num_threads: 4]
[seed: 11]
[deterministic: 0]
[force_col_wise: 0]
[force_row_wise: 0]
[histogram_pool_size: -1]
[max_depth: -1]
[min_data_in_leaf: 100]
[min_sum_hessian_in_leaf: 0.001]
[bagging_fraction: 0.8]
[pos_bagging_fraction: 1]
[neg_bagging_fraction: 1]
[bagging_freq: 1]
[bagging_seed: 27648]
[bagging_by_query: 0]
[feature_fraction: 0.8]
[feature_fraction_bynode: 1]
[feature_fraction_seed: 4989]
[extra_trees: 0]
[extra_seed: 22223]
[early_stopping_round: 0]
[early_stopping_min_delta: 0]
[first_metric_only: 0]
[max_delta_step: 0]
[lambda_l1: 0]
[lambda_l2: 1]
[linear_lambda: 0]
[min_gain_to_split: 0]
[drop_rate: 0.1]
[max_drop: 50]
[skip_drop: 0.5]
[xgboost_dart_mode: 0]
[uniform_drop: 0]
[drop_seed: 21136]
[top_rate: 0.2]
[other_rate: 0.1]
[min_data_per_group: 100]
[max_cat_threshold: 32]
[cat_l2: 10]
[cat_smooth: 10]
[max_cat_to_onehot: 4]
[top_k: 20]
[monotone_constraints: ]
[monotone_constraints_method: basic]
[monotone_penalty: 0]
[feature_contri: ]
[forcedsplits_filename: ]
[refit_decay_rate: 0.9]
[cegb_tradeoff: 1]
[cegb_penalty_split: 0]
[cegb_penalty_feature_lazy: ]
[cegb_penalty_feature_coupled: ]
[path_smooth: 0]
[interaction_constraints: ]
[verbosity: -1]
[saved_feature_importance_type: 0]
[use_quantized_grad: 0]
[num_grad_quant_bins: 4]
[quant_train_renew_leaf: 0]
[stochastic_rounding: 1]
[linear_tree: 0]
[max_bin: 255]
[max_bin_by_feature: ]
[min_data_in_bin: 3]
[bin_construct_sample_cnt: 200000]
[data_random_seed: 74]
[is_enable_sparse: 1]
[enable_bundle: 1]
[use_missing: 1]
[zero_as_missing: 0]
[feature_pre_filter: 1]
[pre_partition: 0]
[two_round: 0]
[header: 0]
[label_column: ]
[weight_column: ]
[group_column: ]
[ignore_column: ]
[categorical_feature: ]
[forcedbins_filename: ]
[precise_float_parser: 0]
[parser_config_file: ]
[objective_seed: 24011]
[num_class: 1]
[is_unbalance: 0]
[scale_pos_weight: 1]
[sigmoid: 1]
[boost_from_average: 1]
[reg_sqrt: 0]
[alpha: 0.9]
[fair_c: 1]
[poisson_max_delta_step: 0.7]
[tweedie_variance_power: 1.5]
[lambdarank_truncation_level: 30]
[lambdarank_norm: 1]
[label_gain: ]
[lambdarank_position_bias_regularization: 0]
[eval_at: ]
[multi_error_top_k: 1]
[auc_mu_weights: ]
[num_machines: 1]
[local_listen_port: 12400]
[time_out: 120]
[machine_list_filename: ]
[machines: ]
[gpu_platform_id: -1]
[gpu_device_id: -1]
[gpu_device_id_list: ]
[gpu_use_dp: 0]
[num_gpu: 1]

end of parameters

pandas_categorical:[]
